#
# There is insufficient memory for the Java Runtime Environment to continue.
# Native memory allocation (mmap) failed to map 1258291200 bytes. Error detail: G1 virtual space
# Possible reasons:
#   The system is out of physical RAM or swap space
#   This process is running with CompressedOops enabled, and the Java Heap may be blocking the growth of the native heap
# Possible solutions:
#   Reduce memory load on the system
#   Increase physical memory or swap space
#   Check if swap backing store is full
#   Decrease Java heap size (-Xmx/-Xms)
#   Decrease number of Java threads
#   Decrease Java thread stack sizes (-Xss)
#   Set larger code cache with -XX:ReservedCodeCacheSize=
#   JVM is running with Zero Based Compressed Oops mode in which the Java heap is
#     placed in the first 32GB address space. The Java Heap base address is the
#     maximum limit for the native heap growth. Please use -XX:HeapBaseMinAddress
#     to set the Java Heap base and to place the Java Heap above 32GB virtual address.
# This output file may be truncated or incomplete.
#
#  Out of Memory Error (os_windows.cpp:3583), pid=2480, tid=34628
#
# JRE version: Java(TM) SE Runtime Environment (26.0.1+8) (build 26.0.1+8-34)
# Java VM: Java HotSpot(TM) 64-Bit Server VM (26.0.1+8-34, mixed mode, sharing, tiered, compressed oops, compressed class ptrs, g1 gc, windows-amd64)
# No core dump will be written. Minidumps are not enabled by default on client versions of Windows
#

---------------  S U M M A R Y ------------

Command Line: --add-opens=java.base/java.lang=ALL-UNNAMED --add-opens=java.base/java.lang.invoke=ALL-UNNAMED --add-opens=java.base/java.util=ALL-UNNAMED --add-opens=java.prefs/java.util.prefs=ALL-UNNAMED --add-exports=jdk.compiler/com.sun.tools.javac.api=ALL-UNNAMED --add-exports=jdk.compiler/com.sun.tools.javac.util=ALL-UNNAMED --add-opens=java.base/java.util=ALL-UNNAMED --add-opens=java.prefs/java.util.prefs=ALL-UNNAMED --add-opens=java.base/java.nio.charset=ALL-UNNAMED --add-opens=java.base/java.net=ALL-UNNAMED --add-opens=java.base/java.util.concurrent=ALL-UNNAMED --add-opens=java.base/java.util.concurrent.atomic=ALL-UNNAMED --add-opens=java.xml/javax.xml.namespace=ALL-UNNAMED --add-opens=java.base/java.time=ALL-UNNAMED --enable-native-access=ALL-UNNAMED -XX:MaxMetaspaceSize=4G -XX:ReservedCodeCacheSize=512m -XX:+HeapDumpOnOutOfMemoryError -Xmx8G -Dfile.encoding=UTF-8 -Duser.country=IN -Duser.language=en -Duser.variant -javaagent:C:\Users\Asus\.gradle\wrapper\dists\gradle-9.1.0-all\7wzd0jkjit61aq2p43wpjgij9\gradle-9.1.0\lib\agents\gradle-instrumentation-agent-9.1.0.jar org.gradle.launcher.daemon.bootstrap.GradleDaemon 9.1.0

Host: AMD Ryzen 7 4800H with Radeon Graphics         , 16 cores, 7G,  Windows 11 , 64 bit Build 26100 (10.0.26100.8521)
Time: Tue Jul 14 09:25:36 2026 India Standard Time elapsed time: 127.763254 seconds (0d 0h 2m 7s)

---------------  T H R E A D  ---------------

Current thread (0x00000208fb3c76c0):  VMThread "VM Thread"          [id=34628, stack(0x0000009056e00000,0x0000009056f00000) (1024K)]

Stack: [0x0000009056e00000,0x0000009056f00000]
Native frames: (J=compiled Java code, j=interpreted, Vv=VM code, C=native code)
V  [jvm.dll+0x7d5879]  (no source info available)
V  [jvm.dll+0x7a37dd]  (no source info available)
V  [jvm.dll+0x9b0c10]  (no source info available)
V  [jvm.dll+0x9b3061]  (no source info available)
V  [jvm.dll+0x9b3773]  (no source info available)
V  [jvm.dll+0x30df76]  (no source info available)
V  [jvm.dll+0x7d4d45]  (no source info available)
V  [jvm.dll+0x7c7f07]  (no source info available)
V  [jvm.dll+0x4087e8]  (no source info available)
V  [jvm.dll+0x410b56]  (no source info available)
V  [jvm.dll+0x3fcef4]  (no source info available)
V  [jvm.dll+0x3fd1e5]  (no source info available)
V  [jvm.dll+0x3d3b6f]  (no source info available)
V  [jvm.dll+0x3d6ddc]  (no source info available)
V  [jvm.dll+0x4223ec]  (no source info available)
V  [jvm.dll+0x420d33]  (no source info available)
V  [jvm.dll+0x3d3308]  (no source info available)
V  [jvm.dll+0x4200f3]  (no source info available)
V  [jvm.dll+0x9b9c21]  (no source info available)
V  [jvm.dll+0x9babeb]  (no source info available)
V  [jvm.dll+0x9bb0fc]  (no source info available)
V  [jvm.dll+0x9bb579]  (no source info available)
V  [jvm.dll+0x9bb823]  (no source info available)
V  [jvm.dll+0x94f649]  (no source info available)
V  [jvm.dll+0x7d7358]  (no source info available)
C  [ucrtbase.dll+0x2cd30]  (no source info available)
C  [KERNEL32.DLL+0x2e957]  (no source info available)
C  [ntdll.dll+0x87c1c]  (no source info available)

VM_Operation (0x0000009064bfc798): G1CollectForAllocation, mode: safepoint, requested by thread 0x00000208a8aa6590


---------------  P R O C E S S  ---------------

Threads class SMR info:
_java_thread_list=0x00000208869ca070, length=210, elements={
0x00000208c4157480, 0x00000208fb3d7dc0, 0x00000208fb3d86c0, 0x00000208fb3dbdf0,
0x00000208fb3ddae0, 0x00000208fb3e06a0, 0x00000208fb3e1250, 0x00000208fb3e6150,
0x00000208fb3ed5d0, 0x000002088423ed50, 0x00000208842a6130, 0x0000020885045070,
0x0000020884e2c860, 0x0000020885c7a5d0, 0x0000020885c7f3d0, 0x00000208843a12c0,
0x00000208843a2260, 0x00000208843a1a90, 0x0000020884f68010, 0x0000020884f6be90,
0x0000020884f6aef0, 0x0000020884f6ce30, 0x0000020884590b50, 0x0000020884591320,
0x00000208845951a0, 0x00000208845922c0, 0x00000208845970e0, 0x000002088439c4a0,
0x0000020887e6adf0, 0x0000020887e6bd90, 0x0000020887e6c560, 0x0000020887e6d500,
0x00000208851e5d50, 0x00000208851e6520, 0x00000208851e5580, 0x00000208851e3640,
0x00000208851e8460, 0x00000208851e8c30, 0x00000208845949d0, 0x0000020888dc4180,
0x0000020888dc2240, 0x0000020888dc12a0, 0x0000020888dc31e0, 0x0000020888dc8000,
0x0000020888dc6890, 0x0000020888dc4950, 0x0000020888dc7060, 0x00000208878113c0,
0x0000020887813ad0, 0x00000208878161e0, 0x00000208878169b0, 0x0000020887817950,
0x0000020887815240, 0x0000020887815a10, 0x00000208851e6cf0, 0x00000208884a2400,
0x00000208884a33a0, 0x00000208884a2bd0, 0x00000208884a5ab0, 0x00000208884a7220,
0x00000208884a81c0, 0x00000208884a4b10, 0x00000208884a52e0, 0x0000020887c7bb10,
0x0000020887c7cab0, 0x0000020887c7da50, 0x00000208885b9be0, 0x00000208885b9410,
0x00000208885ba3b0, 0x00000208885b74d0, 0x00000208885bb350, 0x00000208885bda60,
0x00000208885bea00, 0x00000208885be230, 0x00000208885bbb20, 0x00000208885bc2f0,
0x00000208885c1110, 0x00000208885c20b0, 0x00000208885c3820, 0x00000208885c0940,
0x00000208885c4f90, 0x00000208885c5f30, 0x0000020888995250, 0x0000020888995a20,
0x00000208889969c0, 0x00000208889942b0, 0x000002088899b010, 0x000002088899b7e0,
0x000002088899a070, 0x00000208889990d0, 0x00000208889998a0, 0x0000020888d48bf0,
0x0000020888d4ca70, 0x0000020888d49b90, 0x0000020888d4a360, 0x0000020888d508f0,
0x00000208a5f14600, 0x00000208a5f16d10, 0x00000208a5f17cb0, 0x00000208a5f14dd0,
0x00000208a5f19bf0, 0x00000208a5f18480, 0x00000208a5f18c50, 0x00000208a5f1b360,
0x00000208a5f19420, 0x00000208a8c0f230, 0x00000208a8c0fa00, 0x00000208a8c14820,
0x00000208a8c14ff0, 0x00000208a8c128e0, 0x00000208a8c12110, 0x00000208a8c130b0,
0x00000208a8c16760, 0x00000208a8c17700, 0x00000208a8c1b580, 0x00000208a8c1a5e0,
0x00000208a8c1bd50, 0x00000208a8c1c520, 0x00000208a8c1ccf0, 0x00000208a8c19e10,
0x00000208a8c1e460, 0x00000208a8c20b70, 0x00000208a8c249f0, 0x00000208a8c21b10,
0x00000208a8c25990, 0x00000208a8c23a50, 0x00000208a8c26930, 0x00000208a8c26160,
0x00000208a8c280a0, 0x00000208a8c29040, 0x00000208a8c28870, 0x00000208a8c29fe0,
0x00000208a8c27100, 0x00000208a8c2af80, 0x00000208a8c2c6f0, 0x00000208a612f0c0,
0x00000208a6130060, 0x00000208a612e8f0, 0x00000208a6132770, 0x00000208a61317d0,
0x00000208a6132f40, 0x00000208a6137d60, 0x00000208a6135650, 0x00000208a61346b0,
0x00000208a6138d00, 0x00000208a61394d0, 0x00000208a61365f0, 0x00000208a613b410,
0x00000208a613ac40, 0x00000208a613e2f0, 0x00000208a613db20, 0x00000208a613eac0,
0x00000208a6142170, 0x00000208a6140230, 0x00000208a6143110, 0x00000208a613fa60,
0x00000208a61438e0, 0x00000208a61411d0, 0x00000208a6146f90, 0x00000208a61467c0,
0x00000208a6148ed0, 0x00000208a614a640, 0x00000208a6147760, 0x00000208a614bdb0,
0x00000208a614cd50, 0x00000208a8aeb9f0, 0x00000208a8aec990, 0x00000208a8aef0a0,
0x00000208a8aec1c0, 0x00000208a8aed930, 0x00000208a8af0810, 0x00000208a8af17b0,
0x00000208a8af1f80, 0x00000208a8af2750, 0x00000208a8af6da0, 0x00000208a8af65d0,
0x00000208a8af5630, 0x00000208a8af36f0, 0x00000208a8af8ce0, 0x00000208a8af7d40,
0x00000208a8afbbc0, 0x00000208a8af8510, 0x00000208a8afcb60, 0x00000208a8afe2d0,
0x00000208a8b009e0, 0x00000208a8b011b0, 0x00000208a8b02150, 0x00000208a8affa40,
0x00000208a8aff270, 0x00000208a8b030f0, 0x00000208a8b06f70, 0x00000208a8b07740,
0x00000208a8b07f10, 0x00000208a8b04860, 0x00000208a8b05030, 0x00000208a8b0adf0,
0x00000208a6149e70, 0x0000020888d566b0, 0x00000208a8aa07d0, 0x00000208a8aa0fa0,
0x00000208a8aa1f40, 0x00000208a8a9f060, 0x00000208a8aa36b0, 0x00000208a8aa4650,
0x00000208a8aa7530, 0x00000208a8aa4e20, 0x00000208a8aa8ca0, 0x00000208a8aa6d60,
0x00000208a8aa5dc0, 0x00000208a8aa6590
}

Java Threads: ( => current thread )
  0x00000208c4157480 JavaThread "main"                              [_thread_blocked, id=14108, stack(0x0000009056600000,0x0000009056700000) (1024K)]
  0x00000208fb3d7dc0 JavaThread "Reference Handler"          daemon [_thread_blocked, id=35192, stack(0x0000009056f00000,0x0000009057000000) (1024K)]
  0x00000208fb3d86c0 JavaThread "Finalizer"                  daemon [_thread_blocked, id=5288, stack(0x0000009057000000,0x0000009057100000) (1024K)]
  0x00000208fb3dbdf0 JavaThread "Signal Dispatcher"          daemon [_thread_blocked, id=6256, stack(0x0000009057100000,0x0000009057200000) (1024K)]
  0x00000208fb3ddae0 JavaThread "Attach Listener"            daemon [_thread_blocked, id=37196, stack(0x0000009057200000,0x0000009057300000) (1024K)]
  0x00000208fb3e06a0 JavaThread "Service Thread"             daemon [_thread_blocked, id=3284, stack(0x0000009057300000,0x0000009057400000) (1024K)]
  0x00000208fb3e1250 JavaThread "Monitor Deflation Thread"   daemon [_thread_blocked, id=6112, stack(0x0000009057400000,0x0000009057500000) (1024K)]
  0x00000208fb3e6150 JavaThread "C2 CompilerThread0"         daemon [_thread_blocked, id=23752, stack(0x0000009057500000,0x0000009057600000) (1024K)]
  0x00000208fb3ed5d0 JavaThread "C1 CompilerThread0"         daemon [_thread_blocked, id=37996, stack(0x0000009057600000,0x0000009057700000) (1024K)]
  0x000002088423ed50 JavaThread "Common-Cleaner"             daemon [_thread_blocked, id=33280, stack(0x0000009057900000,0x0000009057a00000) (1024K)]
  0x00000208842a6130 JavaThread "Notification Thread"        daemon [_thread_blocked, id=38224, stack(0x0000009057800000,0x0000009057900000) (1024K)]
  0x0000020885045070 JavaThread "Daemon health stats"               [_thread_blocked, id=18640, stack(0x0000009057f00000,0x0000009058000000) (1024K)]
  0x0000020884e2c860 JavaThread "Incoming local TCP Connector on port 56653"        [_thread_in_native, id=33124, stack(0x0000009058200000,0x0000009058300000) (1024K)]
  0x0000020885c7a5d0 JavaThread "InnocuousThread-1"          daemon [_thread_blocked, id=23696, stack(0x0000009058400000,0x0000009058500000) (1024K)]
  0x0000020885c7f3d0 JavaThread "Daemon periodic checks"            [_thread_blocked, id=36928, stack(0x0000009058500000,0x0000009058600000) (1024K)]
  0x00000208843a12c0 JavaThread "Daemon"                            [_thread_blocked, id=38228, stack(0x0000009058600000,0x0000009058700000) (1024K)]
  0x00000208843a2260 JavaThread "Handler for socket connection from /127.0.0.1:56653 to /127.0.0.1:56654"        [_thread_in_native, id=19832, stack(0x0000009058700000,0x0000009058800000) (1024K)]
  0x00000208843a1a90 JavaThread "Cancel handler"                    [_thread_blocked, id=29516, stack(0x0000009058800000,0x0000009058900000) (1024K)]
  0x0000020884f68010 JavaThread "Daemon worker"                     [_thread_blocked, id=39160, stack(0x0000009058900000,0x0000009058a00000) (1024K)]
  0x0000020884f6be90 JavaThread "Asynchronous log dispatcher for DefaultDaemonConnection: socket connection from /127.0.0.1:56653 to /127.0.0.1:56654"        [_thread_blocked, id=5844, stack(0x0000009058a00000,0x0000009058b00000) (1024K)]
  0x0000020884f6aef0 JavaThread "Stdin handler"                     [_thread_blocked, id=28772, stack(0x0000009058c00000,0x0000009058d00000) (1024K)]
  0x0000020884f6ce30 JavaThread "Daemon client event forwarder"        [_thread_blocked, id=39752, stack(0x0000009058d00000,0x0000009058e00000) (1024K)]
  0x0000020884590b50 JavaThread "Cache worker for journal cache (C:\Users\Asus\.gradle\caches\journal-1)"        [_thread_blocked, id=19512, stack(0x0000009059400000,0x0000009059500000) (1024K)]
  0x0000020884591320 JavaThread "File lock request listener"        [_thread_blocked, id=34604, stack(0x0000009059500000,0x0000009059600000) (1024K)]
  0x00000208845951a0 JavaThread "Cache worker for file hash cache (C:\Users\Asus\.gradle\caches\9.1.0\fileHashes)"        [_thread_blocked, id=38412, stack(0x0000009059700000,0x0000009059800000) (1024K)]
  0x00000208845922c0 JavaThread "Cache worker for file hash cache (C:\Users\Asus\Desktop\dash\apps\mobile\android\.gradle\9.1.0\fileHashes)"        [_thread_blocked, id=41648, stack(0x0000009059600000,0x0000009059700000) (1024K)]
  0x00000208845970e0 JavaThread "Cache worker for Build Output Cleanup Cache (C:\Users\Asus\Desktop\dash\apps\mobile\android\.gradle\buildOutputCleanup)"        [_thread_blocked, id=18464, stack(0x0000009059800000,0x0000009059900000) (1024K)]
  0x000002088439c4a0 JavaThread "File watcher server"        daemon [_thread_in_native, id=28488, stack(0x0000009059a00000,0x0000009059b00000) (1024K)]
  0x0000020887e6adf0 JavaThread "File watcher consumer"      daemon [_thread_blocked, id=29168, stack(0x0000009059b00000,0x0000009059c00000) (1024K)]
  0x0000020887e6bd90 JavaThread "jar transforms"                    [_thread_blocked, id=29644, stack(0x0000009059c00000,0x0000009059d00000) (1024K)]
  0x0000020887e6c560 JavaThread "jar transforms Thread 2"           [_thread_blocked, id=25420, stack(0x0000009059d00000,0x0000009059e00000) (1024K)]
  0x0000020887e6d500 JavaThread "jar transforms Thread 3"           [_thread_blocked, id=5556, stack(0x0000009059e00000,0x0000009059f00000) (1024K)]
  0x00000208851e5d50 JavaThread "Cache worker for checksums cache (C:\Users\Asus\Desktop\dash\apps\mobile\android\.gradle\9.1.0\checksums)"        [_thread_blocked, id=17904, stack(0x0000009059f00000,0x000000905a000000) (1024K)]
  0x00000208851e6520 JavaThread "Cache worker for file content cache (C:\Users\Asus\.gradle\caches\9.1.0\fileContent)"        [_thread_blocked, id=5456, stack(0x0000009059900000,0x0000009059a00000) (1024K)]
  0x00000208851e5580 JavaThread "Cache worker for cache directory md-supplier (C:\Users\Asus\.gradle\caches\9.1.0\md-supplier)"        [_thread_blocked, id=23020, stack(0x000000905a000000,0x000000905a100000) (1024K)]
  0x00000208851e3640 JavaThread "Cache worker for cache directory md-rule (C:\Users\Asus\.gradle\caches\9.1.0\md-rule)"        [_thread_blocked, id=17424, stack(0x000000905a200000,0x000000905a300000) (1024K)]
  0x00000208851e8460 JavaThread "jar transforms Thread 4"           [_thread_blocked, id=24404, stack(0x000000905a300000,0x000000905a400000) (1024K)]
  0x00000208851e8c30 JavaThread "jar transforms Thread 5"           [_thread_blocked, id=14892, stack(0x000000905a400000,0x000000905a500000) (1024K)]
  0x00000208845949d0 JavaThread "jar transforms Thread 6"           [_thread_blocked, id=35236, stack(0x000000905a100000,0x000000905a200000) (1024K)]
  0x0000020888dc4180 JavaThread "jar transforms Thread 7"           [_thread_blocked, id=36232, stack(0x000000905a500000,0x000000905a600000) (1024K)]
  0x0000020888dc2240 JavaThread "jar transforms Thread 8"           [_thread_blocked, id=8188, stack(0x000000905a600000,0x000000905a700000) (1024K)]
  0x0000020888dc12a0 JavaThread "jar transforms Thread 9"           [_thread_blocked, id=37660, stack(0x000000905a700000,0x000000905a800000) (1024K)]
  0x0000020888dc31e0 JavaThread "jar transforms Thread 10"          [_thread_blocked, id=16612, stack(0x000000905a800000,0x000000905a900000) (1024K)]
  0x0000020888dc8000 JavaThread "jar transforms Thread 11"          [_thread_blocked, id=33180, stack(0x000000905a900000,0x000000905aa00000) (1024K)]
  0x0000020888dc6890 JavaThread "jar transforms Thread 12"          [_thread_blocked, id=34364, stack(0x000000905aa00000,0x000000905ab00000) (1024K)]
  0x0000020888dc4950 JavaThread "jar transforms Thread 13"          [_thread_blocked, id=18828, stack(0x000000905ab00000,0x000000905ac00000) (1024K)]
  0x0000020888dc7060 JavaThread "jar transforms Thread 14"          [_thread_blocked, id=33836, stack(0x000000905ac00000,0x000000905ad00000) (1024K)]
  0x00000208878113c0 JavaThread "jar transforms Thread 15"          [_thread_blocked, id=11852, stack(0x0000009057700000,0x0000009057800000) (1024K)]
  0x0000020887813ad0 JavaThread "Cache worker for Build Output Cleanup Cache (C:\src\flutter\packages\flutter_tools\gradle\.gradle\buildOutputCleanup)"        [_thread_blocked, id=15704, stack(0x000000905ae00000,0x000000905af00000) (1024K)]
  0x00000208878161e0 JavaThread "Unconstrained build operations"        [_thread_blocked, id=26772, stack(0x000000905ad00000,0x000000905ae00000) (1024K)]
  0x00000208878169b0 JavaThread "Unconstrained build operations Thread 2"        [_thread_blocked, id=21892, stack(0x000000905af00000,0x000000905b000000) (1024K)]
  0x0000020887817950 JavaThread "Unconstrained build operations Thread 3"        [_thread_blocked, id=34696, stack(0x000000905b000000,0x000000905b100000) (1024K)]
  0x0000020887815240 JavaThread "Unconstrained build operations Thread 4"        [_thread_blocked, id=26964, stack(0x000000905b100000,0x000000905b200000) (1024K)]
  0x0000020887815a10 JavaThread "Unconstrained build operations Thread 5"        [_thread_blocked, id=4284, stack(0x000000905b200000,0x000000905b300000) (1024K)]
  0x00000208851e6cf0 JavaThread "Unconstrained build operations Thread 6"        [_thread_blocked, id=31932, stack(0x000000905b300000,0x000000905b400000) (1024K)]
  0x00000208884a2400 JavaThread "Unconstrained build operations Thread 7"        [_thread_blocked, id=7232, stack(0x000000905b400000,0x000000905b500000) (1024K)]
  0x00000208884a33a0 JavaThread "Unconstrained build operations Thread 8"        [_thread_blocked, id=25104, stack(0x000000905b500000,0x000000905b600000) (1024K)]
  0x00000208884a2bd0 JavaThread "Unconstrained build operations Thread 9"        [_thread_blocked, id=38052, stack(0x000000905b600000,0x000000905b700000) (1024K)]
  0x00000208884a5ab0 JavaThread "Unconstrained build operations Thread 10"        [_thread_blocked, id=25724, stack(0x000000905b700000,0x000000905b800000) (1024K)]
  0x00000208884a7220 JavaThread "Unconstrained build operations Thread 11"        [_thread_blocked, id=2736, stack(0x000000905b800000,0x000000905b900000) (1024K)]
  0x00000208884a81c0 JavaThread "Unconstrained build operations Thread 12"        [_thread_blocked, id=27056, stack(0x000000905b900000,0x000000905ba00000) (1024K)]
  0x00000208884a4b10 JavaThread "Unconstrained build operations Thread 13"        [_thread_blocked, id=23008, stack(0x000000905ba00000,0x000000905bb00000) (1024K)]
  0x00000208884a52e0 JavaThread "Unconstrained build operations Thread 14"        [_thread_blocked, id=20616, stack(0x000000905bb00000,0x000000905bc00000) (1024K)]
  0x0000020887c7bb10 JavaThread "Unconstrained build operations Thread 15"        [_thread_blocked, id=24060, stack(0x000000905bc00000,0x000000905bd00000) (1024K)]
  0x0000020887c7cab0 JavaThread "Unconstrained build operations Thread 16"        [_thread_blocked, id=32996, stack(0x000000905bd00000,0x000000905be00000) (1024K)]
  0x0000020887c7da50 JavaThread "Unconstrained build operations Thread 17"        [_thread_blocked, id=16088, stack(0x000000905be00000,0x000000905bf00000) (1024K)]
  0x00000208885b9be0 JavaThread "Unconstrained build operations Thread 18"        [_thread_blocked, id=12156, stack(0x000000905bf00000,0x000000905c000000) (1024K)]
  0x00000208885b9410 JavaThread "Unconstrained build operations Thread 19"        [_thread_blocked, id=23144, stack(0x000000905c000000,0x000000905c100000) (1024K)]
  0x00000208885ba3b0 JavaThread "Unconstrained build operations Thread 20"        [_thread_blocked, id=1200, stack(0x000000905c100000,0x000000905c200000) (1024K)]
  0x00000208885b74d0 JavaThread "Unconstrained build operations Thread 21"        [_thread_blocked, id=40828, stack(0x000000905c200000,0x000000905c300000) (1024K)]
  0x00000208885bb350 JavaThread "Unconstrained build operations Thread 22"        [_thread_blocked, id=31292, stack(0x000000905c300000,0x000000905c400000) (1024K)]
  0x00000208885bda60 JavaThread "Unconstrained build operations Thread 23"        [_thread_blocked, id=22676, stack(0x000000905c400000,0x000000905c500000) (1024K)]
  0x00000208885bea00 JavaThread "Unconstrained build operations Thread 24"        [_thread_blocked, id=35480, stack(0x000000905c500000,0x000000905c600000) (1024K)]
  0x00000208885be230 JavaThread "Unconstrained build operations Thread 25"        [_thread_blocked, id=39172, stack(0x000000905c600000,0x000000905c700000) (1024K)]
  0x00000208885bbb20 JavaThread "Unconstrained build operations Thread 26"        [_thread_blocked, id=23884, stack(0x000000905c700000,0x000000905c800000) (1024K)]
  0x00000208885bc2f0 JavaThread "Unconstrained build operations Thread 27"        [_thread_blocked, id=13296, stack(0x000000905c800000,0x000000905c900000) (1024K)]
  0x00000208885c1110 JavaThread "Unconstrained build operations Thread 28"        [_thread_blocked, id=27480, stack(0x000000905c900000,0x000000905ca00000) (1024K)]
  0x00000208885c20b0 JavaThread "Unconstrained build operations Thread 29"        [_thread_blocked, id=17312, stack(0x000000905ca00000,0x000000905cb00000) (1024K)]
  0x00000208885c3820 JavaThread "Unconstrained build operations Thread 30"        [_thread_blocked, id=29616, stack(0x000000905cb00000,0x000000905cc00000) (1024K)]
  0x00000208885c0940 JavaThread "Unconstrained build operations Thread 31"        [_thread_blocked, id=35040, stack(0x000000905cc00000,0x000000905cd00000) (1024K)]
  0x00000208885c4f90 JavaThread "Unconstrained build operations Thread 32"        [_thread_blocked, id=20320, stack(0x000000905cd00000,0x000000905ce00000) (1024K)]
  0x00000208885c5f30 JavaThread "Unconstrained build operations Thread 33"        [_thread_blocked, id=31452, stack(0x000000905ce00000,0x000000905cf00000) (1024K)]
  0x0000020888995250 JavaThread "Unconstrained build operations Thread 34"        [_thread_blocked, id=4196, stack(0x000000905cf00000,0x000000905d000000) (1024K)]
  0x0000020888995a20 JavaThread "Unconstrained build operations Thread 35"        [_thread_blocked, id=33740, stack(0x000000905d000000,0x000000905d100000) (1024K)]
  0x00000208889969c0 JavaThread "Unconstrained build operations Thread 36"        [_thread_blocked, id=38708, stack(0x000000905d100000,0x000000905d200000) (1024K)]
  0x00000208889942b0 JavaThread "Unconstrained build operations Thread 37"        [_thread_blocked, id=19608, stack(0x000000905d200000,0x000000905d300000) (1024K)]
  0x000002088899b010 JavaThread "Unconstrained build operations Thread 38"        [_thread_blocked, id=23936, stack(0x000000905d300000,0x000000905d400000) (1024K)]
  0x000002088899b7e0 JavaThread "Unconstrained build operations Thread 39"        [_thread_blocked, id=16880, stack(0x000000905d400000,0x000000905d500000) (1024K)]
  0x000002088899a070 JavaThread "Unconstrained build operations Thread 40"        [_thread_blocked, id=36792, stack(0x000000905d500000,0x000000905d600000) (1024K)]
  0x00000208889990d0 JavaThread "Unconstrained build operations Thread 41"        [_thread_blocked, id=36236, stack(0x000000905d600000,0x000000905d700000) (1024K)]
  0x00000208889998a0 JavaThread "Unconstrained build operations Thread 42"        [_thread_blocked, id=36800, stack(0x000000905d700000,0x000000905d800000) (1024K)]
  0x0000020888d48bf0 JavaThread "Unconstrained build operations Thread 43"        [_thread_blocked, id=41128, stack(0x000000905d800000,0x000000905d900000) (1024K)]
  0x0000020888d4ca70 JavaThread "Unconstrained build operations Thread 44"        [_thread_blocked, id=40724, stack(0x000000905d900000,0x000000905da00000) (1024K)]
  0x0000020888d49b90 JavaThread "Unconstrained build operations Thread 45"        [_thread_blocked, id=6372, stack(0x000000905da00000,0x000000905db00000) (1024K)]
  0x0000020888d4a360 JavaThread "Memory manager"                    [_thread_blocked, id=6116, stack(0x000000905db00000,0x000000905dc00000) (1024K)]
  0x0000020888d508f0 JavaThread "build event listener"              [_thread_blocked, id=25768, stack(0x0000009056400000,0x0000009056500000) (1024K)]
  0x00000208a5f14600 JavaThread "included builds"                   [_thread_blocked, id=29524, stack(0x000000905de00000,0x000000905df00000) (1024K)]
  0x00000208a5f16d10 JavaThread "Execution worker"                  [_thread_blocked, id=7656, stack(0x000000905df00000,0x000000905e000000) (1024K)]
  0x00000208a5f17cb0 JavaThread "Execution worker Thread 2"         [_thread_blocked, id=21168, stack(0x000000905e000000,0x000000905e100000) (1024K)]
  0x00000208a5f14dd0 JavaThread "Execution worker Thread 3"         [_thread_blocked, id=18712, stack(0x000000905e100000,0x000000905e200000) (1024K)]
  0x00000208a5f19bf0 JavaThread "Execution worker Thread 4"         [_thread_blocked, id=6284, stack(0x000000905e200000,0x000000905e300000) (1024K)]
  0x00000208a5f18480 JavaThread "Execution worker Thread 5"         [_thread_blocked, id=23256, stack(0x000000905e300000,0x000000905e400000) (1024K)]
  0x00000208a5f18c50 JavaThread "Execution worker Thread 6"         [_thread_blocked, id=25596, stack(0x000000905e400000,0x000000905e500000) (1024K)]
  0x00000208a5f1b360 JavaThread "Execution worker Thread 7"         [_thread_blocked, id=40280, stack(0x000000905e500000,0x000000905e600000) (1024K)]
  0x00000208a5f19420 JavaThread "Execution worker Thread 8"         [_thread_blocked, id=1124, stack(0x000000905e600000,0x000000905e700000) (1024K)]
  0x00000208a8c0f230 JavaThread "Execution worker Thread 9"         [_thread_blocked, id=24124, stack(0x000000905e700000,0x000000905e800000) (1024K)]
  0x00000208a8c0fa00 JavaThread "Execution worker Thread 10"        [_thread_blocked, id=17776, stack(0x000000905e800000,0x000000905e900000) (1024K)]
  0x00000208a8c14820 JavaThread "Execution worker Thread 11"        [_thread_blocked, id=31544, stack(0x000000905e900000,0x000000905ea00000) (1024K)]
  0x00000208a8c14ff0 JavaThread "Execution worker Thread 12"        [_thread_blocked, id=20664, stack(0x000000905ea00000,0x000000905eb00000) (1024K)]
  0x00000208a8c128e0 JavaThread "Execution worker Thread 13"        [_thread_blocked, id=41444, stack(0x000000905eb00000,0x000000905ec00000) (1024K)]
  0x00000208a8c12110 JavaThread "Execution worker Thread 14"        [_thread_blocked, id=30996, stack(0x000000905ec00000,0x000000905ed00000) (1024K)]
  0x00000208a8c130b0 JavaThread "Execution worker Thread 15"        [_thread_blocked, id=14320, stack(0x000000905ed00000,0x000000905ee00000) (1024K)]
  0x00000208a8c16760 JavaThread "Cache worker for execution history cache (C:\src\flutter\packages\flutter_tools\gradle\.gradle\9.1.0\executionHistory)"        [_thread_blocked, id=9784, stack(0x000000905ee00000,0x000000905ef00000) (1024K)]
  0x00000208a8c17700 JavaThread "Unconstrained build operations Thread 46"        [_thread_blocked, id=24652, stack(0x000000905ef00000,0x000000905f000000) (1024K)]
  0x00000208a8c1b580 JavaThread "Unconstrained build operations Thread 47"        [_thread_blocked, id=41188, stack(0x000000905f000000,0x000000905f100000) (1024K)]
  0x00000208a8c1a5e0 JavaThread "Unconstrained build operations Thread 48"        [_thread_blocked, id=35348, stack(0x000000905f100000,0x000000905f200000) (1024K)]
  0x00000208a8c1bd50 JavaThread "Unconstrained build operations Thread 49"        [_thread_blocked, id=39940, stack(0x000000905f200000,0x000000905f300000) (1024K)]
  0x00000208a8c1c520 JavaThread "Unconstrained build operations Thread 50"        [_thread_blocked, id=11768, stack(0x000000905f300000,0x000000905f400000) (1024K)]
  0x00000208a8c1ccf0 JavaThread "Unconstrained build operations Thread 51"        [_thread_blocked, id=23080, stack(0x000000905f400000,0x000000905f500000) (1024K)]
  0x00000208a8c19e10 JavaThread "Unconstrained build operations Thread 52"        [_thread_blocked, id=28224, stack(0x000000905f500000,0x000000905f600000) (1024K)]
  0x00000208a8c1e460 JavaThread "Unconstrained build operations Thread 53"        [_thread_blocked, id=39488, stack(0x000000905f600000,0x000000905f700000) (1024K)]
  0x00000208a8c20b70 JavaThread "Unconstrained build operations Thread 54"        [_thread_blocked, id=28924, stack(0x000000905f700000,0x000000905f800000) (1024K)]
  0x00000208a8c249f0 JavaThread "Unconstrained build operations Thread 55"        [_thread_blocked, id=22592, stack(0x000000905f800000,0x000000905f900000) (1024K)]
  0x00000208a8c21b10 JavaThread "Unconstrained build operations Thread 56"        [_thread_blocked, id=31936, stack(0x000000905f900000,0x000000905fa00000) (1024K)]
  0x00000208a8c25990 JavaThread "Unconstrained build operations Thread 57"        [_thread_blocked, id=18632, stack(0x000000905fa00000,0x000000905fb00000) (1024K)]
  0x00000208a8c23a50 JavaThread "Unconstrained build operations Thread 58"        [_thread_blocked, id=18536, stack(0x000000905fb00000,0x000000905fc00000) (1024K)]
  0x00000208a8c26930 JavaThread "Unconstrained build operations Thread 59"        [_thread_blocked, id=39888, stack(0x000000905fc00000,0x000000905fd00000) (1024K)]
  0x00000208a8c26160 JavaThread "Unconstrained build operations Thread 60"        [_thread_blocked, id=36908, stack(0x000000905fd00000,0x000000905fe00000) (1024K)]
  0x00000208a8c280a0 JavaThread "Unconstrained build operations Thread 61"        [_thread_blocked, id=32048, stack(0x000000905fe00000,0x000000905ff00000) (1024K)]
  0x00000208a8c29040 JavaThread "Unconstrained build operations Thread 62"        [_thread_blocked, id=1292, stack(0x000000905ff00000,0x0000009060000000) (1024K)]
  0x00000208a8c28870 JavaThread "Unconstrained build operations Thread 63"        [_thread_blocked, id=35992, stack(0x0000009060000000,0x0000009060100000) (1024K)]
  0x00000208a8c29fe0 JavaThread "Unconstrained build operations Thread 64"        [_thread_blocked, id=3484, stack(0x0000009060100000,0x0000009060200000) (1024K)]
  0x00000208a8c27100 JavaThread "Unconstrained build operations Thread 65"        [_thread_blocked, id=5924, stack(0x0000009060200000,0x0000009060300000) (1024K)]
  0x00000208a8c2af80 JavaThread "Unconstrained build operations Thread 66"        [_thread_blocked, id=32472, stack(0x0000009060300000,0x0000009060400000) (1024K)]
  0x00000208a8c2c6f0 JavaThread "Unconstrained build operations Thread 67"        [_thread_blocked, id=13224, stack(0x0000009060400000,0x0000009060500000) (1024K)]
  0x00000208a612f0c0 JavaThread "Unconstrained build operations Thread 68"        [_thread_blocked, id=26752, stack(0x0000009060500000,0x0000009060600000) (1024K)]
  0x00000208a6130060 JavaThread "Unconstrained build operations Thread 69"        [_thread_blocked, id=5220, stack(0x0000009060600000,0x0000009060700000) (1024K)]
  0x00000208a612e8f0 JavaThread "Unconstrained build operations Thread 70"        [_thread_blocked, id=40276, stack(0x0000009060700000,0x0000009060800000) (1024K)]
  0x00000208a6132770 JavaThread "Unconstrained build operations Thread 71"        [_thread_blocked, id=1508, stack(0x0000009060800000,0x0000009060900000) (1024K)]
  0x00000208a61317d0 JavaThread "Unconstrained build operations Thread 72"        [_thread_blocked, id=27828, stack(0x0000009060900000,0x0000009060a00000) (1024K)]
  0x00000208a6132f40 JavaThread "Unconstrained build operations Thread 73"        [_thread_blocked, id=22512, stack(0x0000009060a00000,0x0000009060b00000) (1024K)]
  0x00000208a6137d60 JavaThread "Unconstrained build operations Thread 74"        [_thread_blocked, id=8960, stack(0x0000009060b00000,0x0000009060c00000) (1024K)]
  0x00000208a6135650 JavaThread "Unconstrained build operations Thread 75"        [_thread_blocked, id=39856, stack(0x0000009060c00000,0x0000009060d00000) (1024K)]
  0x00000208a61346b0 JavaThread "Unconstrained build operations Thread 76"        [_thread_blocked, id=6988, stack(0x0000009060d00000,0x0000009060e00000) (1024K)]
  0x00000208a6138d00 JavaThread "Unconstrained build operations Thread 77"        [_thread_blocked, id=27188, stack(0x0000009060e00000,0x0000009060f00000) (1024K)]
  0x00000208a61394d0 JavaThread "Unconstrained build operations Thread 78"        [_thread_blocked, id=32692, stack(0x0000009060f00000,0x0000009061000000) (1024K)]
  0x00000208a61365f0 JavaThread "Unconstrained build operations Thread 79"        [_thread_blocked, id=3372, stack(0x0000009061000000,0x0000009061100000) (1024K)]
  0x00000208a613b410 JavaThread "Unconstrained build operations Thread 80"        [_thread_blocked, id=14856, stack(0x0000009061100000,0x0000009061200000) (1024K)]
  0x00000208a613ac40 JavaThread "Unconstrained build operations Thread 81"        [_thread_blocked, id=16564, stack(0x0000009061200000,0x0000009061300000) (1024K)]
  0x00000208a613e2f0 JavaThread "Unconstrained build operations Thread 82"        [_thread_blocked, id=22280, stack(0x0000009061300000,0x0000009061400000) (1024K)]
  0x00000208a613db20 JavaThread "Unconstrained build operations Thread 83"        [_thread_blocked, id=37140, stack(0x0000009061400000,0x0000009061500000) (1024K)]
  0x00000208a613eac0 JavaThread "Unconstrained build operations Thread 84"        [_thread_blocked, id=1284, stack(0x0000009061500000,0x0000009061600000) (1024K)]
  0x00000208a6142170 JavaThread "Unconstrained build operations Thread 85"        [_thread_blocked, id=35024, stack(0x0000009061600000,0x0000009061700000) (1024K)]
  0x00000208a6140230 JavaThread "Unconstrained build operations Thread 86"        [_thread_blocked, id=41820, stack(0x0000009061700000,0x0000009061800000) (1024K)]
  0x00000208a6143110 JavaThread "Unconstrained build operations Thread 87"        [_thread_blocked, id=15848, stack(0x0000009061800000,0x0000009061900000) (1024K)]
  0x00000208a613fa60 JavaThread "Unconstrained build operations Thread 88"        [_thread_blocked, id=5088, stack(0x0000009061900000,0x0000009061a00000) (1024K)]
  0x00000208a61438e0 JavaThread "Unconstrained build operations Thread 89"        [_thread_blocked, id=28124, stack(0x0000009061a00000,0x0000009061b00000) (1024K)]
  0x00000208a61411d0 JavaThread "Unconstrained build operations Thread 90"        [_thread_blocked, id=31472, stack(0x0000009061b00000,0x0000009061c00000) (1024K)]
  0x00000208a6146f90 JavaThread "Unconstrained build operations Thread 91"        [_thread_blocked, id=13356, stack(0x0000009061c00000,0x0000009061d00000) (1024K)]
  0x00000208a61467c0 JavaThread "WorkerExecutor Queue"              [_thread_blocked, id=40320, stack(0x0000009058300000,0x0000009058400000) (1024K)]
  0x00000208a6148ed0 JavaThread "RMI Scheduler(0)"           daemon [_thread_blocked, id=15796, stack(0x0000009056300000,0x0000009056400000) (1024K)]
  0x00000208a614a640 JavaThread "RMI GC Daemon"              daemon [_thread_blocked, id=10456, stack(0x0000009061d00000,0x0000009061e00000) (1024K)]
  0x00000208a6147760 JavaThread "RMI TCP Accept-0"           daemon [_thread_in_native, id=10156, stack(0x0000009061e00000,0x0000009061f00000) (1024K)]
  0x00000208a614bdb0 JavaThread "RMI Reaper"                        [_thread_blocked, id=38716, stack(0x0000009061f00000,0x0000009062000000) (1024K)]
  0x00000208a614cd50 JavaThread "RMI TCP Connection(2)-127.0.0.1" daemon [_thread_in_native, id=37560, stack(0x0000009062000000,0x0000009062100000) (1024K)]
  0x00000208a8aeb9f0 JavaThread "Unconstrained build operations Thread 92"        [_thread_blocked, id=4392, stack(0x0000009062200000,0x0000009062300000) (1024K)]
  0x00000208a8aec990 JavaThread "Unconstrained build operations Thread 93"        [_thread_blocked, id=29244, stack(0x0000009062300000,0x0000009062400000) (1024K)]
  0x00000208a8aef0a0 JavaThread "Unconstrained build operations Thread 94"        [_thread_blocked, id=30756, stack(0x0000009062400000,0x0000009062500000) (1024K)]
  0x00000208a8aec1c0 JavaThread "Unconstrained build operations Thread 95"        [_thread_blocked, id=24276, stack(0x0000009062500000,0x0000009062600000) (1024K)]
  0x00000208a8aed930 JavaThread "Unconstrained build operations Thread 96"        [_thread_blocked, id=8128, stack(0x0000009062600000,0x0000009062700000) (1024K)]
  0x00000208a8af0810 JavaThread "Unconstrained build operations Thread 97"        [_thread_blocked, id=33724, stack(0x0000009062700000,0x0000009062800000) (1024K)]
  0x00000208a8af17b0 JavaThread "Unconstrained build operations Thread 98"        [_thread_blocked, id=23728, stack(0x0000009062800000,0x0000009062900000) (1024K)]
  0x00000208a8af1f80 JavaThread "Unconstrained build operations Thread 99"        [_thread_blocked, id=30276, stack(0x0000009062900000,0x0000009062a00000) (1024K)]
  0x00000208a8af2750 JavaThread "Unconstrained build operations Thread 100"        [_thread_blocked, id=30228, stack(0x0000009062a00000,0x0000009062b00000) (1024K)]
  0x00000208a8af6da0 JavaThread "Unconstrained build operations Thread 101"        [_thread_blocked, id=8804, stack(0x0000009062b00000,0x0000009062c00000) (1024K)]
  0x00000208a8af65d0 JavaThread "Unconstrained build operations Thread 102"        [_thread_blocked, id=29608, stack(0x0000009062c00000,0x0000009062d00000) (1024K)]
  0x00000208a8af5630 JavaThread "Unconstrained build operations Thread 103"        [_thread_blocked, id=37896, stack(0x0000009062d00000,0x0000009062e00000) (1024K)]
  0x00000208a8af36f0 JavaThread "Unconstrained build operations Thread 104"        [_thread_blocked, id=18700, stack(0x0000009062e00000,0x0000009062f00000) (1024K)]
  0x00000208a8af8ce0 JavaThread "Unconstrained build operations Thread 105"        [_thread_blocked, id=23880, stack(0x0000009062f00000,0x0000009063000000) (1024K)]
  0x00000208a8af7d40 JavaThread "Unconstrained build operations Thread 106"        [_thread_blocked, id=41792, stack(0x0000009063000000,0x0000009063100000) (1024K)]
  0x00000208a8afbbc0 JavaThread "Unconstrained build operations Thread 107"        [_thread_blocked, id=5360, stack(0x000000905dc00000,0x000000905dd00000) (1024K)]
  0x00000208a8af8510 JavaThread "Unconstrained build operations Thread 108"        [_thread_blocked, id=22360, stack(0x000000905dd00000,0x000000905de00000) (1024K)]
  0x00000208a8afcb60 JavaThread "Unconstrained build operations Thread 109"        [_thread_blocked, id=31044, stack(0x0000009062100000,0x0000009062200000) (1024K)]
  0x00000208a8afe2d0 JavaThread "Unconstrained build operations Thread 110"        [_thread_blocked, id=9268, stack(0x0000009063100000,0x0000009063200000) (1024K)]
  0x00000208a8b009e0 JavaThread "Unconstrained build operations Thread 111"        [_thread_blocked, id=25140, stack(0x0000009063200000,0x0000009063300000) (1024K)]
  0x00000208a8b011b0 JavaThread "Unconstrained build operations Thread 112"        [_thread_blocked, id=33240, stack(0x0000009063300000,0x0000009063400000) (1024K)]
  0x00000208a8b02150 JavaThread "Unconstrained build operations Thread 113"        [_thread_blocked, id=25560, stack(0x0000009063400000,0x0000009063500000) (1024K)]
  0x00000208a8affa40 JavaThread "Unconstrained build operations Thread 114"        [_thread_blocked, id=33332, stack(0x0000009063500000,0x0000009063600000) (1024K)]
  0x00000208a8aff270 JavaThread "Unconstrained build operations Thread 115"        [_thread_blocked, id=19072, stack(0x0000009063600000,0x0000009063700000) (1024K)]
  0x00000208a8b030f0 JavaThread "Unconstrained build operations Thread 116"        [_thread_blocked, id=25324, stack(0x0000009063700000,0x0000009063800000) (1024K)]
  0x00000208a8b06f70 JavaThread "Unconstrained build operations Thread 117"        [_thread_blocked, id=6840, stack(0x0000009063800000,0x0000009063900000) (1024K)]
  0x00000208a8b07740 JavaThread "Unconstrained build operations Thread 118"        [_thread_blocked, id=27644, stack(0x0000009063900000,0x0000009063a00000) (1024K)]
  0x00000208a8b07f10 JavaThread "Unconstrained build operations Thread 119"        [_thread_blocked, id=27352, stack(0x0000009063a00000,0x0000009063b00000) (1024K)]
  0x00000208a8b04860 JavaThread "Unconstrained build operations Thread 120"        [_thread_blocked, id=23240, stack(0x0000009063b00000,0x0000009063c00000) (1024K)]
  0x00000208a8b05030 JavaThread "Unconstrained build operations Thread 121"        [_thread_blocked, id=19776, stack(0x0000009063c00000,0x0000009063d00000) (1024K)]
  0x00000208a8b0adf0 JavaThread "Unconstrained build operations Thread 122"        [_thread_blocked, id=13376, stack(0x0000009063d00000,0x0000009063e00000) (1024K)]
  0x00000208a6149e70 JavaThread "Unconstrained build operations Thread 123"        [_thread_blocked, id=7240, stack(0x0000009063e00000,0x0000009063f00000) (1024K)]
  0x0000020888d566b0 JavaThread "Unconstrained build operations Thread 124"        [_thread_blocked, id=34312, stack(0x0000009063f00000,0x0000009064000000) (1024K)]
  0x00000208a8aa07d0 JavaThread "Unconstrained build operations Thread 125"        [_thread_blocked, id=16576, stack(0x0000009064000000,0x0000009064100000) (1024K)]
  0x00000208a8aa0fa0 JavaThread "Unconstrained build operations Thread 126"        [_thread_blocked, id=17112, stack(0x0000009064100000,0x0000009064200000) (1024K)]
  0x00000208a8aa1f40 JavaThread "Unconstrained build operations Thread 127"        [_thread_blocked, id=9536, stack(0x0000009064200000,0x0000009064300000) (1024K)]
  0x00000208a8a9f060 JavaThread "Unconstrained build operations Thread 128"        [_thread_blocked, id=5560, stack(0x0000009064300000,0x0000009064400000) (1024K)]
  0x00000208a8aa36b0 JavaThread "Unconstrained build operations Thread 129"        [_thread_blocked, id=18428, stack(0x0000009064400000,0x0000009064500000) (1024K)]
  0x00000208a8aa4650 JavaThread "Unconstrained build operations Thread 130"        [_thread_blocked, id=33696, stack(0x0000009064500000,0x0000009064600000) (1024K)]
  0x00000208a8aa7530 JavaThread "Unconstrained build operations Thread 131"        [_thread_blocked, id=7372, stack(0x0000009064600000,0x0000009064700000) (1024K)]
  0x00000208a8aa4e20 JavaThread "Unconstrained build operations Thread 132"        [_thread_blocked, id=32108, stack(0x0000009064700000,0x0000009064800000) (1024K)]
  0x00000208a8aa8ca0 JavaThread "Unconstrained build operations Thread 133"        [_thread_blocked, id=34804, stack(0x0000009064800000,0x0000009064900000) (1024K)]
  0x00000208a8aa6d60 JavaThread "Unconstrained build operations Thread 134"        [_thread_blocked, id=27272, stack(0x0000009064900000,0x0000009064a00000) (1024K)]
  0x00000208a8aa5dc0 JavaThread "Unconstrained build operations Thread 135"        [_thread_blocked, id=19448, stack(0x0000009064a00000,0x0000009064b00000) (1024K)]
  0x00000208a8aa6590 JavaThread "Unconstrained build operations Thread 136"        [_thread_blocked, id=27688, stack(0x0000009064b00000,0x0000009064c00000) (1024K)]
Total: 210

Other Threads:
=>0x00000208fb3c76c0 VMThread "VM Thread"                           [id=34628, stack(0x0000009056e00000,0x0000009056f00000) (1024K)]
  0x00000208fb3b5980 WatcherThread "VM Periodic Task Thread"        [id=23084, stack(0x0000009056d00000,0x0000009056e00000) (1024K)]
  0x00000208c41c6b30 WorkerThread "GC Thread#0"                     [id=40120, stack(0x0000009056700000,0x0000009056800000) (1024K)]
  0x00000208842df610 WorkerThread "GC Thread#1"                     [id=39828, stack(0x0000009057a00000,0x0000009057b00000) (1024K)]
  0x00000208843695d0 WorkerThread "GC Thread#2"                     [id=8976, stack(0x0000009057d00000,0x0000009057e00000) (1024K)]
  0x0000020884366f00 WorkerThread "GC Thread#3"                     [id=25132, stack(0x0000009057e00000,0x0000009057f00000) (1024K)]
  0x0000020884369a20 WorkerThread "GC Thread#4"                     [id=39180, stack(0x0000009058000000,0x0000009058100000) (1024K)]
  0x0000020884368490 WorkerThread "GC Thread#5"                     [id=7920, stack(0x0000009058100000,0x0000009058200000) (1024K)]
  0x0000020884366660 WorkerThread "GC Thread#6"                     [id=2720, stack(0x0000009058b00000,0x0000009058c00000) (1024K)]
  0x00000208843677a0 WorkerThread "GC Thread#7"                     [id=23688, stack(0x0000009058e00000,0x0000009058f00000) (1024K)]
  0x0000020884366ab0 WorkerThread "GC Thread#8"                     [id=35912, stack(0x0000009058f00000,0x0000009059000000) (1024K)]
  0x0000020884367350 WorkerThread "GC Thread#9"                     [id=21164, stack(0x0000009059000000,0x0000009059100000) (1024K)]
  0x0000020884369180 WorkerThread "GC Thread#10"                    [id=41376, stack(0x0000009059100000,0x0000009059200000) (1024K)]
  0x0000020884367bf0 WorkerThread "GC Thread#11"                    [id=41780, stack(0x0000009059200000,0x0000009059300000) (1024K)]
  0x00000208843688e0 WorkerThread "GC Thread#12"                    [id=4600, stack(0x0000009059300000,0x0000009059400000) (1024K)]
  0x00000208c1d1dfb0 ConcurrentGCThread "G1 Main Marker"            [id=27860, stack(0x0000009056800000,0x0000009056900000) (1024K)]
  0x00000208c41dcef0 WorkerThread "G1 Conc#0"                       [id=33824, stack(0x0000009056900000,0x0000009056a00000) (1024K)]
  0x0000020884304d40 WorkerThread "G1 Conc#1"                       [id=26636, stack(0x0000009057b00000,0x0000009057c00000) (1024K)]
  0x0000020884305160 WorkerThread "G1 Conc#2"                       [id=40388, stack(0x0000009057c00000,0x0000009057d00000) (1024K)]
  0x00000208c420e370 WorkerThread "G1 Refinement Workers#0"         [id=31080, stack(0x0000009056b00000,0x0000009056c00000) (1024K)]
  0x00000208c420d7b0 ConcurrentGCThread "G1 Refine Control"         [id=21756, stack(0x0000009056a00000,0x0000009056b00000) (1024K)]
  0x00000208fb279290 ConcurrentGCThread "G1 Service"                [id=36116, stack(0x0000009056c00000,0x0000009056d00000) (1024K)]
Total: 22

Threads with active compile tasks:
Total: 0

VM state: at safepoint (normal execution)

VM Mutex/Monitor currently owned by a thread:  ([mutex/lock_event])
[0x00007ff97b99ed08] Threads_lock - owner thread: 0x00000208fb3c76c0
[0x00007ff97b99ef88] Heap_lock - owner thread: 0x00000208a8aa6590

Heap address: 0x0000000600000000, size: 8192 MB, Compressed Oops mode: Zero based, Oop shift amount: 3

CDS archive(s) mapped at: [0x0000000083000000-0x0000000083de0000-0x0000000083de0000), size 14548992, SharedBaseAddress: 0x0000000083000000, ArchiveRelocationMode: 1.
Compressed class space mapped at: 0x0000000084000000-0x00000000c4000000, reserved size: 1073741824
UseCompressedClassPointers 1, UseCompactObjectHeaders 0
Narrow klass pointer bits 32, Max shift 3
Narrow klass base: 0x0000000083000000, Narrow klass shift: 0
Encoding Range: [0x0000000083000000 - 0x0000000183000000), (4294967296 bytes)
Klass Range:    [0x0000000083000000 - 0x00000000c4000000), (1090519040 bytes)
Klass ID Range:  [8 - 1090519033) (1090519025)
Protection zone: [0x0000000083000000 - 0x0000000083010000), (65536 bytes)

GC Precious Log:
 CardTable entry size: 512
 Card Set container configuration: InlinePtr #cards 4 size 8 Array Of Cards #cards 32 size 80 Howl #buckets 8 coarsen threshold 7372 Howl Bitmap #cards 1024 size 144 coarsen threshold 921 Card regions per heap region 1 cards per card region 8192
 CPUs: 16 total, 16 available
 Memory: 7599M
 Large Page Support: Disabled
 NUMA Support: Disabled
 Compressed Oops: Enabled (Zero based)
 Heap Region Size: 4M
 Heap Min Capacity: 8M
 Heap Initial Capacity: 8M
 Heap Max Capacity: 8G
 Pre-touch: Disabled
 Parallel Workers: 13
 Concurrent Workers: 3
 Concurrent Refinement Workers: 13
 Periodic GC: Disabled

Heap:
 garbage-first heap   total reserved 8388608K, committed 614400K, used 152495K [0x0000000600000000, 0x0000000800000000)
  region size 4M, 0 eden (0M), 1 survivor (4M), 36 old (144M), 1 humongous (4M), 112 free (448M)

Heap Regions: E=young(eden), S=young(survivor), O=old, HS=humongous(starts), HC=humongous(continues), CS=collection set, F=free, TAMS=top-at-mark-start, PB=parsable bottom
|    0|0x0000000600000000, 0x0000000600400000, 0x0000000600400000|100%| O|  |TAMS 0x0000000600400000| PB 0x0000000600000000| Untracked |  0
|    1|0x0000000600400000, 0x0000000600800000, 0x0000000600800000|100%|HS|  |TAMS 0x0000000600800000| PB 0x0000000600400000| Complete  |  0
|    2|0x0000000600800000, 0x0000000600c00000, 0x0000000600c00000|100%| O|  |TAMS 0x0000000600c00000| PB 0x0000000600800000| Untracked |  0
|    3|0x0000000600c00000, 0x0000000601000000, 0x0000000601000000|100%| O|  |TAMS 0x0000000601000000| PB 0x0000000600c00000| Untracked |  0
|    4|0x0000000601000000, 0x0000000601400000, 0x0000000601400000|100%| O|  |TAMS 0x0000000601400000| PB 0x0000000601000000| Untracked |  0
|    5|0x0000000601400000, 0x0000000601800000, 0x0000000601800000|100%| O|  |TAMS 0x0000000601800000| PB 0x0000000601400000| Untracked |  0
|    6|0x0000000601800000, 0x0000000601c00000, 0x0000000601c00000|100%| O|  |TAMS 0x0000000601c00000| PB 0x0000000601800000| Untracked |  0
|    7|0x0000000601c00000, 0x0000000602000000, 0x0000000602000000|100%| O|  |TAMS 0x0000000602000000| PB 0x0000000601c00000| Untracked |  0
|    8|0x0000000602000000, 0x0000000602400000, 0x0000000602400000|100%| O|  |TAMS 0x0000000602400000| PB 0x0000000602000000| Untracked |  0
|    9|0x0000000602400000, 0x0000000602800000, 0x0000000602800000|100%| O|  |TAMS 0x0000000602800000| PB 0x0000000602400000| Untracked |  0
|   10|0x0000000602800000, 0x0000000602c00000, 0x0000000602c00000|100%| O|  |TAMS 0x0000000602c00000| PB 0x0000000602800000| Untracked |  0
|   11|0x0000000602c00000, 0x0000000603000000, 0x0000000603000000|100%| O|  |TAMS 0x0000000603000000| PB 0x0000000602c00000| Untracked |  0
|   12|0x0000000603000000, 0x0000000603400000, 0x0000000603400000|100%| O|  |TAMS 0x0000000603400000| PB 0x0000000603000000| Untracked |  0
|   13|0x0000000603400000, 0x0000000603800000, 0x0000000603800000|100%| O|  |TAMS 0x0000000603800000| PB 0x0000000603400000| Untracked |  0
|   14|0x0000000603800000, 0x0000000603c00000, 0x0000000603c00000|100%| O|  |TAMS 0x0000000603c00000| PB 0x0000000603800000| Untracked |  0
|   15|0x0000000603c00000, 0x0000000604000000, 0x0000000604000000|100%| O|  |TAMS 0x0000000604000000| PB 0x0000000603c00000| Untracked |  0
|   16|0x0000000604000000, 0x0000000604400000, 0x0000000604400000|100%| O|  |TAMS 0x0000000604400000| PB 0x0000000604000000| Untracked |  0
|   17|0x0000000604400000, 0x0000000604800000, 0x0000000604800000|100%| O|  |TAMS 0x0000000604800000| PB 0x0000000604400000| Untracked |  0
|   18|0x0000000604800000, 0x0000000604c00000, 0x0000000604c00000|100%| O|  |TAMS 0x0000000604c00000| PB 0x0000000604800000| Untracked |  0
|   19|0x0000000604c00000, 0x0000000605000000, 0x0000000605000000|100%| O|  |TAMS 0x0000000605000000| PB 0x0000000604c00000| Untracked |  0
|   20|0x0000000605000000, 0x0000000605400000, 0x0000000605400000|100%| O|  |TAMS 0x0000000605400000| PB 0x0000000605000000| Untracked |  0
|   21|0x0000000605400000, 0x0000000605800000, 0x0000000605800000|100%| O|  |TAMS 0x0000000605800000| PB 0x0000000605400000| Untracked |  0
|   22|0x0000000605800000, 0x0000000605c00000, 0x0000000605c00000|100%| O|  |TAMS 0x0000000605c00000| PB 0x0000000605800000| Untracked |  0
|   23|0x0000000605c00000, 0x0000000606000000, 0x0000000606000000|100%| O|  |TAMS 0x0000000606000000| PB 0x0000000605c00000| Untracked |  0
|   24|0x0000000606000000, 0x0000000606400000, 0x0000000606400000|100%| O|  |TAMS 0x0000000606400000| PB 0x0000000606000000| Untracked |  0
|   25|0x0000000606400000, 0x0000000606800000, 0x0000000606800000|100%| O|  |TAMS 0x0000000606800000| PB 0x0000000606400000| Untracked |  0
|   26|0x0000000606800000, 0x0000000606c00000, 0x0000000606c00000|100%| O|  |TAMS 0x0000000606c00000| PB 0x0000000606800000| Untracked |  0
|   27|0x0000000606c00000, 0x0000000607000000, 0x0000000607000000|100%| O|  |TAMS 0x0000000607000000| PB 0x0000000606c00000| Untracked |  0
|   28|0x0000000607000000, 0x0000000607400000, 0x0000000607400000|100%| O|  |TAMS 0x0000000607400000| PB 0x0000000607000000| Untracked |  0
|   29|0x0000000607400000, 0x0000000607800000, 0x0000000607800000|100%| O|  |TAMS 0x0000000607800000| PB 0x0000000607400000| Untracked |  0
|   30|0x0000000607800000, 0x0000000607c00000, 0x0000000607c00000|100%| O|  |TAMS 0x0000000607c00000| PB 0x0000000607800000| Untracked |  0
|   31|0x0000000607c00000, 0x0000000608000000, 0x0000000608000000|100%| O|  |TAMS 0x0000000608000000| PB 0x0000000607c00000| Untracked |  0
|   32|0x0000000608000000, 0x00000006081362c0, 0x0000000608400000| 30%| O|  |TAMS 0x00000006081362c0| PB 0x0000000608000000| Untracked |  0
|   33|0x0000000608400000, 0x0000000608400000, 0x0000000608800000|  0%| F|  |TAMS 0x0000000608400000| PB 0x0000000608400000| Untracked |  0
|   34|0x0000000608800000, 0x0000000608800000, 0x0000000608c00000|  0%| F|  |TAMS 0x0000000608800000| PB 0x0000000608800000| Untracked |  0
|   35|0x0000000608c00000, 0x0000000608c00000, 0x0000000609000000|  0%| F|  |TAMS 0x0000000608c00000| PB 0x0000000608c00000| Untracked |  0
|   36|0x0000000609000000, 0x0000000609000000, 0x0000000609400000|  0%| F|  |TAMS 0x0000000609000000| PB 0x0000000609000000| Untracked |  0
|   37|0x0000000609400000, 0x0000000609400000, 0x0000000609800000|  0%| F|  |TAMS 0x0000000609400000| PB 0x0000000609400000| Untracked |  0
|   38|0x0000000609800000, 0x0000000609800000, 0x0000000609c00000|  0%| F|  |TAMS 0x0000000609800000| PB 0x0000000609800000| Untracked |  0
|   39|0x0000000609c00000, 0x0000000609c00000, 0x000000060a000000|  0%| F|  |TAMS 0x0000000609c00000| PB 0x0000000609c00000| Untracked |  0
|   40|0x000000060a000000, 0x000000060a000000, 0x000000060a400000|  0%| F|  |TAMS 0x000000060a000000| PB 0x000000060a000000| Untracked |  0
|   41|0x000000060a400000, 0x000000060a400000, 0x000000060a800000|  0%| F|  |TAMS 0x000000060a400000| PB 0x000000060a400000| Untracked |  0
|   42|0x000000060a800000, 0x000000060a800000, 0x000000060ac00000|  0%| F|  |TAMS 0x000000060a800000| PB 0x000000060a800000| Untracked |  0
|   43|0x000000060ac00000, 0x000000060ac00000, 0x000000060b000000|  0%| F|  |TAMS 0x000000060ac00000| PB 0x000000060ac00000| Untracked |  0
|   44|0x000000060b000000, 0x000000060b000000, 0x000000060b400000|  0%| F|  |TAMS 0x000000060b000000| PB 0x000000060b000000| Untracked |  0
|   45|0x000000060b400000, 0x000000060b400000, 0x000000060b800000|  0%| F|  |TAMS 0x000000060b400000| PB 0x000000060b400000| Untracked |  0
|   46|0x000000060b800000, 0x000000060b800000, 0x000000060bc00000|  0%| F|  |TAMS 0x000000060b800000| PB 0x000000060b800000| Untracked |  0
|   47|0x000000060bc00000, 0x000000060bc00000, 0x000000060c000000|  0%| F|  |TAMS 0x000000060bc00000| PB 0x000000060bc00000| Untracked |  0
|   48|0x000000060c000000, 0x000000060c000000, 0x000000060c400000|  0%| F|  |TAMS 0x000000060c000000| PB 0x000000060c000000| Untracked |  0
|   49|0x000000060c400000, 0x000000060c400000, 0x000000060c800000|  0%| F|  |TAMS 0x000000060c400000| PB 0x000000060c400000| Untracked |  0
|   50|0x000000060c800000, 0x000000060c800000, 0x000000060cc00000|  0%| F|  |TAMS 0x000000060c800000| PB 0x000000060c800000| Untracked |  0
|   51|0x000000060cc00000, 0x000000060cc00000, 0x000000060d000000|  0%| F|  |TAMS 0x000000060cc00000| PB 0x000000060cc00000| Untracked |  0
|   52|0x000000060d000000, 0x000000060d000000, 0x000000060d400000|  0%| F|  |TAMS 0x000000060d000000| PB 0x000000060d000000| Untracked |  0
|   53|0x000000060d400000, 0x000000060d400000, 0x000000060d800000|  0%| F|  |TAMS 0x000000060d400000| PB 0x000000060d400000| Untracked |  0
|   54|0x000000060d800000, 0x000000060d800000, 0x000000060dc00000|  0%| F|  |TAMS 0x000000060d800000| PB 0x000000060d800000| Untracked |  0
|   55|0x000000060dc00000, 0x000000060dc00000, 0x000000060e000000|  0%| F|  |TAMS 0x000000060dc00000| PB 0x000000060dc00000| Untracked |  0
|   56|0x000000060e000000, 0x000000060e000000, 0x000000060e400000|  0%| F|  |TAMS 0x000000060e000000| PB 0x000000060e000000| Untracked |  0
|   57|0x000000060e400000, 0x000000060e400000, 0x000000060e800000|  0%| F|  |TAMS 0x000000060e400000| PB 0x000000060e400000| Untracked |  0
|   58|0x000000060e800000, 0x000000060e800000, 0x000000060ec00000|  0%| F|  |TAMS 0x000000060e800000| PB 0x000000060e800000| Untracked |  0
|   59|0x000000060ec00000, 0x000000060ec00000, 0x000000060f000000|  0%| F|  |TAMS 0x000000060ec00000| PB 0x000000060ec00000| Untracked |  0
|   60|0x000000060f000000, 0x000000060f000000, 0x000000060f400000|  0%| F|  |TAMS 0x000000060f000000| PB 0x000000060f000000| Untracked |  0
|   61|0x000000060f400000, 0x000000060f400000, 0x000000060f800000|  0%| F|  |TAMS 0x000000060f400000| PB 0x000000060f400000| Untracked |  0
|   62|0x000000060f800000, 0x000000060f800000, 0x000000060fc00000|  0%| F|  |TAMS 0x000000060f800000| PB 0x000000060f800000| Untracked |  0
|   63|0x000000060fc00000, 0x000000060fc00000, 0x0000000610000000|  0%| F|  |TAMS 0x000000060fc00000| PB 0x000000060fc00000| Untracked |  0
|   64|0x0000000610000000, 0x0000000610000000, 0x0000000610400000|  0%| F|  |TAMS 0x0000000610000000| PB 0x0000000610000000| Untracked |  0
|   65|0x0000000610400000, 0x0000000610400000, 0x0000000610800000|  0%| F|  |TAMS 0x0000000610400000| PB 0x0000000610400000| Untracked |  0
|   66|0x0000000610800000, 0x0000000610800000, 0x0000000610c00000|  0%| F|  |TAMS 0x0000000610800000| PB 0x0000000610800000| Untracked |  0
|   67|0x0000000610c00000, 0x0000000610c00000, 0x0000000611000000|  0%| F|  |TAMS 0x0000000610c00000| PB 0x0000000610c00000| Untracked |  0
|   68|0x0000000611000000, 0x0000000611000000, 0x0000000611400000|  0%| F|  |TAMS 0x0000000611000000| PB 0x0000000611000000| Untracked |  0
|   69|0x0000000611400000, 0x0000000611400000, 0x0000000611800000|  0%| F|  |TAMS 0x0000000611400000| PB 0x0000000611400000| Untracked |  0
|   70|0x0000000611800000, 0x0000000611800000, 0x0000000611c00000|  0%| F|  |TAMS 0x0000000611800000| PB 0x0000000611800000| Untracked |  0
|   71|0x0000000611c00000, 0x0000000611c00000, 0x0000000612000000|  0%| F|  |TAMS 0x0000000611c00000| PB 0x0000000611c00000| Untracked |  0
|   72|0x0000000612000000, 0x0000000612000000, 0x0000000612400000|  0%| F|  |TAMS 0x0000000612000000| PB 0x0000000612000000| Untracked |  0
|   73|0x0000000612400000, 0x0000000612400000, 0x0000000612800000|  0%| F|  |TAMS 0x0000000612400000| PB 0x0000000612400000| Untracked |  0
|   74|0x0000000612800000, 0x0000000612800000, 0x0000000612c00000|  0%| F|  |TAMS 0x0000000612800000| PB 0x0000000612800000| Untracked |  0
|   75|0x0000000612c00000, 0x0000000612c00000, 0x0000000613000000|  0%| F|  |TAMS 0x0000000612c00000| PB 0x0000000612c00000| Untracked |  0
|   76|0x0000000613000000, 0x0000000613000000, 0x0000000613400000|  0%| F|  |TAMS 0x0000000613000000| PB 0x0000000613000000| Untracked |  0
|   77|0x0000000613400000, 0x0000000613400000, 0x0000000613800000|  0%| F|  |TAMS 0x0000000613400000| PB 0x0000000613400000| Untracked |  0
|   78|0x0000000613800000, 0x0000000613800000, 0x0000000613c00000|  0%| F|  |TAMS 0x0000000613800000| PB 0x0000000613800000| Untracked |  0
|   79|0x0000000613c00000, 0x0000000613c00000, 0x0000000614000000|  0%| F|  |TAMS 0x0000000613c00000| PB 0x0000000613c00000| Untracked |  0
|   80|0x0000000614000000, 0x0000000614000000, 0x0000000614400000|  0%| F|  |TAMS 0x0000000614000000| PB 0x0000000614000000| Untracked |  0
|   81|0x0000000614400000, 0x0000000614400000, 0x0000000614800000|  0%| F|  |TAMS 0x0000000614400000| PB 0x0000000614400000| Untracked |  0
|   82|0x0000000614800000, 0x0000000614800000, 0x0000000614c00000|  0%| F|  |TAMS 0x0000000614800000| PB 0x0000000614800000| Untracked |  0
|   83|0x0000000614c00000, 0x0000000614c00000, 0x0000000615000000|  0%| F|  |TAMS 0x0000000614c00000| PB 0x0000000614c00000| Untracked |  0
|   84|0x0000000615000000, 0x0000000615000000, 0x0000000615400000|  0%| F|  |TAMS 0x0000000615000000| PB 0x0000000615000000| Untracked |  0
|   85|0x0000000615400000, 0x0000000615400000, 0x0000000615800000|  0%| F|  |TAMS 0x0000000615400000| PB 0x0000000615400000| Untracked |  0
|   86|0x0000000615800000, 0x0000000615800000, 0x0000000615c00000|  0%| F|  |TAMS 0x0000000615800000| PB 0x0000000615800000| Untracked |  0
|   87|0x0000000615c00000, 0x0000000615c00000, 0x0000000616000000|  0%| F|  |TAMS 0x0000000615c00000| PB 0x0000000615c00000| Untracked |  0
|   88|0x0000000616000000, 0x0000000616000000, 0x0000000616400000|  0%| F|  |TAMS 0x0000000616000000| PB 0x0000000616000000| Untracked |  0
|   89|0x0000000616400000, 0x0000000616400000, 0x0000000616800000|  0%| F|  |TAMS 0x0000000616400000| PB 0x0000000616400000| Untracked |  0
|   90|0x0000000616800000, 0x0000000616800000, 0x0000000616c00000|  0%| F|  |TAMS 0x0000000616800000| PB 0x0000000616800000| Untracked |  0
|   91|0x0000000616c00000, 0x0000000616c00000, 0x0000000617000000|  0%| F|  |TAMS 0x0000000616c00000| PB 0x0000000616c00000| Untracked |  0
|   92|0x0000000617000000, 0x0000000617000000, 0x0000000617400000|  0%| F|  |TAMS 0x0000000617000000| PB 0x0000000617000000| Untracked |  0
|   93|0x0000000617400000, 0x0000000617400000, 0x0000000617800000|  0%| F|  |TAMS 0x0000000617400000| PB 0x0000000617400000| Untracked |  0
|   94|0x0000000617800000, 0x0000000617800000, 0x0000000617c00000|  0%| F|  |TAMS 0x0000000617800000| PB 0x0000000617800000| Untracked |  0
|   95|0x0000000617c00000, 0x0000000617c00000, 0x0000000618000000|  0%| F|  |TAMS 0x0000000617c00000| PB 0x0000000617c00000| Untracked |  0
|   96|0x0000000618000000, 0x0000000618000000, 0x0000000618400000|  0%| F|  |TAMS 0x0000000618000000| PB 0x0000000618000000| Untracked |  0
|   97|0x0000000618400000, 0x0000000618400000, 0x0000000618800000|  0%| F|  |TAMS 0x0000000618400000| PB 0x0000000618400000| Untracked |  0
|   98|0x0000000618800000, 0x0000000618800000, 0x0000000618c00000|  0%| F|  |TAMS 0x0000000618800000| PB 0x0000000618800000| Untracked |  0
|   99|0x0000000618c00000, 0x0000000618c00000, 0x0000000619000000|  0%| F|  |TAMS 0x0000000618c00000| PB 0x0000000618c00000| Untracked |  0
|  100|0x0000000619000000, 0x0000000619000000, 0x0000000619400000|  0%| F|  |TAMS 0x0000000619000000| PB 0x0000000619000000| Untracked |  0
|  101|0x0000000619400000, 0x0000000619400000, 0x0000000619800000|  0%| F|  |TAMS 0x0000000619400000| PB 0x0000000619400000| Untracked |  0
|  102|0x0000000619800000, 0x0000000619800000, 0x0000000619c00000|  0%| F|  |TAMS 0x0000000619800000| PB 0x0000000619800000| Untracked |  0
|  103|0x0000000619c00000, 0x0000000619c00000, 0x000000061a000000|  0%| F|  |TAMS 0x0000000619c00000| PB 0x0000000619c00000| Untracked |  0
|  104|0x000000061a000000, 0x000000061a000000, 0x000000061a400000|  0%| F|  |TAMS 0x000000061a000000| PB 0x000000061a000000| Untracked |  0
|  105|0x000000061a400000, 0x000000061a400000, 0x000000061a800000|  0%| F|  |TAMS 0x000000061a400000| PB 0x000000061a400000| Untracked |  0
|  106|0x000000061a800000, 0x000000061a800000, 0x000000061ac00000|  0%| F|  |TAMS 0x000000061a800000| PB 0x000000061a800000| Untracked |  0
|  107|0x000000061ac00000, 0x000000061ac00000, 0x000000061b000000|  0%| F|  |TAMS 0x000000061ac00000| PB 0x000000061ac00000| Untracked |  0
|  108|0x000000061b000000, 0x000000061b000000, 0x000000061b400000|  0%| F|  |TAMS 0x000000061b000000| PB 0x000000061b000000| Untracked |  0
|  109|0x000000061b400000, 0x000000061b400000, 0x000000061b800000|  0%| F|  |TAMS 0x000000061b400000| PB 0x000000061b400000| Untracked |  0
|  110|0x000000061b800000, 0x000000061b800000, 0x000000061bc00000|  0%| F|  |TAMS 0x000000061b800000| PB 0x000000061b800000| Untracked |  0
|  111|0x000000061bc00000, 0x000000061bc00000, 0x000000061c000000|  0%| F|  |TAMS 0x000000061bc00000| PB 0x000000061bc00000| Untracked |  0
|  112|0x000000061c000000, 0x000000061c000000, 0x000000061c400000|  0%| F|  |TAMS 0x000000061c000000| PB 0x000000061c000000| Untracked |  0
|  113|0x000000061c400000, 0x000000061c400000, 0x000000061c800000|  0%| F|  |TAMS 0x000000061c400000| PB 0x000000061c400000| Untracked |  0
|  114|0x000000061c800000, 0x000000061c800000, 0x000000061cc00000|  0%| F|  |TAMS 0x000000061c800000| PB 0x000000061c800000| Untracked |  0
|  115|0x000000061cc00000, 0x000000061cc00000, 0x000000061d000000|  0%| F|  |TAMS 0x000000061cc00000| PB 0x000000061cc00000| Untracked |  0
|  116|0x000000061d000000, 0x000000061d000000, 0x000000061d400000|  0%| F|  |TAMS 0x000000061d000000| PB 0x000000061d000000| Untracked |  0
|  117|0x000000061d400000, 0x000000061d400000, 0x000000061d800000|  0%| F|  |TAMS 0x000000061d400000| PB 0x000000061d400000| Untracked |  0
|  118|0x000000061d800000, 0x000000061d800000, 0x000000061dc00000|  0%| F|  |TAMS 0x000000061d800000| PB 0x000000061d800000| Untracked |  0
|  119|0x000000061dc00000, 0x000000061dc00000, 0x000000061e000000|  0%| F|  |TAMS 0x000000061dc00000| PB 0x000000061dc00000| Untracked |  0
|  120|0x000000061e000000, 0x000000061e000000, 0x000000061e400000|  0%| F|  |TAMS 0x000000061e000000| PB 0x000000061e000000| Untracked |  0
|  121|0x000000061e400000, 0x000000061e400000, 0x000000061e800000|  0%| F|  |TAMS 0x000000061e400000| PB 0x000000061e400000| Untracked |  0
|  122|0x000000061e800000, 0x000000061e800000, 0x000000061ec00000|  0%| F|  |TAMS 0x000000061e800000| PB 0x000000061e800000| Untracked |  0
|  123|0x000000061ec00000, 0x000000061ec00000, 0x000000061f000000|  0%| F|  |TAMS 0x000000061ec00000| PB 0x000000061ec00000| Untracked |  0
|  124|0x000000061f000000, 0x000000061f000000, 0x000000061f400000|  0%| F|  |TAMS 0x000000061f000000| PB 0x000000061f000000| Untracked |  0
|  125|0x000000061f400000, 0x000000061f400000, 0x000000061f800000|  0%| F|  |TAMS 0x000000061f400000| PB 0x000000061f400000| Untracked |  0
|  126|0x000000061f800000, 0x000000061f800000, 0x000000061fc00000|  0%| F|  |TAMS 0x000000061f800000| PB 0x000000061f800000| Untracked |  0
|  127|0x000000061fc00000, 0x000000061fc00000, 0x0000000620000000|  0%| F|  |TAMS 0x000000061fc00000| PB 0x000000061fc00000| Untracked |  0
|  128|0x0000000620000000, 0x0000000620000000, 0x0000000620400000|  0%| F|  |TAMS 0x0000000620000000| PB 0x0000000620000000| Untracked |  0
|  129|0x0000000620400000, 0x0000000620400000, 0x0000000620800000|  0%| F|  |TAMS 0x0000000620400000| PB 0x0000000620400000| Untracked |  0
|  130|0x0000000620800000, 0x0000000620800000, 0x0000000620c00000|  0%| F|  |TAMS 0x0000000620800000| PB 0x0000000620800000| Untracked |  0
|  131|0x0000000620c00000, 0x0000000620c00000, 0x0000000621000000|  0%| F|  |TAMS 0x0000000620c00000| PB 0x0000000620c00000| Untracked |  0
|  132|0x0000000621000000, 0x0000000621000000, 0x0000000621400000|  0%| F|  |TAMS 0x0000000621000000| PB 0x0000000621000000| Untracked |  0
|  133|0x0000000621400000, 0x0000000621400000, 0x0000000621800000|  0%| F|  |TAMS 0x0000000621400000| PB 0x0000000621400000| Untracked |  0
|  134|0x0000000621800000, 0x0000000621800000, 0x0000000621c00000|  0%| F|  |TAMS 0x0000000621800000| PB 0x0000000621800000| Untracked |  0
|  135|0x0000000621c00000, 0x0000000621c00000, 0x0000000622000000|  0%| F|  |TAMS 0x0000000621c00000| PB 0x0000000621c00000| Untracked |  0
|  136|0x0000000622000000, 0x0000000622000000, 0x0000000622400000|  0%| F|  |TAMS 0x0000000622000000| PB 0x0000000622000000| Untracked |  0
|  137|0x0000000622400000, 0x00000006227b5bf0, 0x0000000622800000| 92%| S|CS|TAMS 0x0000000622400000| PB 0x0000000622400000| Complete  |  0
|  138|0x0000000622800000, 0x0000000622800000, 0x0000000622c00000|  0%| F|  |TAMS 0x0000000622800000| PB 0x0000000622800000| Untracked |  0
|  139|0x0000000622c00000, 0x0000000622c00000, 0x0000000623000000|  0%| F|  |TAMS 0x0000000622c00000| PB 0x0000000622c00000| Untracked |  0
|  140|0x0000000623000000, 0x0000000623000000, 0x0000000623400000|  0%| F|  |TAMS 0x0000000623000000| PB 0x0000000623000000| Untracked |  0
|  141|0x0000000623400000, 0x0000000623400000, 0x0000000623800000|  0%| F|  |TAMS 0x0000000623400000| PB 0x0000000623400000| Untracked |  0
|  142|0x0000000623800000, 0x0000000623800000, 0x0000000623c00000|  0%| F|  |TAMS 0x0000000623800000| PB 0x0000000623800000| Untracked |  0
|  143|0x0000000623c00000, 0x0000000623c00000, 0x0000000624000000|  0%| F|  |TAMS 0x0000000623c00000| PB 0x0000000623c00000| Untracked |  0
|  144|0x0000000624000000, 0x0000000624000000, 0x0000000624400000|  0%| F|  |TAMS 0x0000000624000000| PB 0x0000000624000000| Untracked |  0
| 2043|0x00000007fec00000, 0x00000007ff000000, 0x00000007ff000000|100%| O|  |TAMS 0x00000007ff000000| PB 0x00000007fec00000| Untracked |  0
| 2044|0x00000007ff000000, 0x00000007ff400000, 0x00000007ff400000|100%| O|  |TAMS 0x00000007ff400000| PB 0x00000007ff000000| Untracked |  0
| 2045|0x00000007ff400000, 0x00000007ff800000, 0x00000007ff800000|100%| O|  |TAMS 0x00000007ff800000| PB 0x00000007ff400000| Untracked |  0
| 2046|0x00000007ff800000, 0x00000007ffc00000, 0x00000007ffc00000|100%| O|  |TAMS 0x00000007ffc00000| PB 0x00000007ff800000| Untracked |  0
| 2047|0x00000007ffc00000, 0x00000007ffc00000, 0x0000000800000000|  0%| F|  |TAMS 0x00000007ffc00000| PB 0x00000007ffc00000| Untracked |  0

Card table byte_map: [0x00000208ef9c0000,0x00000208f09c0000] _byte_map_base: 0x00000208ec9c0000
Refinement table byte_map: [0x00000208ee9c0000,0x00000208ef9c0000] _byte_map_base: 0x00000208eb9c0000

Marking Bits: (CMBitMap*) 0x00000208c41c72b0
 Bits: [0x00000208f09c0000, 0x00000208f89c0000)

Polling page: 0x00000208c2160000

Metaspace:
Metaspace        used 141201K, committed 143680K, reserved 1179648K
 class space     used 19546K, committed 20736K, reserved 1048576K

Usage:
  Non-class:    118.80 MB used.
      Class:     19.09 MB used.
       Both:    137.89 MB used.

Virtual space:
  Non-class space:      128.00 MB reserved,     120.06 MB ( 94%) committed,  2 nodes.
      Class space:        1.00 GB reserved,      20.25 MB (  2%) committed,  1 nodes.
             Both:        1.12 GB reserved,     140.31 MB ( 12%) committed. 

Chunk freelists:
   Non-Class:  7.38 MB
       Class:  11.80 MB
        Both:  19.17 MB

MaxMetaspaceSize: 4.00 GB
CompressedClassSpaceSize: 1.00 GB
Initial GC threshold: 21.00 MB
Current GC threshold: 177.19 MB
CDS: on
 - commit_granule_bytes: 65536.
 - commit_granule_words: 8192.
 - virtual_space_node_default_size: 8388608.
 - enlarge_chunks_in_place: 1.
UseCompressedClassPointers 1, UseCompactObjectHeaders 0
Narrow klass pointer bits 32, Max shift 3
Narrow klass base: 0x0000000083000000, Narrow klass shift: 0
Encoding Range: [0x0000000083000000 - 0x0000000183000000), (4294967296 bytes)
Klass Range:    [0x0000000083000000 - 0x00000000c4000000), (1090519040 bytes)
Klass ID Range:  [8 - 1090519033) (1090519025)
Protection zone: [0x0000000083000000 - 0x0000000083010000), (65536 bytes)


Internal statistics:

num_allocs_failed_limit: 6.
num_arena_births: 4296.
num_arena_deaths: 0.
num_vsnodes_births: 3.
num_vsnodes_deaths: 0.
num_space_committed: 2244.
num_space_uncommitted: 0.
num_chunks_returned_to_freelist: 6.
num_chunks_taken_from_freelist: 10037.
num_chunk_merges: 6.
num_chunk_splits: 7113.
num_chunks_enlarged: 5094.
num_inconsistent_stats: 0.

CodeHeap 'non-profiled nmethods': size=258432Kb used=7169Kb max_used=7169Kb free=251262Kb
 bounds [0x00000208dd1a0000, 0x00000208dd8b0000, 0x00000208ece00000]
CodeHeap 'profiled nmethods': size=258432Kb used=29448Kb max_used=29448Kb free=228983Kb
 bounds [0x00000208ccdf0000, 0x00000208ceac0000, 0x00000208dca50000]
CodeHeap 'non-nmethods': size=7488Kb used=2317Kb max_used=4133Kb free=5170Kb
 bounds [0x00000208dca50000, 0x00000208dce60000, 0x00000208dd1a0000]
CodeCache: size=524352Kb, used=38934Kb, max_used=40750Kb, free=485415Kb
 total_blobs=17758, nmethods=16620, adapters=1041, full_count=0
Compilation: enabled, stopped_count=0, restarted_count=0

Compilation events (20 events):
Event: 124.686 Thread 0x00000208fb3e6150 18230       4       org.gradle.internal.snapshot.ChildMapFactory::childMapFromSorted (84 bytes)
Event: 124.736 Thread 0x00000208fb3e6150 nmethod 18230 0x00000208dd89d688 code [0x00000208dd89d780, 0x00000208dd89dad8]
Event: 124.737 Thread 0x00000208fb3e6150 18231       4       org.gradle.internal.hash.HashCode::toStringBuilder (67 bytes)
Event: 124.742 Thread 0x00000208fb3e6150 nmethod 18231 0x00000208dd89db08 code [0x00000208dd89dc00, 0x00000208dd89e330]
Event: 124.781 Thread 0x00000208fb3e6150 18232       4       com.google.common.collect.ImmutableSet$Builder::build (32 bytes)
Event: 124.784 Thread 0x00000208fb3e6150 nmethod 18232 0x00000208dd89e388 code [0x00000208dd89e4a0, 0x00000208dd89ea78]
Event: 124.813 Thread 0x00000208fb3e6150 18233       4       org.gradle.internal.operations.DefaultBuildOperationListenerManager$1::finished (54 bytes)
Event: 124.814 Thread 0x00000208fb3ed5d0 18234       3       org.gradle.internal.execution.steps.AssignImmutableWorkspaceStep::execute (96 bytes)
Event: 124.815 Thread 0x00000208fb3e6150 nmethod 18233 0x00000208dd89ea88 code [0x00000208dd89eb80, 0x00000208dd89ee60]
Event: 124.866 Thread 0x00000208fb3ed5d0 nmethod 18234 0x00000208ceaaff08 code [0x00000208ceab0000, 0x00000208ceab1108]
Event: 124.943 Thread 0x00000208fb3ed5d0 18235       3       org.gradle.api.internal.artifacts.transform.TransformingAsyncArtifactListener$TransformedArtifact::description (36 bytes)
Event: 124.944 Thread 0x00000208fb3ed5d0 nmethod 18235 0x00000208ceab1188 code [0x00000208ceab1280, 0x00000208ceab1e08]
Event: 125.224 Thread 0x00000208fb3e6150 18236       4       sun.nio.fs.WindowsFileAttributes::lastModifiedTime (8 bytes)
Event: 125.226 Thread 0x00000208fb3e6150 nmethod 18236 0x00000208dd89ee88 code [0x00000208dd89ef80, 0x00000208dd89f0e0]
Event: 125.396 Thread 0x00000208fb3e6150 18237   !   4       com.google.common.cache.LocalCache$Segment::get (210 bytes)
Event: 125.528 Thread 0x00000208fb3ed5d0 18238       3       java.util.Collections::singletonSpliterator (9 bytes)
Event: 125.528 Thread 0x00000208fb3ed5d0 nmethod 18238 0x00000208ceab1e88 code [0x00000208ceab1f80, 0x00000208ceab21d8]
Event: 125.740 Thread 0x00000208fb3e6150 nmethod 18237 0x00000208dd89f188 code [0x00000208dd89f280, 0x00000208dd8a01d8]
Event: 126.076 Thread 0x00000208fb3e6150 18239       4       java.util.concurrent.locks.AbstractQueuedSynchronizer$ConditionObject::unlinkCancelledWaiters (91 bytes)
Event: 126.077 Thread 0x00000208fb3e6150 nmethod 18239 0x00000208dd8a0208 code [0x00000208dd8a0300, 0x00000208dd8a0600]

GC Heap Usage History (20 events):
Event: 67.907 {heap After GC invocations=34 (full 0):
 garbage-first heap   total reserved 8388608K, committed 196608K, used 60543K [0x0000000600000000, 0x0000000800000000)
  region size 4M, 0 eden (0M), 2 survivor (8M), 13 old (52M), 1 humongous (4M), 32 free (128M)
}
Event: 69.105 {heap Before GC invocations=35 (full 0):
 garbage-first heap   total reserved 8388608K, committed 196608K, used 167039K [0x0000000600000000, 0x0000000800000000)
  region size 4M, 26 eden (104M), 2 survivor (8M), 13 old (52M), 1 humongous (4M), 6 free (24M)
}
Event: 69.117 {heap After GC invocations=36 (full 0):
 garbage-first heap   total reserved 8388608K, committed 196608K, used 75109K [0x0000000600000000, 0x0000000800000000)
  region size 4M, 0 eden (0M), 4 survivor (16M), 14 old (56M), 1 humongous (4M), 29 free (116M)
}
Event: 69.883 {heap Before GC invocations=36 (full 0):
 garbage-first heap   total reserved 8388608K, committed 196608K, used 165221K [0x0000000600000000, 0x0000000800000000)
  region size 4M, 22 eden (88M), 4 survivor (16M), 14 old (56M), 1 humongous (4M), 7 free (28M)
}
Event: 69.899 {heap After GC invocations=37 (full 0):
 garbage-first heap   total reserved 8388608K, committed 200704K, used 91632K [0x0000000600000000, 0x0000000800000000)
  region size 4M, 0 eden (0M), 4 survivor (16M), 18 old (72M), 1 humongous (4M), 26 free (104M)
}
Event: 70.675 {heap Before GC invocations=37 (full 0):
 garbage-first heap   total reserved 8388608K, committed 200704K, used 165360K [0x0000000600000000, 0x0000000800000000)
  region size 4M, 18 eden (72M), 4 survivor (16M), 18 old (72M), 1 humongous (4M), 8 free (32M)
}
Event: 70.684 {heap After GC invocations=38 (full 0):
 garbage-first heap   total reserved 8388608K, committed 200704K, used 96784K [0x0000000600000000, 0x0000000800000000)
  region size 4M, 0 eden (0M), 1 survivor (4M), 22 old (88M), 1 humongous (4M), 25 free (100M)
}
Event: 71.666 {heap Before GC invocations=38 (full 0):
 garbage-first heap   total reserved 8388608K, committed 200704K, used 174608K [0x0000000600000000, 0x0000000800000000)
  region size 4M, 19 eden (76M), 1 survivor (4M), 22 old (88M), 1 humongous (4M), 6 free (24M)
}
Event: 71.672 {heap After GC invocations=39 (full 0):
 garbage-first heap   total reserved 8388608K, committed 200704K, used 104648K [0x0000000600000000, 0x0000000800000000)
  region size 4M, 0 eden (0M), 3 survivor (12M), 22 old (88M), 1 humongous (4M), 23 free (92M)
}
Event: 72.445 {heap Before GC invocations=40 (full 0):
 garbage-first heap   total reserved 8388608K, committed 200704K, used 174280K [0x0000000600000000, 0x0000000800000000)
  region size 4M, 17 eden (68M), 3 survivor (12M), 22 old (88M), 1 humongous (4M), 6 free (24M)
}
Event: 72.459 {heap After GC invocations=41 (full 0):
 garbage-first heap   total reserved 8388608K, committed 204800K, used 121325K [0x0000000600000000, 0x0000000800000000)
  region size 4M, 0 eden (0M), 3 survivor (12M), 26 old (104M), 1 humongous (4M), 20 free (80M)
}
Event: 73.145 {heap Before GC invocations=41 (full 0):
 garbage-first heap   total reserved 8388608K, committed 204800K, used 178669K [0x0000000600000000, 0x0000000800000000)
  region size 4M, 14 eden (56M), 3 survivor (12M), 26 old (104M), 1 humongous (4M), 6 free (24M)
}
Event: 73.156 {heap After GC invocations=42 (full 0):
 garbage-first heap   total reserved 8388608K, committed 614400K, used 129021K [0x0000000600000000, 0x0000000800000000)
  region size 4M, 0 eden (0M), 2 survivor (8M), 29 old (116M), 1 humongous (4M), 118 free (472M)
}
Event: 115.760 {heap Before GC invocations=42 (full 0):
 garbage-first heap   total reserved 8388608K, committed 614400K, used 477181K [0x0000000600000000, 0x0000000800000000)
  region size 4M, 86 eden (344M), 2 survivor (8M), 29 old (116M), 1 humongous (4M), 32 free (128M)
}
Event: 117.066 {heap After GC invocations=43 (full 0):
 garbage-first heap   total reserved 8388608K, committed 614400K, used 149052K [0x0000000600000000, 0x0000000800000000)
  region size 4M, 0 eden (0M), 7 survivor (28M), 29 old (116M), 1 humongous (4M), 113 free (452M)
}
Event: 117.071 {heap Before GC invocations=43 (full 0):
 garbage-first heap   total reserved 8388608K, committed 614400K, used 153148K [0x0000000600000000, 0x0000000800000000)
  region size 4M, 1 eden (4M), 7 survivor (28M), 29 old (116M), 1 humongous (4M), 112 free (448M)
}
Event: 117.104 {heap After GC invocations=44 (full 0):
 garbage-first heap   total reserved 8388608K, committed 614400K, used 152549K [0x0000000600000000, 0x0000000800000000)
  region size 4M, 0 eden (0M), 1 survivor (4M), 36 old (144M), 1 humongous (4M), 112 free (448M)
}
Event: 121.228 {heap Before GC invocations=44 (full 0):
 garbage-first heap   total reserved 8388608K, committed 614400K, used 185317K [0x0000000600000000, 0x0000000800000000)
  region size 4M, 9 eden (36M), 1 survivor (4M), 36 old (144M), 1 humongous (4M), 103 free (412M)
}
Event: 121.354 {heap After GC invocations=45 (full 0):
 garbage-first heap   total reserved 8388608K, committed 614400K, used 151345K [0x0000000600000000, 0x0000000800000000)
  region size 4M, 0 eden (0M), 1 survivor (4M), 36 old (144M), 1 humongous (4M), 112 free (448M)
}
Event: 126.351 {heap Before GC invocations=45 (full 0):
 garbage-first heap   total reserved 8388608K, committed 614400K, used 180017K [0x0000000600000000, 0x0000000800000000)
  region size 4M, 8 eden (32M), 1 survivor (4M), 36 old (144M), 1 humongous (4M), 104 free (416M)
}

Metaspace Usage History (20 events):
Event: 67.907 {metaspace After GC invocations=34 (full 0):
 Metaspace       used 69704K, committed 71808K, reserved 1114112K
  class space    used 10494K, committed 11520K, reserved 1048576K
}
Event: 69.105 {metaspace Before GC invocations=35 (full 0):
 Metaspace       used 82444K, committed 84672K, reserved 1179648K
  class space    used 12646K, committed 13696K, reserved 1048576K
}
Event: 69.117 {metaspace After GC invocations=36 (full 0):
 Metaspace       used 82444K, committed 84672K, reserved 1179648K
  class space    used 12646K, committed 13696K, reserved 1048576K
}
Event: 69.883 {metaspace Before GC invocations=36 (full 0):
 Metaspace       used 89612K, committed 91840K, reserved 1179648K
  class space    used 13401K, committed 14464K, reserved 1048576K
}
Event: 69.899 {metaspace After GC invocations=37 (full 0):
 Metaspace       used 89612K, committed 91840K, reserved 1179648K
  class space    used 13401K, committed 14464K, reserved 1048576K
}
Event: 70.675 {metaspace Before GC invocations=37 (full 0):
 Metaspace       used 99345K, committed 101632K, reserved 1179648K
  class space    used 14452K, committed 15552K, reserved 1048576K
}
Event: 70.684 {metaspace After GC invocations=38 (full 0):
 Metaspace       used 99345K, committed 101632K, reserved 1179648K
  class space    used 14452K, committed 15552K, reserved 1048576K
}
Event: 71.666 {metaspace Before GC invocations=38 (full 0):
 Metaspace       used 106208K, committed 108480K, reserved 1179648K
  class space    used 15302K, committed 16384K, reserved 1048576K
}
Event: 71.672 {metaspace After GC invocations=39 (full 0):
 Metaspace       used 106208K, committed 108480K, reserved 1179648K
  class space    used 15302K, committed 16384K, reserved 1048576K
}
Event: 72.445 {metaspace Before GC invocations=40 (full 0):
 Metaspace       used 109014K, committed 111232K, reserved 1179648K
  class space    used 15626K, committed 16704K, reserved 1048576K
}
Event: 72.459 {metaspace After GC invocations=41 (full 0):
 Metaspace       used 109014K, committed 111232K, reserved 1179648K
  class space    used 15626K, committed 16704K, reserved 1048576K
}
Event: 73.145 {metaspace Before GC invocations=41 (full 0):
 Metaspace       used 114506K, committed 116736K, reserved 1179648K
  class space    used 16147K, committed 17216K, reserved 1048576K
}
Event: 73.156 {metaspace After GC invocations=42 (full 0):
 Metaspace       used 114506K, committed 116736K, reserved 1179648K
  class space    used 16147K, committed 17216K, reserved 1048576K
}
Event: 115.760 {metaspace Before GC invocations=42 (full 0):
 Metaspace       used 140904K, committed 143424K, reserved 1179648K
  class space    used 19532K, committed 20736K, reserved 1048576K
}
Event: 117.066 {metaspace After GC invocations=43 (full 0):
 Metaspace       used 140904K, committed 143424K, reserved 1179648K
  class space    used 19532K, committed 20736K, reserved 1048576K
}
Event: 117.071 {metaspace Before GC invocations=43 (full 0):
 Metaspace       used 140907K, committed 143424K, reserved 1179648K
  class space    used 19533K, committed 20736K, reserved 1048576K
}
Event: 117.104 {metaspace After GC invocations=44 (full 0):
 Metaspace       used 140907K, committed 143424K, reserved 1179648K
  class space    used 19533K, committed 20736K, reserved 1048576K
}
Event: 121.237 {metaspace Before GC invocations=44 (full 0):
 Metaspace       used 141153K, committed 143680K, reserved 1179648K
  class space    used 19545K, committed 20736K, reserved 1048576K
}
Event: 121.354 {metaspace After GC invocations=45 (full 0):
 Metaspace       used 141153K, committed 143680K, reserved 1179648K
  class space    used 19545K, committed 20736K, reserved 1048576K
}
Event: 126.351 {metaspace Before GC invocations=45 (full 0):
 Metaspace       used 141201K, committed 143680K, reserved 1179648K
  class space    used 19546K, committed 20736K, reserved 1048576K
}

Dll operation events (20 events):
Event: 0.489 Attempting to load shared library C:\Program Files\Java\jdk-26.0.1\bin\zip.dll
Event: 0.489 Loaded shared library C:\Program Files\Java\jdk-26.0.1\bin\zip.dll
Event: 1.309 Attempting to load shared library C:\Program Files\Java\jdk-26.0.1\bin\jimage.dll
Event: 1.309 Loaded shared library C:\Program Files\Java\jdk-26.0.1\bin\jimage.dll
Event: 2.425 Attempting to load shared library C:\Program Files\Java\jdk-26.0.1\bin\verify.dll
Event: 2.426 Loaded shared library C:\Program Files\Java\jdk-26.0.1\bin\verify.dll
Event: 2.484 Attempting to load shared library C:\Users\Asus\.gradle\native\1def1411415f61bf3af743bc5b6707747c0891f09f0c88961ee8f79bc544acac\windows-amd64\native-platform.dll
Event: 2.490 Loaded shared library C:\Users\Asus\.gradle\native\1def1411415f61bf3af743bc5b6707747c0891f09f0c88961ee8f79bc544acac\windows-amd64\native-platform.dll
Event: 2.533 Attempting to load shared library C:\Users\Asus\.gradle\native\0.2.8\x86_64-windows-gnu\gradle-fileevents.dll
Event: 2.540 Loaded shared library C:\Users\Asus\.gradle\native\0.2.8\x86_64-windows-gnu\gradle-fileevents.dll
Event: 7.629 Attempting to load shared library C:\Program Files\Java\jdk-26.0.1\bin\management.dll
Event: 7.636 Loaded shared library C:\Program Files\Java\jdk-26.0.1\bin\management.dll
Event: 7.643 Attempting to load shared library C:\Program Files\Java\jdk-26.0.1\bin\management_ext.dll
Event: 7.648 Loaded shared library C:\Program Files\Java\jdk-26.0.1\bin\management_ext.dll
Event: 8.978 Attempting to load shared library C:\Program Files\Java\jdk-26.0.1\bin\extnet.dll
Event: 8.983 Loaded shared library C:\Program Files\Java\jdk-26.0.1\bin\extnet.dll
Event: 14.531 Attempting to load shared library C:\Program Files\Java\jdk-26.0.1\bin\sunmscapi.dll
Event: 14.541 Loaded shared library C:\Program Files\Java\jdk-26.0.1\bin\sunmscapi.dll
Event: 78.403 Attempting to load shared library C:\Program Files\Java\jdk-26.0.1\bin\rmi.dll
Event: 78.404 Loaded shared library C:\Program Files\Java\jdk-26.0.1\bin\rmi.dll

Deoptimization events (20 events):
Event: 122.089 Thread 0x00000208a8aa7530 Uncommon trap: trap_request=0xffffff45 fr.pc=0x00000208dd438b50 relative=0x0000000000000250
Event: 122.089 Thread 0x00000208a8aa7530 Uncommon trap: reason=unstable_if action=reinterpret pc=0x00000208dd438b50 method=java.util.concurrent.ConcurrentHashMap.addCount(JI)V @ 171 c2
Event: 122.089 Thread 0x00000208a8aa7530 DEOPT PACKING pc=0x00000208dd438b50 sp=0x00000090646fdd80
Event: 122.089 Thread 0x00000208a8aa7530 DEOPT UNPACKING pc=0x00000208dcb70c02 sp=0x00000090646fdce0 mode 2
Event: 122.103 Thread 0x0000020884f68010 Uncommon trap: trap_request=0xffffffde fr.pc=0x00000208dd448fc0 relative=0x00000000000002c0
Event: 122.103 Thread 0x0000020884f68010 Uncommon trap: reason=class_check action=maybe_recompile pc=0x00000208dd448fc0 method=java.util.concurrent.ConcurrentHashMap.get(Ljava/lang/Object;)Ljava/lang/Object; @ 93 c2
Event: 122.103 Thread 0x0000020884f68010 DEOPT PACKING pc=0x00000208dd448fc0 sp=0x00000090589f6940
Event: 122.103 Thread 0x0000020884f68010 DEOPT UNPACKING pc=0x00000208dcb70c02 sp=0x00000090589f6898 mode 2
Event: 122.129 Thread 0x00000208a8aa5dc0 Uncommon trap: trap_request=0xffffff45 fr.pc=0x00000208dd2407c0 relative=0x00000000000009c0
Event: 122.129 Thread 0x00000208a8aa5dc0 Uncommon trap: reason=unstable_if action=reinterpret pc=0x00000208dd2407c0 method=java.util.concurrent.ConcurrentHashMap.transfer([Ljava/util/concurrent/ConcurrentHashMap$Node;[Ljava/util/concurrent/ConcurrentHashMap$Node;)V @ 347 c2
Event: 122.129 Thread 0x00000208a8aa5dc0 DEOPT PACKING pc=0x00000208dd2407c0 sp=0x0000009064afdba0
Event: 122.129 Thread 0x00000208a8aa5dc0 DEOPT UNPACKING pc=0x00000208dcb70c02 sp=0x0000009064afdb08 mode 2
Event: 122.136 Thread 0x00000208a8a9f060 Uncommon trap: trap_request=0xffffff45 fr.pc=0x00000208dd438b50 relative=0x0000000000000250
Event: 122.136 Thread 0x00000208a8a9f060 Uncommon trap: reason=unstable_if action=reinterpret pc=0x00000208dd438b50 method=java.util.concurrent.ConcurrentHashMap.addCount(JI)V @ 171 c2
Event: 122.136 Thread 0x00000208a8a9f060 DEOPT PACKING pc=0x00000208dd438b50 sp=0x00000090643fe2e0
Event: 122.136 Thread 0x00000208a8a9f060 DEOPT UNPACKING pc=0x00000208dcb70c02 sp=0x00000090643fe220 mode 2
Event: 122.687 Thread 0x00000208a8aa4e20 Uncommon trap: trap_request=0xfffffff4 fr.pc=0x00000208dd88d964 relative=0x0000000000003164
Event: 122.687 Thread 0x00000208a8aa4e20 Uncommon trap: reason=null_check action=make_not_entrant pc=0x00000208dd88d964 method=org.gradle.tooling.internal.provider.runner.ClientBuildEventGenerator$Disabled.accept(Lorg/gradle/internal/operations/BuildOperationDescriptor;)Lorg/gradle/tooling/inter
Event: 122.687 Thread 0x00000208a8aa4e20 DEOPT PACKING pc=0x00000208dd88d964 sp=0x00000090647fe520
Event: 122.687 Thread 0x00000208a8aa4e20 DEOPT UNPACKING pc=0x00000208dcb70c02 sp=0x00000090647fe488 mode 2

Classes loaded (20 events):
Event: 78.475 Loading class sun/rmi/transport/DGCAckHandler$1
Event: 78.475 Loading class sun/rmi/transport/DGCAckHandler$1 done
Event: 78.502 Loading class sun/rmi/transport/tcp/TCPTransport$ConnectionHandler
Event: 78.502 Loading class sun/rmi/transport/tcp/TCPTransport$ConnectionHandler done
Event: 78.506 Loading class sun/rmi/transport/DGCImpl$LeaseInfo
Event: 78.506 Loading class sun/rmi/transport/DGCImpl$LeaseInfo done
Event: 78.506 Loading class sun/rmi/transport/DGCImpl$1
Event: 78.506 Loading class sun/rmi/transport/DGCImpl$1 done
Event: 78.507 Loading class sun/rmi/transport/SequenceEntry
Event: 78.507 Loading class sun/rmi/transport/SequenceEntry done
Event: 106.741 Loading class java/time/Instant$1
Event: 106.769 Loading class java/time/Instant$1 done
Event: 114.187 Loading class java/util/concurrent/ConcurrentLinkedQueue$Itr
Event: 114.187 Loading class java/util/concurrent/ConcurrentLinkedQueue$Itr done
Event: 117.069 Loading class sun/rmi/transport/DGCClient$EndpointEntry$CleanRequest
Event: 117.070 Loading class sun/rmi/transport/DGCClient$EndpointEntry$CleanRequest done
Event: 122.034 Loading class java/util/concurrent/ConcurrentHashMap$TreeNode
Event: 122.036 Loading class java/util/concurrent/ConcurrentHashMap$TreeNode done
Event: 122.036 Loading class java/util/concurrent/ConcurrentHashMap$TreeBin
Event: 122.039 Loading class java/util/concurrent/ConcurrentHashMap$TreeBin done

Classes unloaded (0 events):
No events

Classes redefined (0 events):
No events

Internal exceptions (20 events):
Event: 78.396 Thread 0x00000208a61467c0 Exception <a 'java/lang/NoSuchMethodError'{0x000000061142e4b0}: static Lorg/jetbrains/kotlin/daemon/common/LoopbackNetworkInterface$ClientLoopbackSocketFactory;.<clinit>()V> (0x000000061142e4b0) 
thrown [s\open\src\hotspot\share\prims\jni.cpp, line 1104]
Event: 78.409 Thread 0x00000208a61467c0 Exception <a 'java/lang/NoSuchMethodError'{0x0000000611457f58}: static [Ljava/rmi/server/ObjID;.<clinit>()V> (0x0000000611457f58) 
thrown [s\open\src\hotspot\share\prims\jni.cpp, line 1104]
Event: 78.411 Thread 0x00000208a61467c0 Exception <a 'java/lang/NoSuchMethodError'{0x0000000611471098}: static [B.<clinit>()V> (0x0000000611471098) 
thrown [s\open\src\hotspot\share\prims\jni.cpp, line 1104]
Event: 78.418 Thread 0x00000208a6145ff0 Exception <a 'java/lang/InterruptedException'{0x0000000611698750}> (0x0000000611698750) 
thrown [s\open\src\hotspot\share\runtime\objectMonitor.cpp, line 2024]
Event: 78.435 Thread 0x00000208a61467c0 Exception <a 'java/lang/NoSuchMethodError'{0x0000000611498420}: static Lorg/jetbrains/kotlin/daemon/common/CompileService$CallResult;.<clinit>()V> (0x0000000611498420) 
thrown [s\open\src\hotspot\share\prims\jni.cpp, line 1104]
Event: 78.436 Thread 0x00000208a61467c0 Exception <a 'java/lang/NoSuchMethodError'{0x00000006114a16c0}: static Lorg/jetbrains/kotlin/daemon/common/CompileService$CallResult$Good;.<clinit>()V> (0x00000006114a16c0) 
thrown [s\open\src\hotspot\share\prims\jni.cpp, line 1104]
Event: 78.436 Thread 0x00000208a61467c0 Exception <a 'java/lang/NoSuchMethodError'{0x00000006114ab738}: static Lorg/jetbrains/kotlin/daemon/common/DaemonJVMOptions;.<clinit>()V> (0x00000006114ab738) 
thrown [s\open\src\hotspot\share\prims\jni.cpp, line 1104]
Event: 78.441 Thread 0x00000208a61467c0 Exception <a 'java/lang/NoSuchMethodError'{0x00000006114c1f28}: static Lorg/jetbrains/kotlin/daemon/common/CompileService$CallResult$Ok;.<clinit>()V> (0x00000006114c1f28) 
thrown [s\open\src\hotspot\share\prims\jni.cpp, line 1104]
Event: 78.470 Thread 0x00000208a61467c0 Exception <a 'java/lang/NoSuchMethodError'{0x0000000611072b78}: static [Ljava/lang/Integer;.<clinit>()V> (0x0000000611072b78) 
thrown [s\open\src\hotspot\share\prims\jni.cpp, line 1104]
Event: 105.302 Thread 0x00000208a614cd50 Exception <a 'java/lang/NoSuchMethodError'{0x00000006112c9118}: 'void java.lang.invoke.DirectMethodHandle$Holder.invokeInterface(java.lang.Object, java.lang.Object, int, java.lang.Object)'> (0x00000006112c9118) 
thrown [s\open\src\hotspot\share\interpreter\linkResolver.cpp, line 804]
Event: 105.306 Thread 0x00000208a614cd50 Exception <a 'java/lang/NoSuchMethodError'{0x00000006112d11c0}: 'void java.lang.invoke.DelegatingMethodHandle$Holder.reinvoke_L(java.lang.Object, java.lang.Object, int, java.lang.Object)'> (0x00000006112d11c0) 
thrown [s\open\src\hotspot\share\interpreter\linkResolver.cpp, line 804]
Event: 105.339 Thread 0x00000208a614cd50 Exception <a 'java/lang/NoSuchMethodError'{0x0000000611310c20}: 'void java.lang.invoke.DelegatingMethodHandle$Holder.reinvoke_L(java.lang.Object, java.lang.Object, int, int, java.lang.Object, java.lang.Object)'> (0x0000000611310c20) 
thrown [s\open\src\hotspot\share\interpreter\linkResolver.cpp, line 804]
Event: 113.432 Thread 0x00000208a8c12110 Exception <a 'sun/nio/fs/WindowsException'{0x0000000617b6f918}> (0x0000000617b6f918) 
thrown [s\open\src\hotspot\share\prims\jni.cpp, line 514]
Event: 113.465 Thread 0x00000208a8c12110 Exception <a 'sun/nio/fs/WindowsException'{0x0000000610ae3d38}> (0x0000000610ae3d38) 
thrown [s\open\src\hotspot\share\prims\jni.cpp, line 514]
Event: 113.478 Thread 0x00000208a8c12110 Exception <a 'sun/nio/fs/WindowsException'{0x0000000610ae5d30}> (0x0000000610ae5d30) 
thrown [s\open\src\hotspot\share\prims\jni.cpp, line 514]
Event: 113.499 Thread 0x00000208a8c12110 Exception <a 'sun/nio/fs/WindowsException'{0x0000000610ae7ac8}> (0x0000000610ae7ac8) 
thrown [s\open\src\hotspot\share\prims\jni.cpp, line 514]
Event: 114.120 Thread 0x00000208a8c12110 Exception <a 'sun/nio/fs/WindowsException'{0x0000000610b10fe8}> (0x0000000610b10fe8) 
thrown [s\open\src\hotspot\share\prims\jni.cpp, line 514]
Event: 114.121 Thread 0x00000208a8c12110 Exception <a 'sun/nio/fs/WindowsException'{0x0000000610b12fe0}> (0x0000000610b12fe0) 
thrown [s\open\src\hotspot\share\prims\jni.cpp, line 514]
Event: 114.121 Thread 0x00000208a8c12110 Exception <a 'sun/nio/fs/WindowsException'{0x0000000610b14c30}> (0x0000000610b14c30) 
thrown [s\open\src\hotspot\share\prims\jni.cpp, line 514]
Event: 122.687 Thread 0x00000208a8aa4e20 Implicit null exception at 0x00000208dd88acdd to 0x00000208dd88d950

VM Operations (20 events):
Event: 77.635 Executing non-safepoint VM operation: HandshakeAllThreads (Deoptimize) done
Event: 77.638 Executing non-safepoint VM operation: HandshakeAllThreads (Deoptimize)
Event: 77.638 Executing non-safepoint VM operation: HandshakeAllThreads (Deoptimize) done
Event: 78.359 Executing non-safepoint VM operation: HandshakeAllThreads (Deoptimize)
Event: 78.360 Executing non-safepoint VM operation: HandshakeAllThreads (Deoptimize) done
Event: 112.513 Executing non-safepoint VM operation: HandshakeAllThreads (Deoptimize)
Event: 112.513 Executing non-safepoint VM operation: HandshakeAllThreads (Deoptimize) done
Event: 115.758 Executing safepoint VM operation: G1CollectForAllocation (G1 Evacuation Pause)
Event: 117.067 Executing safepoint VM operation: G1CollectForAllocation (G1 Evacuation Pause) done
Event: 117.070 Executing safepoint VM operation: G1CollectForAllocation (G1 Evacuation Pause)
Event: 117.104 Executing safepoint VM operation: G1CollectForAllocation (G1 Evacuation Pause) done
Event: 120.291 Executing non-safepoint VM operation: HandshakeAllThreads (DeflationHandshakeClosure)
Event: 120.291 Executing non-safepoint VM operation: HandshakeAllThreads (DeflationHandshakeClosure) done
Event: 120.291 Executing non-safepoint VM operation: RendezvousGCThreads
Event: 120.291 Executing non-safepoint VM operation: RendezvousGCThreads done
Event: 120.679 Executing non-safepoint VM operation: HandshakeAllThreads (Deoptimize)
Event: 120.679 Executing non-safepoint VM operation: HandshakeAllThreads (Deoptimize) done
Event: 121.228 Executing safepoint VM operation: G1CollectForAllocation (G1 Evacuation Pause)
Event: 121.354 Executing safepoint VM operation: G1CollectForAllocation (G1 Evacuation Pause) done
Event: 126.351 Executing safepoint VM operation: G1CollectForAllocation (G1 Evacuation Pause)

Memory protections (0 events):
No events

Nmethod flushes (20 events):
Event: 71.716 Thread 0x00000208fb3c76c0 flushing  nmethod 0x00000208cd1f8808
Event: 71.716 Thread 0x00000208fb3c76c0 flushing  nmethod 0x00000208cd266288
Event: 71.716 Thread 0x00000208fb3c76c0 flushing  nmethod 0x00000208cd26d308
Event: 71.716 Thread 0x00000208fb3c76c0 flushing  nmethod 0x00000208cd31fa88
Event: 71.716 Thread 0x00000208fb3c76c0 flushing  nmethod 0x00000208cd38f408
Event: 71.716 Thread 0x00000208fb3c76c0 flushing  nmethod 0x00000208cd393e08
Event: 71.716 Thread 0x00000208fb3c76c0 flushing  nmethod 0x00000208cd3e6b08
Event: 71.716 Thread 0x00000208fb3c76c0 flushing  nmethod 0x00000208cd4a2e88
Event: 71.716 Thread 0x00000208fb3c76c0 flushing  nmethod 0x00000208cd4a6708
Event: 71.716 Thread 0x00000208fb3c76c0 flushing  nmethod 0x00000208cd4aa708
Event: 71.716 Thread 0x00000208fb3c76c0 flushing  nmethod 0x00000208cd546308
Event: 71.716 Thread 0x00000208fb3c76c0 flushing  nmethod 0x00000208cd546a08
Event: 71.716 Thread 0x00000208fb3c76c0 flushing  nmethod 0x00000208cd5c2088
Event: 71.716 Thread 0x00000208fb3c76c0 flushing  nmethod 0x00000208cd5c7c88
Event: 71.716 Thread 0x00000208fb3c76c0 flushing  nmethod 0x00000208cd65a388
Event: 71.716 Thread 0x00000208fb3c76c0 flushing  nmethod 0x00000208cd70fd08
Event: 71.716 Thread 0x00000208fb3c76c0 flushing  nmethod 0x00000208cd790388
Event: 71.716 Thread 0x00000208fb3c76c0 flushing  nmethod 0x00000208cd843b08
Event: 71.716 Thread 0x00000208fb3c76c0 flushing  nmethod 0x00000208cd8f9808
Event: 71.716 Thread 0x00000208fb3c76c0 flushing  nmethod 0x00000208cda2aa08

Events (20 events):
Event: 120.435 Thread 0x00000208a6edd100 Thread exited: 0x00000208a6edd100
Event: 120.728 Thread 0x00000208fb3ed5d0 Thread added: 0x00000208a753a620
Event: 120.733 Thread 0x0000020884f68010 Thread added: 0x00000208a8b0adf0
Event: 120.734 Thread 0x0000020884f68010 Thread added: 0x00000208a6149e70
Event: 120.734 Thread 0x0000020884f68010 Thread added: 0x0000020888d566b0
Event: 120.735 Thread 0x0000020884f68010 Thread added: 0x00000208a8aa07d0
Event: 120.736 Thread 0x0000020884f68010 Thread added: 0x00000208a8aa0fa0
Event: 120.737 Thread 0x0000020884f68010 Thread added: 0x00000208a8aa1f40
Event: 120.738 Thread 0x0000020884f68010 Thread added: 0x00000208a8a9f060
Event: 120.739 Thread 0x0000020884f68010 Thread added: 0x00000208a8aa36b0
Event: 120.740 Thread 0x0000020884f68010 Thread added: 0x00000208a8aa4650
Event: 120.741 Thread 0x0000020884f68010 Thread added: 0x00000208a8aa7530
Event: 120.742 Thread 0x0000020884f68010 Thread added: 0x00000208a8aa4e20
Event: 120.744 Thread 0x0000020884f68010 Thread added: 0x00000208a8aa8ca0
Event: 120.745 Thread 0x0000020884f68010 Thread added: 0x00000208a8aa6d60
Event: 120.746 Thread 0x0000020884f68010 Thread added: 0x00000208a8aa5dc0
Event: 120.764 Thread 0x0000020884f68010 Thread added: 0x00000208a8aa6590
Event: 121.995 Thread 0x00000208fb3ed5d0 Thread added: 0x00000208851cadd0
Event: 122.688 Thread 0x00000208a753a620 Thread exited: 0x00000208a753a620
Event: 122.884 Thread 0x00000208851cadd0 Thread exited: 0x00000208851cadd0


Dynamic libraries:
0x00007ff6cead0000 - 0x00007ff6ceae0000 	C:\Program Files\Java\jdk-26.0.1\bin\java.exe
0x00007ffa18700000 - 0x00007ffa18966000 	C:\WINDOWS\SYSTEM32\ntdll.dll
0x00007ffa17aa0000 - 0x00007ffa17b69000 	C:\WINDOWS\System32\KERNEL32.DLL
0x00007ffa15e70000 - 0x00007ffa1626a000 	C:\WINDOWS\System32\KERNELBASE.dll
0x00007ffa15d20000 - 0x00007ffa15e6c000 	C:\WINDOWS\System32\ucrtbase.dll
0x00007ffa08fd0000 - 0x00007ffa08fe7000 	C:\Program Files\Java\jdk-26.0.1\bin\jli.dll
0x00007ffa17d50000 - 0x00007ffa17f17000 	C:\WINDOWS\System32\USER32.dll
0x00007ffa15bc0000 - 0x00007ffa15be7000 	C:\WINDOWS\System32\win32u.dll
0x00007ffa03be0000 - 0x00007ffa03e72000 	C:\WINDOWS\WinSxS\amd64_microsoft.windows.common-controls_6595b64144ccf1df_6.0.26100.8521_none_3e08b75ce33403b3\COMCTL32.dll
0x00007ffa17760000 - 0x00007ffa1778b000 	C:\WINDOWS\System32\GDI32.dll
0x00007ffa15bf0000 - 0x00007ffa15d1b000 	C:\WINDOWS\System32\gdi32full.dll
0x00007ffa15990000 - 0x00007ffa15a33000 	C:\WINDOWS\System32\msvcp_win.dll
0x00007ffa16dd0000 - 0x00007ffa16e79000 	C:\WINDOWS\System32\msvcrt.dll
0x00007ffa10540000 - 0x00007ffa1055e000 	C:\Program Files\Java\jdk-26.0.1\bin\VCRUNTIME140.dll
0x00007ffa16d00000 - 0x00007ffa16d32000 	C:\WINDOWS\System32\IMM32.DLL
0x00007ffa0cc00000 - 0x00007ffa0cc0c000 	C:\Program Files\Java\jdk-26.0.1\bin\vcruntime140_1.dll
0x00007ff9fe400000 - 0x00007ff9fe48d000 	C:\Program Files\Java\jdk-26.0.1\bin\msvcp140.dll
0x00007ff97abc0000 - 0x00007ff97ba8e000 	C:\Program Files\Java\jdk-26.0.1\bin\server\jvm.dll
0x00007ffa16e80000 - 0x00007ffa16f36000 	C:\WINDOWS\System32\ADVAPI32.dll
0x00007ffa16470000 - 0x00007ffa1651a000 	C:\WINDOWS\System32\sechost.dll
0x00007ffa177e0000 - 0x00007ffa178f8000 	C:\WINDOWS\System32\RPCRT4.dll
0x00007ffa183b0000 - 0x00007ffa18430000 	C:\WINDOWS\System32\WS2_32.dll
0x00007ffa157f0000 - 0x00007ffa1584e000 	C:\WINDOWS\SYSTEM32\POWRPROF.dll
0x00007ffa0d0b0000 - 0x00007ffa0d0e6000 	C:\WINDOWS\SYSTEM32\WINMM.dll
0x00007ffa0f600000 - 0x00007ffa0f60b000 	C:\WINDOWS\SYSTEM32\VERSION.dll
0x00007ffa157d0000 - 0x00007ffa157e4000 	C:\WINDOWS\SYSTEM32\UMPDC.dll
0x00007ffa14720000 - 0x00007ffa1473b000 	C:\WINDOWS\SYSTEM32\kernel.appcore.dll
0x00007ffa0be50000 - 0x00007ffa0be5a000 	C:\Program Files\Java\jdk-26.0.1\bin\jimage.dll
0x00007ffa13ad0000 - 0x00007ffa13d12000 	C:\WINDOWS\SYSTEM32\DBGHELP.DLL
0x00007ffa18020000 - 0x00007ffa183a3000 	C:\WINDOWS\System32\combase.dll
0x00007ffa16f40000 - 0x00007ffa17019000 	C:\WINDOWS\System32\OLEAUT32.dll
0x00007ff9f4ee0000 - 0x00007ff9f4f1b000 	C:\WINDOWS\SYSTEM32\dbgcore.DLL
0x00007ffa16270000 - 0x00007ffa16318000 	C:\WINDOWS\System32\bcryptPrimitives.dll
0x00007ffa09aa0000 - 0x00007ffa09ab0000 	C:\Program Files\Java\jdk-26.0.1\bin\instrument.dll
0x00007ffa064f0000 - 0x00007ffa0650f000 	C:\Program Files\Java\jdk-26.0.1\bin\java.dll
0x00007ffa17900000 - 0x00007ffa17a98000 	C:\WINDOWS\System32\ole32.dll
0x00007ffa16570000 - 0x00007ffa16cf4000 	C:\WINDOWS\System32\SHELL32.dll
0x00007ffa13240000 - 0x00007ffa13ac0000 	C:\WINDOWS\SYSTEM32\windows.storage.dll
0x00007ffa17520000 - 0x00007ffa17616000 	C:\WINDOWS\System32\SHCORE.dll
0x00007ffa174b0000 - 0x00007ffa17517000 	C:\WINDOWS\System32\shlwapi.dll
0x00007ffa158b0000 - 0x00007ffa158d9000 	C:\WINDOWS\SYSTEM32\profapi.dll
0x00007ffa00080000 - 0x00007ffa00097000 	C:\Program Files\Java\jdk-26.0.1\bin\zip.dll
0x00007ff9fe5a0000 - 0x00007ff9fe5b2000 	C:\Program Files\Java\jdk-26.0.1\bin\net.dll
0x00007ffa14c90000 - 0x00007ffa14cfc000 	C:\WINDOWS\system32\mswsock.dll
0x00007ff9ffeb0000 - 0x00007ff9ffec6000 	C:\Program Files\Java\jdk-26.0.1\bin\nio.dll
0x00007ffa090d0000 - 0x00007ffa090e0000 	C:\Program Files\Java\jdk-26.0.1\bin\verify.dll
0x00007ff9f5660000 - 0x00007ff9f5687000 	C:\Users\Asus\.gradle\native\1def1411415f61bf3af743bc5b6707747c0891f09f0c88961ee8f79bc544acac\windows-amd64\native-platform.dll
0x00007ff9a9db0000 - 0x00007ff9a9e27000 	C:\Users\Asus\.gradle\native\0.2.8\x86_64-windows-gnu\gradle-fileevents.dll
0x00007ffa092d0000 - 0x00007ffa092da000 	C:\Program Files\Java\jdk-26.0.1\bin\management.dll
0x00007ffa09090000 - 0x00007ffa0909c000 	C:\Program Files\Java\jdk-26.0.1\bin\management_ext.dll
0x00007ffa18620000 - 0x00007ffa18628000 	C:\WINDOWS\System32\PSAPI.DLL
0x00007ffa140e0000 - 0x00007ffa14113000 	C:\WINDOWS\SYSTEM32\IPHLPAPI.DLL
0x00007ffa17790000 - 0x00007ffa1779a000 	C:\WINDOWS\System32\NSI.dll
0x00007ffa000b0000 - 0x00007ffa000b9000 	C:\Program Files\Java\jdk-26.0.1\bin\extnet.dll
0x00007ffa14f70000 - 0x00007ffa14f8b000 	C:\WINDOWS\SYSTEM32\CRYPTSP.dll
0x00007ffa14680000 - 0x00007ffa146b9000 	C:\WINDOWS\system32\rsaenh.dll
0x00007ffa14d40000 - 0x00007ffa14d73000 	C:\WINDOWS\SYSTEM32\USERENV.dll
0x00007ffa15880000 - 0x00007ffa158aa000 	C:\WINDOWS\SYSTEM32\bcrypt.dll
0x00007ffa14f90000 - 0x00007ffa14f9c000 	C:\WINDOWS\SYSTEM32\CRYPTBASE.dll
0x00007ff9ffea0000 - 0x00007ff9ffeae000 	C:\Program Files\Java\jdk-26.0.1\bin\sunmscapi.dll
0x00007ffa15a40000 - 0x00007ffa15bb8000 	C:\WINDOWS\System32\CRYPT32.dll
0x00007ffa15190000 - 0x00007ffa151c0000 	C:\WINDOWS\SYSTEM32\ncrypt.dll
0x00007ffa15140000 - 0x00007ffa1517f000 	C:\WINDOWS\SYSTEM32\NTASN1.dll
0x00007ff9eafb0000 - 0x00007ff9eafb8000 	C:\WINDOWS\system32\wshunix.dll
0x00007ffa12670000 - 0x00007ffa12677000 	C:\Program Files\Java\jdk-26.0.1\bin\rmi.dll

JVMTI agents:
C:\Users\Asus\.gradle\wrapper\dists\gradle-9.1.0-all\7wzd0jkjit61aq2p43wpjgij9\gradle-9.1.0\lib\agents\gradle-instrumentation-agent-9.1.0.jar path:C:\Program Files\Java\jdk-26.0.1\bin\instrument.dll, loaded, initialized, instrumentlib options:none

dbghelp: loaded successfully - version: 4.0.5 - missing functions: none
symbol engine: initialized successfully - sym options: 0x614 - pdb path: .;C:\Program Files\Java\jdk-26.0.1\bin;C:\WINDOWS\SYSTEM32;C:\WINDOWS\WinSxS\amd64_microsoft.windows.common-controls_6595b64144ccf1df_6.0.26100.8521_none_3e08b75ce33403b3;C:\Program Files\Java\jdk-26.0.1\bin\server;C:\Users\Asus\.gradle\native\1def1411415f61bf3af743bc5b6707747c0891f09f0c88961ee8f79bc544acac\windows-amd64;C:\Users\Asus\.gradle\native\0.2.8\x86_64-windows-gnu

VM Arguments:
jvm_args: --add-opens=java.base/java.lang=ALL-UNNAMED --add-opens=java.base/java.lang.invoke=ALL-UNNAMED --add-opens=java.base/java.util=ALL-UNNAMED --add-opens=java.prefs/java.util.prefs=ALL-UNNAMED --add-exports=jdk.compiler/com.sun.tools.javac.api=ALL-UNNAMED --add-exports=jdk.compiler/com.sun.tools.javac.util=ALL-UNNAMED --add-opens=java.base/java.util=ALL-UNNAMED --add-opens=java.prefs/java.util.prefs=ALL-UNNAMED --add-opens=java.base/java.nio.charset=ALL-UNNAMED --add-opens=java.base/java.net=ALL-UNNAMED --add-opens=java.base/java.util.concurrent=ALL-UNNAMED --add-opens=java.base/java.util.concurrent.atomic=ALL-UNNAMED --add-opens=java.xml/javax.xml.namespace=ALL-UNNAMED --add-opens=java.base/java.time=ALL-UNNAMED --enable-native-access=ALL-UNNAMED -XX:MaxMetaspaceSize=4G -XX:ReservedCodeCacheSize=512m -XX:+HeapDumpOnOutOfMemoryError -Xmx8G -Dfile.encoding=UTF-8 -Duser.country=IN -Duser.language=en -Duser.variant -javaagent:C:\Users\Asus\.gradle\wrapper\dists\gradle-9.1.0-all\7wzd0jkjit61aq2p43wpjgij9\gradle-9.1.0\lib\agents\gradle-instrumentation-agent-9.1.0.jar 
java_command: org.gradle.launcher.daemon.bootstrap.GradleDaemon 9.1.0
java_class_path (initial): C:\Users\Asus\.gradle\wrapper\dists\gradle-9.1.0-all\7wzd0jkjit61aq2p43wpjgij9\gradle-9.1.0\lib\gradle-daemon-main-9.1.0.jar
Launcher Type: SUN_STANDARD

[Global flags]
     bool AOTAdapterCaching                        = false                                  {diagnostic} {ergonomic}
     bool AOTInvokeDynamicLinking                  = false                                  {diagnostic} {ergonomic}
     bool AOTRecordTraining                        = false                                  {diagnostic} {ergonomic}
     bool AOTReplayTraining                        = false                                  {diagnostic} {ergonomic}
     bool AOTStubCaching                           = false                                  {diagnostic} {ergonomic}
     intx CICompilerCount                          = 12                                        {product} {ergonomic}
     uint ConcGCThreads                            = 3                                         {product} {ergonomic}
     uint G1ConcRefinementThreads                  = 13                                        {product} {ergonomic}
     uint G1EagerReclaimRemSetThreshold            = 32                                   {experimental} {ergonomic}
   size_t G1HeapRegionSize                         = 4194304                                   {product} {ergonomic}
     uint G1RemSetArrayOfCardsEntries              = 32                                   {experimental} {ergonomic}
     uint G1RemSetHowlMaxNumBuckets                = 8                                    {experimental} {ergonomic}
     uint G1RemSetHowlNumBuckets                   = 8                                    {experimental} {ergonomic}
     bool HeapDumpOnOutOfMemoryError               = true                                   {manageable} {command line}
   size_t InitialHeapSize                          = 8388608                                   {product} {ergonomic}
     bool IntelJccErratumMitigation                = false                             {ARCH diagnostic} {ergonomic}
   size_t MarkStackSize                            = 4194304                                   {product} {ergonomic}
   size_t MarkStackSizeMax                         = 536870912                                 {product} {ergonomic}
   size_t MaxHeapSize                              = 8589934592                                {product} {command line}
   size_t MaxMetaspaceSize                         = 4294967296                                {product} {command line}
   size_t MaxNewSize                               = 5150605312                                {product} {ergonomic}
 uint64_t MaxRAM                                   = 7968243712                                {product} {ergonomic}
   size_t MinHeapDeltaBytes                        = 4194304                                   {product} {ergonomic}
   size_t MinHeapSize                              = 8388608                                   {product} {ergonomic}
   size_t NonNMethodCodeHeapSize                   = 7667712                                {pd product} {ergonomic}
   size_t NonProfiledCodeHeapSize                  = 264634368                              {pd product} {ergonomic}
   size_t ProfiledCodeHeapSize                     = 264634368                              {pd product} {ergonomic}
   size_t ReservedCodeCacheSize                    = 536936448                              {pd product} {command line, ergonomic}
     bool SegmentedCodeCache                       = true                                      {product} {ergonomic}
   size_t SoftMaxHeapSize                          = 8589934592                             {manageable} {ergonomic}
     bool UseCompressedOops                        = true                           {product lp64_product} {ergonomic}
     bool UseCondCardMark                          = true                                      {product} {ergonomic}
     bool UseFastUnorderedTimeStamps               = true                                 {experimental} {ergonomic}
     bool UseG1GC                                  = true                                      {product} {ergonomic}
     bool UseLargePagesIndividualAllocation        = false                                  {pd product} {ergonomic}
      int X86ICacheSync                            = 3                                 {ARCH diagnostic} {ergonomic}

Logging:
Log output configuration:
 #0: stdout all=warning uptime,level,tags foldmultilines=false
 #1: stderr all=off uptime,level,tags foldmultilines=false

Release file:
IMPLEMENTOR="Oracle Corporation" 
JAVA_RUNTIME_VERSION="26.0.1+8-34" 
JAVA_VERSION="26.0.1" 
JAVA_VERSION_DATE="2026-04-21" 
LIBC="default" 
MODULES="java.base java.compiler java.datatransfer java.xml java.prefs java.desktop java.instrument java.logging java.management java.security.sasl java.naming java.rmi java.management.rmi java.net.http java.scripting java.security.jgss java.transaction.xa java.sql java.sql.rowset java.xml.crypto java.se java.smartcardio jdk.accessibility jdk.internal.jvmstat jdk.attach jdk.charsets jdk.internal.opt jdk.zipfs jdk.compiler jdk.crypto.cryptoki jdk.crypto.ec jdk.crypto.mscapi jdk.dynalink jdk.internal.ed jdk.editpad jdk.internal.vm.ci jdk.graal.compiler jdk.graal.compiler.management jdk.hotspot.agent jdk.httpserver jdk.incubator.vector jdk.internal.le jdk.internal.md jdk.jartool jdk.javadoc jdk.jcmd jdk.management jdk.management.agent jdk.jconsole jdk.jdeps jdk.jdwp.agent jdk.jdi jdk.jfr jdk.jlink jdk.jpackage jdk.jshell jdk.jstatd jdk.localedata jdk.management.jfr jdk.naming.dns jdk.naming.rmi jdk.net jdk.nio.mapmode jdk.sctp jdk.security.auth jdk.security.jgss jdk.unsupported jdk.unsupported.desktop jdk.xml.dom" 
OS_ARCH="x86_64" 
OS_NAME="Windows" 
SOURCE=".:git:8fcde8268d22 open:git:fcc00fc4aee7" 

Environment Variables:
PATH=C:\Program Files\Common Files\Oracle\Java\javapath;C:\WINDOWS\system32;C:\WINDOWS;C:\WINDOWS\System32\Wbem;C:\WINDOWS\System32\WindowsPowerShell\v1.0\;C:\WINDOWS\System32\OpenSSH\;C:\Program Files\dotnet\;C:\Program Files\NVIDIA Corporation\NVIDIA App\NvDLISR;C:\Program Files (x86)\NVIDIA Corporation\PhysX\Common;C:\Program Files\Git\cmd;C:\Program Files\Docker\Docker\resources\bin;C:\Program Files\nodejs\;C:\Program Files\PostgreSQL\18\bin;C:\src\flutter\bin;C:\Program Files\GitHub CLI\;C:\Program Files (x86)\Windows Kits\10\Windows Performance Toolkit\;C:\Users\Asus\.local\bin;C:\Users\Asus\AppData\Local\Microsoft\WindowsApps;C:\Users\Asus\AppData\Local\Programs\Microsoft VS Code\bin;C:\Users\Asus\AppData\Local\Python\bin;C:\Users\Asus\AppData\Local\Python\pythoncore-3.14-64\Scripts;C:\ProgramData\Asus\GitHubDesktop\bin;C:\Users\Asus\AppData\Local\GitHubDesktop\bin;C:\Users\Asus\AppData\Local\Programs\cursor\resources\app\bin;C:\Users\Asus\AppData\Roaming\npm;C:\Users\Asus\AppData\Local\Programs\Ollama
USERNAME=Asus
OS=Windows_NT
PROCESSOR_IDENTIFIER=AMD64 Family 23 Model 96 Stepping 1, AuthenticAMD
TMP=C:\Users\Asus\AppData\Local\Temp
TEMP=C:\Users\Asus\AppData\Local\Temp




Compilation memory statistics disabled.

Periodic native trim disabled

---------------  S Y S T E M  ---------------

OS:
 Windows 11 , 64 bit Build 26100 (10.0.26100.8521)
OS uptime: 1 days 6:29 hours
Hyper-V role detected

CPU: total 16 (initial active 16) (8 cores per cpu, 2 threads per core) family 23 model 96 stepping 1 microcode 0x8600106, cx8, cmov, fxsr, ht, mmx, 3dnowpref, sse, sse2, sse3, ssse3, sse4a, sse4.1, sse4.2, popcnt, lzcnt, tsc, tscinvbit, avx, avx2, aes, clmul, bmi1, bmi2, adx, sha, fma, vzeroupper, clflush, clflushopt, clwb, hv, rdtscp, rdpid, f16c
Processor Information for the first 16 processors :
  Max Mhz: 2901, Current Mhz: 2901, Mhz Limit: 2901

Memory: 4k page, system-wide physical 7599M (1068M free)
TotalPageFile size 31149M (AvailPageFile size 597M)
current process WorkingSet (physical memory assigned to process): 374M, peak: 783M
current process commit charge ("private bytes"): 1004M, peak: 2203M

vm_info: Java HotSpot(TM) 64-Bit Server VM (26.0.1+8-34) for windows-amd64 JRE (26.0.1+8-34), built on 2026-03-10T17:24:10Z with MS VC++ 17.13 (VS2022)

END.
