#
# There is insufficient memory for the Java Runtime Environment to continue.
# Native memory allocation (malloc) failed to allocate 1625552 bytes. Error detail: Chunk::new
# Possible reasons:
#   The system is out of physical RAM or swap space
#   This process is running with CompressedOops enabled, and the Java Heap may be blocking the growth of the native heap
# Possible solutions:
#   Reduce memory load on the system
#   Increase physical memory or swap space
#   Check if swap backing store is full
#   Decrease Java heap size (-Xmx/-Xms)
#   Decrease number of Java threads
#   Decrease Java thread stack sizes (-Xss)
#   Set larger code cache with -XX:ReservedCodeCacheSize=
#   JVM is running with Zero Based Compressed Oops mode in which the Java heap is
#     placed in the first 32GB address space. The Java Heap base address is the
#     maximum limit for the native heap growth. Please use -XX:HeapBaseMinAddress
#     to set the Java Heap base and to place the Java Heap above 32GB virtual address.
# This output file may be truncated or incomplete.
#
#  Out of Memory Error (arena.cpp:168), pid=20848, tid=14156
#
# JRE version: OpenJDK Runtime Environment Temurin-21.0.11+10 (21.0.11+10) (build 21.0.11+10-LTS)
# Java VM: OpenJDK 64-Bit Server VM Temurin-21.0.11+10 (21.0.11+10-LTS, mixed mode, sharing, tiered, compressed oops, compressed class ptrs, g1 gc, windows-amd64)
# No core dump will be written. Minidumps are not enabled by default on client versions of Windows
#

---------------  S U M M A R Y ------------

Command Line: --add-opens=java.base/java.lang=ALL-UNNAMED --add-opens=java.base/java.lang.invoke=ALL-UNNAMED --add-opens=java.base/java.util=ALL-UNNAMED --add-opens=java.prefs/java.util.prefs=ALL-UNNAMED --add-exports=jdk.compiler/com.sun.tools.javac.api=ALL-UNNAMED --add-exports=jdk.compiler/com.sun.tools.javac.util=ALL-UNNAMED --add-opens=java.base/java.util=ALL-UNNAMED --add-opens=java.prefs/java.util.prefs=ALL-UNNAMED --add-opens=java.base/java.nio.charset=ALL-UNNAMED --add-opens=java.base/java.net=ALL-UNNAMED --add-opens=java.base/java.util.concurrent=ALL-UNNAMED --add-opens=java.base/java.util.concurrent.atomic=ALL-UNNAMED --add-opens=java.xml/javax.xml.namespace=ALL-UNNAMED --add-opens=java.base/java.time=ALL-UNNAMED -XX:MaxMetaspaceSize=4G -XX:ReservedCodeCacheSize=512m -XX:+HeapDumpOnOutOfMemoryError -Xmx8G -Dfile.encoding=UTF-8 -Duser.country=IN -Duser.language=en -Duser.variant -javaagent:C:\Users\Asus\.gradle\wrapper\dists\gradle-9.1.0-all\7wzd0jkjit61aq2p43wpjgij9\gradle-9.1.0\lib\agents\gradle-instrumentation-agent-9.1.0.jar org.gradle.launcher.daemon.bootstrap.GradleDaemon 9.1.0

Host: AMD Ryzen 7 4800H with Radeon Graphics         , 16 cores, 7G,  Windows 11 , 64 bit Build 26100 (10.0.26100.8875)
Time: Tue Jul 28 07:46:15 2026 India Standard Time elapsed time: 349.045902 seconds (0d 0h 5m 49s)

---------------  T H R E A D  ---------------

Current thread (0x00000241f6c79820):  JavaThread "C2 CompilerThread0" daemon [_thread_in_native, id=14156, stack(0x000000ce42a00000,0x000000ce42b00000) (1024K)]


Current CompileTask:
C2:349045 24835       4       org.gradle.api.internal.artifacts.ivyservice.resolveengine.graph.builder.DependencyGraphBuilder::performSelectionSerially (119 bytes)

Stack: [0x000000ce42a00000,0x000000ce42b00000]
Native frames: (J=compiled Java code, j=interpreted, Vv=VM code, C=native code)
V  [jvm.dll+0x6d7e19]
V  [jvm.dll+0x8b5096]
V  [jvm.dll+0x8b764e]
V  [jvm.dll+0x8b7d33]
V  [jvm.dll+0x284596]
V  [jvm.dll+0xc685d]
V  [jvm.dll+0xc6da1]
V  [jvm.dll+0x3bed6b]
V  [jvm.dll+0x1e4149]
V  [jvm.dll+0x24c853]
V  [jvm.dll+0x24bce0]
V  [jvm.dll+0x1cb4ae]
V  [jvm.dll+0x25baad]
V  [jvm.dll+0x25a03a]
V  [jvm.dll+0x3f868e]
V  [jvm.dll+0x85fb0d]
V  [jvm.dll+0x6d664d]
C  [ucrtbase.dll+0x2cd30]
C  [KERNEL32.DLL+0x2e957]
C  [ntdll.dll+0xaad6c]


---------------  P R O C E S S  ---------------

Threads class SMR info:
_java_thread_list=0x00000241c1da9fb0, length=241, elements={
0x00000241c8e00870, 0x00000241f6c6e660, 0x00000241f6c710d0, 0x00000241f6c75c30,
0x00000241f6c76690, 0x00000241f6c77890, 0x00000241f6c78a90, 0x00000241f6c79820,
0x00000241f6c87150, 0x00000241f9c9bac0, 0x00000241f9db5380, 0x00000241c12688b0,
0x00000241c1145510, 0x00000241fe2fde40, 0x00000241feadb130, 0x00000241fef69300,
0x00000241fef6ba60, 0x00000241fef6c0f0, 0x00000241fef68c70, 0x00000241c1af86d0,
0x00000241c1af8040, 0x00000241c1afbb50, 0x00000241c1afc1e0, 0x00000241c1af93f0,
0x00000241c1af8d60, 0x00000241c1afd590, 0x00000241c1afa110, 0x00000241c1afdc20,
0x00000241c1afe2b0, 0x00000241c1afe940, 0x00000241c1afefd0, 0x00000241c139f470,
0x00000241c139fb00, 0x00000241c139e0c0, 0x00000241c13a0190, 0x00000241c13a0820,
0x00000241c139ede0, 0x00000241c3c5d740, 0x00000241c2eb6b90, 0x00000241c2eb6500,
0x00000241c2eb57e0, 0x00000241c2ebc0e0, 0x00000241c52179c0, 0x000002420091d290,
0x00000241c2eb7220, 0x00000241c1b306f0, 0x00000241c1b327c0, 0x0000024206001440,
0x0000024205417a60, 0x0000024205415300, 0x00000242054166b0, 0x0000024205416d40,
0x0000024205415990, 0x0000024205418780, 0x0000024205419b30, 0x0000024205418e10,
0x00000242054194a0, 0x00000242054180f0, 0x000002420541a1c0, 0x00000242054173d0,
0x000002420541cfb0, 0x000002420541d640, 0x000002420541c920, 0x000002420541dcd0,
0x000002420541e360, 0x000002420541aee0, 0x000002420541b570, 0x000002420541c290,
0x000002420541e9f0, 0x000002420541f080, 0x000002420541bc00, 0x0000024205421e70,
0x0000024205422500, 0x0000024205421150, 0x0000024205422b90, 0x0000024205420430,
0x0000024205420ac0, 0x000002420541f710, 0x00000242054217e0, 0x0000024205423220,
0x000002420541fda0, 0x00000242054238b0, 0x0000024205423f40, 0x00000242054245d0,
0x00000241c2ebb3c0, 0x00000241c2eb92f0, 0x00000241c2eba6a0, 0x00000241c2eba010,
0x00000241c2eb85d0, 0x00000241c2eb7f40, 0x00000241c2ebc770, 0x00000241c2ebce00,
0x00000241c2eb9980, 0x00000241c2ebe1b0, 0x00000241c2ebfbf0, 0x00000241c2ebd490,
0x00000241c2ec0910, 0x00000241c2ebdb20, 0x00000241c2ebeed0, 0x00000241c2ebf560,
0x00000241c2ec0fa0, 0x00000241c2ec0280, 0x00000241c2ec1630, 0x00000241c2ec1cc0,
0x00000241c2ebe840, 0x00000241c2ec29e0, 0x00000241c2ec2350, 0x00000241c2ec3070,
0x00000241c2ec3700, 0x00000241c2ec3d90, 0x00000241c2ec4420, 0x0000024200912e80,
0x0000024200913510, 0x0000024200912160, 0x0000024200913ba0, 0x00000242009127f0,
0x0000024200915c70, 0x00000242009176b0, 0x0000024200917020, 0x0000024200916300,
0x00000242009155e0, 0x0000024200916990, 0x0000024206003ba0, 0x0000024206000720,
0x0000024206004230, 0x0000024206000db0, 0x00000242060055e0, 0x00000242060076b0,
0x0000024206006300, 0x00000242060048c0, 0x0000024206005c70, 0x0000024206004f50,
0x0000024206006990, 0x0000024206007020, 0x00000241c1b31aa0, 0x00000241c1b32e50,
0x00000241c1b334e0, 0x00000241c1b30060, 0x0000024205cf61e0, 0x00000241c1b34200,
0x00000241c1b30d80, 0x00000241c1b31410, 0x00000241c1b36960, 0x00000241c1b36ff0,
0x00000241c1b34890, 0x00000241c1b362d0, 0x00000241c1b34f20, 0x00000241c1b37680,
0x00000241c1b355b0, 0x00000241c1b35c40, 0x00000241c1533d00, 0x00000241c1535dd0,
0x00000241c1534390, 0x00000241c1534a20, 0x00000241c1532fe0, 0x00000241c1538530,
0x00000241c1538bc0, 0x00000241c1536af0, 0x00000241c1539250, 0x00000241c1537180,
0x00000241c1537810, 0x00000241c1537ea0, 0x00000241c5209410, 0x00000241c520b4e0,
0x00000241c520c890, 0x00000241c520a7c0, 0x00000241c520ae50, 0x00000241c520e960,
0x00000241c5214540, 0x00000241c5218050, 0x00000241c52158f0, 0x00000241c5217330,
0x00000241c5214bd0, 0x00000241c5215260, 0x0000024200914230, 0x0000024200917d40,
0x0000024200914f50, 0x00000242009148c0, 0x00000242009190f0, 0x00000242009183d0,
0x0000024200918a60, 0x0000024200920710, 0x000002420091e640, 0x00000241c13a28f0,
0x00000241c13a49c0, 0x00000241c13a5050, 0x00000241c13a1bd0, 0x00000241c13a2f80,
0x00000241c13a3610, 0x00000241c13a3ca0, 0x00000241c13a4330, 0x00000241c3c618e0,
0x00000241c3c5eaf0, 0x00000241c3c61f70, 0x00000241c3c62600, 0x00000241c3c62c90,
0x00000241c3c5f810, 0x00000241c3c63320, 0x00000241c1afc870, 0x00000241c1afcf00,
0x00000241c1af9a80, 0x00000241c1afae30, 0x0000024206000090, 0x0000024206002160,
0x0000024206001ad0, 0x00000241fef6b3d0, 0x00000241fef6a6b0, 0x00000241c15322c0,
0x00000241c1533670, 0x0000024206002e80, 0x00000241fef6ad40, 0x00000241c1aff660,
0x000002420596d090, 0x000002420596e440, 0x000002420596ead0, 0x000002420596d720,
0x000002420596f160, 0x000002420596f7f0, 0x000002420596fe80, 0x0000024205970510,
0x0000024205970ba0, 0x0000024205971230, 0x000002420596ddb0, 0x0000024205974d40,
0x00000242059718c0, 0x0000024205972c70, 0x0000024205973300, 0x0000024205973990,
0x00000242059753d0, 0x0000024205971f50, 0x0000024205975a60, 0x0000024205974020,
0x00000242059746b0, 0x00000242059725e0, 0x00000242059781c0, 0x00000242059760f0,
0x0000024205979570, 0x0000024205976780, 0x0000024205978ee0, 0x00000242059774a0,
0x000002420597a290
}

Java Threads: ( => current thread )
  0x00000241c8e00870 JavaThread "main"                              [_thread_blocked, id=6360, stack(0x000000ce41c00000,0x000000ce41d00000) (1024K)]
  0x00000241f6c6e660 JavaThread "Reference Handler"          daemon [_thread_blocked, id=14688, stack(0x000000ce42400000,0x000000ce42500000) (1024K)]
  0x00000241f6c710d0 JavaThread "Finalizer"                  daemon [_thread_blocked, id=18100, stack(0x000000ce42500000,0x000000ce42600000) (1024K)]
  0x00000241f6c75c30 JavaThread "Signal Dispatcher"          daemon [_thread_blocked, id=8640, stack(0x000000ce42600000,0x000000ce42700000) (1024K)]
  0x00000241f6c76690 JavaThread "Attach Listener"            daemon [_thread_blocked, id=26196, stack(0x000000ce42700000,0x000000ce42800000) (1024K)]
  0x00000241f6c77890 JavaThread "Service Thread"             daemon [_thread_blocked, id=31312, stack(0x000000ce42800000,0x000000ce42900000) (1024K)]
  0x00000241f6c78a90 JavaThread "Monitor Deflation Thread"   daemon [_thread_blocked, id=12572, stack(0x000000ce42900000,0x000000ce42a00000) (1024K)]
=>0x00000241f6c79820 JavaThread "C2 CompilerThread0"         daemon [_thread_in_native, id=14156, stack(0x000000ce42a00000,0x000000ce42b00000) (1024K)]
  0x00000241f6c87150 JavaThread "C1 CompilerThread0"         daemon [_thread_blocked, id=6036, stack(0x000000ce42b00000,0x000000ce42c00000) (1024K)]
  0x00000241f9c9bac0 JavaThread "Common-Cleaner"             daemon [_thread_blocked, id=22952, stack(0x000000ce42c00000,0x000000ce42d00000) (1024K)]
  0x00000241f9db5380 JavaThread "Notification Thread"        daemon [_thread_blocked, id=15580, stack(0x000000ce42d00000,0x000000ce42e00000) (1024K)]
  0x00000241c12688b0 JavaThread "Daemon health stats"               [_thread_blocked, id=31272, stack(0x000000ce43600000,0x000000ce43700000) (1024K)]
  0x00000241c1145510 JavaThread "Incoming local TCP Connector on port 62612"        [_thread_in_native, id=30564, stack(0x000000ce43700000,0x000000ce43800000) (1024K)]
  0x00000241fe2fde40 JavaThread "Daemon periodic checks"            [_thread_blocked, id=28756, stack(0x000000ce43800000,0x000000ce43900000) (1024K)]
  0x00000241feadb130 JavaThread "Daemon"                            [_thread_blocked, id=16668, stack(0x000000ce43900000,0x000000ce43a00000) (1024K)]
  0x00000241fef69300 JavaThread "Daemon worker"                     [_thread_in_native, id=32064, stack(0x000000ce43c00000,0x000000ce43d00000) (1024K)]
  0x00000241fef6ba60 JavaThread "Cache worker for journal cache (C:\Users\Asus\.gradle\caches\journal-1)"        [_thread_blocked, id=20748, stack(0x000000ce44000000,0x000000ce44100000) (1024K)]
  0x00000241fef6c0f0 JavaThread "File lock request listener"        [_thread_in_native, id=15808, stack(0x000000ce44100000,0x000000ce44200000) (1024K)]
  0x00000241fef68c70 JavaThread "Cache worker for file hash cache (C:\Users\Asus\.gradle\caches\9.1.0\fileHashes)"        [_thread_blocked, id=19256, stack(0x000000ce44200000,0x000000ce44300000) (1024K)]
  0x00000241c1af86d0 JavaThread "File watcher server"        daemon [_thread_in_native, id=23280, stack(0x000000ce44e00000,0x000000ce44f00000) (1024K)]
  0x00000241c1af8040 JavaThread "File watcher consumer"      daemon [_thread_blocked, id=16020, stack(0x000000ce44f00000,0x000000ce45000000) (1024K)]
  0x00000241c1afbb50 JavaThread "jar transforms"                    [_thread_blocked, id=26696, stack(0x000000ce45000000,0x000000ce45100000) (1024K)]
  0x00000241c1afc1e0 JavaThread "jar transforms Thread 2"           [_thread_blocked, id=31976, stack(0x000000ce45100000,0x000000ce45200000) (1024K)]
  0x00000241c1af93f0 JavaThread "jar transforms Thread 3"           [_thread_blocked, id=20220, stack(0x000000ce45200000,0x000000ce45300000) (1024K)]
  0x00000241c1af8d60 JavaThread "Cache worker for file content cache (C:\Users\Asus\.gradle\caches\9.1.0\fileContent)"        [_thread_blocked, id=13400, stack(0x000000ce45300000,0x000000ce45400000) (1024K)]
  0x00000241c1afd590 JavaThread "jar transforms Thread 4"           [_thread_blocked, id=29928, stack(0x000000ce45600000,0x000000ce45700000) (1024K)]
  0x00000241c1afa110 JavaThread "jar transforms Thread 5"           [_thread_blocked, id=15656, stack(0x000000ce45700000,0x000000ce45800000) (1024K)]
  0x00000241c1afdc20 JavaThread "jar transforms Thread 6"           [_thread_blocked, id=32280, stack(0x000000ce45800000,0x000000ce45900000) (1024K)]
  0x00000241c1afe2b0 JavaThread "jar transforms Thread 7"           [_thread_blocked, id=31984, stack(0x000000ce45900000,0x000000ce45a00000) (1024K)]
  0x00000241c1afe940 JavaThread "jar transforms Thread 8"           [_thread_blocked, id=6760, stack(0x000000ce45a00000,0x000000ce45b00000) (1024K)]
  0x00000241c1afefd0 JavaThread "jar transforms Thread 9"           [_thread_blocked, id=11788, stack(0x000000ce45b00000,0x000000ce45c00000) (1024K)]
  0x00000241c139f470 JavaThread "jar transforms Thread 10"          [_thread_blocked, id=13472, stack(0x000000ce45d00000,0x000000ce45e00000) (1024K)]
  0x00000241c139fb00 JavaThread "jar transforms Thread 11"          [_thread_blocked, id=26192, stack(0x000000ce45e00000,0x000000ce45f00000) (1024K)]
  0x00000241c139e0c0 JavaThread "jar transforms Thread 12"          [_thread_blocked, id=22904, stack(0x000000ce45f00000,0x000000ce46000000) (1024K)]
  0x00000241c13a0190 JavaThread "jar transforms Thread 13"          [_thread_blocked, id=29976, stack(0x000000ce46000000,0x000000ce46100000) (1024K)]
  0x00000241c13a0820 JavaThread "jar transforms Thread 14"          [_thread_blocked, id=5200, stack(0x000000ce46100000,0x000000ce46200000) (1024K)]
  0x00000241c139ede0 JavaThread "jar transforms Thread 15"          [_thread_blocked, id=27864, stack(0x000000ce46200000,0x000000ce46300000) (1024K)]
  0x00000241c3c5d740 JavaThread "Memory manager"                    [_thread_blocked, id=32400, stack(0x000000ce49200000,0x000000ce49300000) (1024K)]
  0x00000241c2eb6b90 JavaThread "RMI Scheduler(0)"           daemon [_thread_blocked, id=3804, stack(0x000000ce4d300000,0x000000ce4d400000) (1024K)]
  0x00000241c2eb6500 JavaThread "RMI GC Daemon"              daemon [_thread_blocked, id=8608, stack(0x000000ce4d500000,0x000000ce4d600000) (1024K)]
  0x00000241c2eb57e0 JavaThread "RMI TCP Accept-0"           daemon [_thread_in_native, id=6876, stack(0x000000ce4d600000,0x000000ce4d700000) (1024K)]
  0x00000241c2ebc0e0 JavaThread "RMI Reaper"                        [_thread_blocked, id=31480, stack(0x000000ce4d700000,0x000000ce4d800000) (1024K)]
  0x00000241c52179c0 JavaThread "jar transforms Thread 16"          [_thread_blocked, id=13612, stack(0x000000ce50600000,0x000000ce50700000) (1024K)]
  0x000002420091d290 JavaThread "pool-3-thread-1"                   [_thread_blocked, id=32668, stack(0x000000ce49300000,0x000000ce49400000) (1024K)]
  0x00000241c2eb7220 JavaThread "VFS cleanup"                       [_thread_blocked, id=21484, stack(0x000000ce41a00000,0x000000ce41b00000) (1024K)]
  0x00000241c1b306f0 JavaThread "File lock release action executor Thread 2"        [_thread_blocked, id=1792, stack(0x000000ce47e00000,0x000000ce47f00000) (1024K)]
  0x00000241c1b327c0 JavaThread "included builds"                   [_thread_blocked, id=29660, stack(0x000000ce47f00000,0x000000ce48000000) (1024K)]
  0x0000024206001440 JavaThread "pool-6-thread-1"                   [_thread_blocked, id=4888, stack(0x000000ce50300000,0x000000ce50400000) (1024K)]
  0x0000024205417a60 JavaThread "Handler for socket connection from /127.0.0.1:62612 to /127.0.0.1:58795"        [_thread_in_native, id=24572, stack(0x000000ce41900000,0x000000ce41a00000) (1024K)]
  0x0000024205415300 JavaThread "Cancel handler"                    [_thread_blocked, id=6476, stack(0x000000ce41b00000,0x000000ce41c00000) (1024K)]
  0x00000242054166b0 JavaThread "Asynchronous log dispatcher for DefaultDaemonConnection: socket connection from /127.0.0.1:62612 to /127.0.0.1:58795"        [_thread_blocked, id=32576, stack(0x000000ce43a00000,0x000000ce43b00000) (1024K)]
  0x0000024205416d40 JavaThread "Stdin handler"                     [_thread_blocked, id=22300, stack(0x000000ce43b00000,0x000000ce43c00000) (1024K)]
  0x0000024205415990 JavaThread "Daemon client event forwarder"        [_thread_blocked, id=32380, stack(0x000000ce43d00000,0x000000ce43e00000) (1024K)]
  0x0000024205418780 JavaThread "Cache worker for file hash cache (C:\Users\Asus\Desktop\dash\apps\mobile\android\.gradle\9.1.0\fileHashes)"        [_thread_blocked, id=29080, stack(0x000000ce43e00000,0x000000ce43f00000) (1024K)]
  0x0000024205419b30 JavaThread "Cache worker for Build Output Cleanup Cache (C:\Users\Asus\Desktop\dash\apps\mobile\android\.gradle\buildOutputCleanup)"        [_thread_blocked, id=7976, stack(0x000000ce43f00000,0x000000ce44000000) (1024K)]
  0x0000024205418e10 JavaThread "Cache worker for checksums cache (C:\Users\Asus\Desktop\dash\apps\mobile\android\.gradle\9.1.0\checksums)"        [_thread_blocked, id=20012, stack(0x000000ce44300000,0x000000ce44400000) (1024K)]
  0x00000242054194a0 JavaThread "Cache worker for cache directory md-supplier (C:\Users\Asus\.gradle\caches\9.1.0\md-supplier)"        [_thread_blocked, id=30872, stack(0x000000ce44a00000,0x000000ce44b00000) (1024K)]
  0x00000242054180f0 JavaThread "Cache worker for cache directory md-rule (C:\Users\Asus\.gradle\caches\9.1.0\md-rule)"        [_thread_blocked, id=8008, stack(0x000000ce44b00000,0x000000ce44c00000) (1024K)]
  0x000002420541a1c0 JavaThread "Cache worker for Build Output Cleanup Cache (C:\src\flutter\packages\flutter_tools\gradle\.gradle\buildOutputCleanup)"        [_thread_blocked, id=30128, stack(0x000000ce44c00000,0x000000ce44d00000) (1024K)]
  0x00000242054173d0 JavaThread "Unconstrained build operations"        [_thread_blocked, id=32672, stack(0x000000ce44d00000,0x000000ce44e00000) (1024K)]
  0x000002420541cfb0 JavaThread "Unconstrained build operations Thread 2"        [_thread_blocked, id=8816, stack(0x000000ce45400000,0x000000ce45500000) (1024K)]
  0x000002420541d640 JavaThread "Unconstrained build operations Thread 3"        [_thread_blocked, id=13412, stack(0x000000ce45500000,0x000000ce45600000) (1024K)]
  0x000002420541c920 JavaThread "Unconstrained build operations Thread 4"        [_thread_blocked, id=32136, stack(0x000000ce45c00000,0x000000ce45d00000) (1024K)]
  0x000002420541dcd0 JavaThread "Unconstrained build operations Thread 5"        [_thread_blocked, id=30664, stack(0x000000ce46300000,0x000000ce46400000) (1024K)]
  0x000002420541e360 JavaThread "Unconstrained build operations Thread 6"        [_thread_blocked, id=28396, stack(0x000000ce46400000,0x000000ce46500000) (1024K)]
  0x000002420541aee0 JavaThread "Unconstrained build operations Thread 7"        [_thread_blocked, id=31880, stack(0x000000ce46500000,0x000000ce46600000) (1024K)]
  0x000002420541b570 JavaThread "Unconstrained build operations Thread 8"        [_thread_blocked, id=28736, stack(0x000000ce46600000,0x000000ce46700000) (1024K)]
  0x000002420541c290 JavaThread "Unconstrained build operations Thread 9"        [_thread_blocked, id=29964, stack(0x000000ce46700000,0x000000ce46800000) (1024K)]
  0x000002420541e9f0 JavaThread "Unconstrained build operations Thread 10"        [_thread_blocked, id=22248, stack(0x000000ce46800000,0x000000ce46900000) (1024K)]
  0x000002420541f080 JavaThread "Unconstrained build operations Thread 11"        [_thread_blocked, id=6176, stack(0x000000ce46900000,0x000000ce46a00000) (1024K)]
  0x000002420541bc00 JavaThread "Unconstrained build operations Thread 12"        [_thread_blocked, id=22900, stack(0x000000ce46a00000,0x000000ce46b00000) (1024K)]
  0x0000024205421e70 JavaThread "Unconstrained build operations Thread 13"        [_thread_blocked, id=29424, stack(0x000000ce46b00000,0x000000ce46c00000) (1024K)]
  0x0000024205422500 JavaThread "Unconstrained build operations Thread 14"        [_thread_blocked, id=26320, stack(0x000000ce46c00000,0x000000ce46d00000) (1024K)]
  0x0000024205421150 JavaThread "Unconstrained build operations Thread 15"        [_thread_blocked, id=31740, stack(0x000000ce46d00000,0x000000ce46e00000) (1024K)]
  0x0000024205422b90 JavaThread "Unconstrained build operations Thread 16"        [_thread_blocked, id=28816, stack(0x000000ce46e00000,0x000000ce46f00000) (1024K)]
  0x0000024205420430 JavaThread "Unconstrained build operations Thread 17"        [_thread_blocked, id=20224, stack(0x000000ce46f00000,0x000000ce47000000) (1024K)]
  0x0000024205420ac0 JavaThread "Unconstrained build operations Thread 18"        [_thread_blocked, id=1876, stack(0x000000ce47000000,0x000000ce47100000) (1024K)]
  0x000002420541f710 JavaThread "Unconstrained build operations Thread 19"        [_thread_blocked, id=15888, stack(0x000000ce47100000,0x000000ce47200000) (1024K)]
  0x00000242054217e0 JavaThread "Unconstrained build operations Thread 20"        [_thread_blocked, id=30332, stack(0x000000ce47200000,0x000000ce47300000) (1024K)]
  0x0000024205423220 JavaThread "Unconstrained build operations Thread 21"        [_thread_blocked, id=6104, stack(0x000000ce47300000,0x000000ce47400000) (1024K)]
  0x000002420541fda0 JavaThread "Unconstrained build operations Thread 22"        [_thread_blocked, id=22372, stack(0x000000ce47400000,0x000000ce47500000) (1024K)]
  0x00000242054238b0 JavaThread "Unconstrained build operations Thread 23"        [_thread_blocked, id=9232, stack(0x000000ce47500000,0x000000ce47600000) (1024K)]
  0x0000024205423f40 JavaThread "Unconstrained build operations Thread 24"        [_thread_blocked, id=17820, stack(0x000000ce47600000,0x000000ce47700000) (1024K)]
  0x00000242054245d0 JavaThread "Unconstrained build operations Thread 25"        [_thread_blocked, id=23080, stack(0x000000ce47700000,0x000000ce47800000) (1024K)]
  0x00000241c2ebb3c0 JavaThread "Unconstrained build operations Thread 26"        [_thread_blocked, id=25732, stack(0x000000ce47800000,0x000000ce47900000) (1024K)]
  0x00000241c2eb92f0 JavaThread "Unconstrained build operations Thread 27"        [_thread_blocked, id=30464, stack(0x000000ce47900000,0x000000ce47a00000) (1024K)]
  0x00000241c2eba6a0 JavaThread "Unconstrained build operations Thread 28"        [_thread_blocked, id=3616, stack(0x000000ce47a00000,0x000000ce47b00000) (1024K)]
  0x00000241c2eba010 JavaThread "Unconstrained build operations Thread 29"        [_thread_blocked, id=28008, stack(0x000000ce47b00000,0x000000ce47c00000) (1024K)]
  0x00000241c2eb85d0 JavaThread "Unconstrained build operations Thread 30"        [_thread_blocked, id=6372, stack(0x000000ce47c00000,0x000000ce47d00000) (1024K)]
  0x00000241c2eb7f40 JavaThread "build event listener"              [_thread_blocked, id=32212, stack(0x000000ce47d00000,0x000000ce47e00000) (1024K)]
  0x00000241c2ebc770 JavaThread "included builds"                   [_thread_blocked, id=7992, stack(0x000000ce48000000,0x000000ce48100000) (1024K)]
  0x00000241c2ebce00 JavaThread "Execution worker"                  [_thread_blocked, id=29444, stack(0x000000ce48100000,0x000000ce48200000) (1024K)]
  0x00000241c2eb9980 JavaThread "Execution worker Thread 2"         [_thread_blocked, id=19020, stack(0x000000ce48200000,0x000000ce48300000) (1024K)]
  0x00000241c2ebe1b0 JavaThread "Execution worker Thread 3"         [_thread_blocked, id=28000, stack(0x000000ce48300000,0x000000ce48400000) (1024K)]
  0x00000241c2ebfbf0 JavaThread "Execution worker Thread 4"         [_thread_blocked, id=32160, stack(0x000000ce48400000,0x000000ce48500000) (1024K)]
  0x00000241c2ebd490 JavaThread "Execution worker Thread 5"         [_thread_blocked, id=7248, stack(0x000000ce48500000,0x000000ce48600000) (1024K)]
  0x00000241c2ec0910 JavaThread "Execution worker Thread 6"         [_thread_blocked, id=12312, stack(0x000000ce48600000,0x000000ce48700000) (1024K)]
  0x00000241c2ebdb20 JavaThread "Execution worker Thread 7"         [_thread_blocked, id=16016, stack(0x000000ce48700000,0x000000ce48800000) (1024K)]
  0x00000241c2ebeed0 JavaThread "Execution worker Thread 8"         [_thread_blocked, id=20044, stack(0x000000ce48800000,0x000000ce48900000) (1024K)]
  0x00000241c2ebf560 JavaThread "Execution worker Thread 9"         [_thread_blocked, id=32548, stack(0x000000ce48900000,0x000000ce48a00000) (1024K)]
  0x00000241c2ec0fa0 JavaThread "Execution worker Thread 10"        [_thread_blocked, id=32044, stack(0x000000ce48a00000,0x000000ce48b00000) (1024K)]
  0x00000241c2ec0280 JavaThread "Execution worker Thread 11"        [_thread_blocked, id=12244, stack(0x000000ce48b00000,0x000000ce48c00000) (1024K)]
  0x00000241c2ec1630 JavaThread "Execution worker Thread 12"        [_thread_blocked, id=4208, stack(0x000000ce48c00000,0x000000ce48d00000) (1024K)]
  0x00000241c2ec1cc0 JavaThread "Execution worker Thread 13"        [_thread_blocked, id=1564, stack(0x000000ce48d00000,0x000000ce48e00000) (1024K)]
  0x00000241c2ebe840 JavaThread "Execution worker Thread 14"        [_thread_blocked, id=18888, stack(0x000000ce48e00000,0x000000ce48f00000) (1024K)]
  0x00000241c2ec29e0 JavaThread "Execution worker Thread 15"        [_thread_blocked, id=30468, stack(0x000000ce48f00000,0x000000ce49000000) (1024K)]
  0x00000241c2ec2350 JavaThread "Cache worker for execution history cache (C:\src\flutter\packages\flutter_tools\gradle\.gradle\9.1.0\executionHistory)"        [_thread_blocked, id=31768, stack(0x000000ce49000000,0x000000ce49100000) (1024K)]
  0x00000241c2ec3070 JavaThread "Unconstrained build operations Thread 31"        [_thread_blocked, id=20400, stack(0x000000ce49100000,0x000000ce49200000) (1024K)]
  0x00000241c2ec3700 JavaThread "Unconstrained build operations Thread 32"        [_thread_blocked, id=25348, stack(0x000000ce49400000,0x000000ce49500000) (1024K)]
  0x00000241c2ec3d90 JavaThread "Unconstrained build operations Thread 33"        [_thread_blocked, id=17180, stack(0x000000ce49500000,0x000000ce49600000) (1024K)]
  0x00000241c2ec4420 JavaThread "Unconstrained build operations Thread 34"        [_thread_blocked, id=26072, stack(0x000000ce49600000,0x000000ce49700000) (1024K)]
  0x0000024200912e80 JavaThread "Unconstrained build operations Thread 35"        [_thread_blocked, id=24828, stack(0x000000ce49700000,0x000000ce49800000) (1024K)]
  0x0000024200913510 JavaThread "Unconstrained build operations Thread 36"        [_thread_blocked, id=8856, stack(0x000000ce49800000,0x000000ce49900000) (1024K)]
  0x0000024200912160 JavaThread "Unconstrained build operations Thread 37"        [_thread_blocked, id=26480, stack(0x000000ce49900000,0x000000ce49a00000) (1024K)]
  0x0000024200913ba0 JavaThread "Unconstrained build operations Thread 38"        [_thread_blocked, id=31780, stack(0x000000ce49a00000,0x000000ce49b00000) (1024K)]
  0x00000242009127f0 JavaThread "Unconstrained build operations Thread 39"        [_thread_blocked, id=24368, stack(0x000000ce49b00000,0x000000ce49c00000) (1024K)]
  0x0000024200915c70 JavaThread "Unconstrained build operations Thread 40"        [_thread_blocked, id=6904, stack(0x000000ce49c00000,0x000000ce49d00000) (1024K)]
  0x00000242009176b0 JavaThread "Unconstrained build operations Thread 41"        [_thread_blocked, id=3492, stack(0x000000ce49d00000,0x000000ce49e00000) (1024K)]
  0x0000024200917020 JavaThread "Unconstrained build operations Thread 42"        [_thread_blocked, id=29228, stack(0x000000ce49e00000,0x000000ce49f00000) (1024K)]
  0x0000024200916300 JavaThread "Unconstrained build operations Thread 43"        [_thread_blocked, id=20008, stack(0x000000ce49f00000,0x000000ce4a000000) (1024K)]
  0x00000242009155e0 JavaThread "Unconstrained build operations Thread 44"        [_thread_blocked, id=6732, stack(0x000000ce4a000000,0x000000ce4a100000) (1024K)]
  0x0000024200916990 JavaThread "Unconstrained build operations Thread 45"        [_thread_blocked, id=10216, stack(0x000000ce4a100000,0x000000ce4a200000) (1024K)]
  0x0000024206003ba0 JavaThread "Unconstrained build operations Thread 46"        [_thread_blocked, id=4984, stack(0x000000ce4a200000,0x000000ce4a300000) (1024K)]
  0x0000024206000720 JavaThread "Unconstrained build operations Thread 47"        [_thread_blocked, id=14544, stack(0x000000ce4a300000,0x000000ce4a400000) (1024K)]
  0x0000024206004230 JavaThread "Unconstrained build operations Thread 48"        [_thread_blocked, id=3800, stack(0x000000ce4a400000,0x000000ce4a500000) (1024K)]
  0x0000024206000db0 JavaThread "Unconstrained build operations Thread 49"        [_thread_blocked, id=9220, stack(0x000000ce4a500000,0x000000ce4a600000) (1024K)]
  0x00000242060055e0 JavaThread "Unconstrained build operations Thread 50"        [_thread_blocked, id=24032, stack(0x000000ce4a600000,0x000000ce4a700000) (1024K)]
  0x00000242060076b0 JavaThread "Unconstrained build operations Thread 51"        [_thread_blocked, id=8884, stack(0x000000ce4a700000,0x000000ce4a800000) (1024K)]
  0x0000024206006300 JavaThread "Unconstrained build operations Thread 52"        [_thread_blocked, id=31704, stack(0x000000ce4a800000,0x000000ce4a900000) (1024K)]
  0x00000242060048c0 JavaThread "Unconstrained build operations Thread 53"        [_thread_blocked, id=25808, stack(0x000000ce4a900000,0x000000ce4aa00000) (1024K)]
  0x0000024206005c70 JavaThread "Unconstrained build operations Thread 54"        [_thread_blocked, id=31916, stack(0x000000ce4aa00000,0x000000ce4ab00000) (1024K)]
  0x0000024206004f50 JavaThread "Unconstrained build operations Thread 55"        [_thread_blocked, id=29924, stack(0x000000ce4ab00000,0x000000ce4ac00000) (1024K)]
  0x0000024206006990 JavaThread "Unconstrained build operations Thread 56"        [_thread_blocked, id=11320, stack(0x000000ce4ac00000,0x000000ce4ad00000) (1024K)]
  0x0000024206007020 JavaThread "Unconstrained build operations Thread 57"        [_thread_blocked, id=7084, stack(0x000000ce4ad00000,0x000000ce4ae00000) (1024K)]
  0x00000241c1b31aa0 JavaThread "Unconstrained build operations Thread 58"        [_thread_blocked, id=16156, stack(0x000000ce4ae00000,0x000000ce4af00000) (1024K)]
  0x00000241c1b32e50 JavaThread "Unconstrained build operations Thread 59"        [_thread_blocked, id=29124, stack(0x000000ce4af00000,0x000000ce4b000000) (1024K)]
  0x00000241c1b334e0 JavaThread "Unconstrained build operations Thread 60"        [_thread_blocked, id=2008, stack(0x000000ce4b000000,0x000000ce4b100000) (1024K)]
  0x00000241c1b30060 JavaThread "Unconstrained build operations Thread 61"        [_thread_blocked, id=3312, stack(0x000000ce4b100000,0x000000ce4b200000) (1024K)]
  0x0000024205cf61e0 JavaThread "C1 CompilerThread1"         daemon [_thread_blocked, id=14856, stack(0x000000ce4b200000,0x000000ce4b300000) (1024K)]
  0x00000241c1b34200 JavaThread "Unconstrained build operations Thread 62"        [_thread_blocked, id=25268, stack(0x000000ce4b300000,0x000000ce4b400000) (1024K)]
  0x00000241c1b30d80 JavaThread "Unconstrained build operations Thread 63"        [_thread_blocked, id=29388, stack(0x000000ce4b400000,0x000000ce4b500000) (1024K)]
  0x00000241c1b31410 JavaThread "Unconstrained build operations Thread 64"        [_thread_blocked, id=27200, stack(0x000000ce4b500000,0x000000ce4b600000) (1024K)]
  0x00000241c1b36960 JavaThread "Unconstrained build operations Thread 65"        [_thread_blocked, id=31796, stack(0x000000ce4b600000,0x000000ce4b700000) (1024K)]
  0x00000241c1b36ff0 JavaThread "Unconstrained build operations Thread 66"        [_thread_blocked, id=27456, stack(0x000000ce4b700000,0x000000ce4b800000) (1024K)]
  0x00000241c1b34890 JavaThread "Unconstrained build operations Thread 67"        [_thread_blocked, id=9088, stack(0x000000ce4b800000,0x000000ce4b900000) (1024K)]
  0x00000241c1b362d0 JavaThread "Unconstrained build operations Thread 68"        [_thread_blocked, id=13416, stack(0x000000ce4b900000,0x000000ce4ba00000) (1024K)]
  0x00000241c1b34f20 JavaThread "Unconstrained build operations Thread 69"        [_thread_blocked, id=25748, stack(0x000000ce4ba00000,0x000000ce4bb00000) (1024K)]
  0x00000241c1b37680 JavaThread "Unconstrained build operations Thread 70"        [_thread_blocked, id=3508, stack(0x000000ce4bb00000,0x000000ce4bc00000) (1024K)]
  0x00000241c1b355b0 JavaThread "Unconstrained build operations Thread 71"        [_thread_blocked, id=18668, stack(0x000000ce4bc00000,0x000000ce4bd00000) (1024K)]
  0x00000241c1b35c40 JavaThread "Unconstrained build operations Thread 72"        [_thread_blocked, id=24944, stack(0x000000ce4bd00000,0x000000ce4be00000) (1024K)]
  0x00000241c1533d00 JavaThread "Unconstrained build operations Thread 73"        [_thread_blocked, id=32460, stack(0x000000ce4be00000,0x000000ce4bf00000) (1024K)]
  0x00000241c1535dd0 JavaThread "Unconstrained build operations Thread 74"        [_thread_blocked, id=10084, stack(0x000000ce4bf00000,0x000000ce4c000000) (1024K)]
  0x00000241c1534390 JavaThread "Unconstrained build operations Thread 75"        [_thread_blocked, id=16516, stack(0x000000ce4c000000,0x000000ce4c100000) (1024K)]
  0x00000241c1534a20 JavaThread "Unconstrained build operations Thread 76"        [_thread_blocked, id=1268, stack(0x000000ce4c100000,0x000000ce4c200000) (1024K)]
  0x00000241c1532fe0 JavaThread "Unconstrained build operations Thread 77"        [_thread_blocked, id=4856, stack(0x000000ce4c200000,0x000000ce4c300000) (1024K)]
  0x00000241c1538530 JavaThread "Unconstrained build operations Thread 78"        [_thread_blocked, id=29376, stack(0x000000ce4c300000,0x000000ce4c400000) (1024K)]
  0x00000241c1538bc0 JavaThread "Unconstrained build operations Thread 79"        [_thread_blocked, id=12776, stack(0x000000ce4c400000,0x000000ce4c500000) (1024K)]
  0x00000241c1536af0 JavaThread "Unconstrained build operations Thread 80"        [_thread_blocked, id=25568, stack(0x000000ce4c500000,0x000000ce4c600000) (1024K)]
  0x00000241c1539250 JavaThread "Unconstrained build operations Thread 81"        [_thread_blocked, id=29744, stack(0x000000ce4c600000,0x000000ce4c700000) (1024K)]
  0x00000241c1537180 JavaThread "Unconstrained build operations Thread 82"        [_thread_blocked, id=28784, stack(0x000000ce4c700000,0x000000ce4c800000) (1024K)]
  0x00000241c1537810 JavaThread "Unconstrained build operations Thread 83"        [_thread_blocked, id=11604, stack(0x000000ce4c800000,0x000000ce4c900000) (1024K)]
  0x00000241c1537ea0 JavaThread "Unconstrained build operations Thread 84"        [_thread_blocked, id=22176, stack(0x000000ce4c900000,0x000000ce4ca00000) (1024K)]
  0x00000241c5209410 JavaThread "Unconstrained build operations Thread 85"        [_thread_blocked, id=24100, stack(0x000000ce4ca00000,0x000000ce4cb00000) (1024K)]
  0x00000241c520b4e0 JavaThread "Unconstrained build operations Thread 86"        [_thread_blocked, id=27608, stack(0x000000ce4cb00000,0x000000ce4cc00000) (1024K)]
  0x00000241c520c890 JavaThread "Unconstrained build operations Thread 87"        [_thread_blocked, id=8424, stack(0x000000ce4cc00000,0x000000ce4cd00000) (1024K)]
  0x00000241c520a7c0 JavaThread "Unconstrained build operations Thread 88"        [_thread_blocked, id=26236, stack(0x000000ce4cd00000,0x000000ce4ce00000) (1024K)]
  0x00000241c520ae50 JavaThread "Unconstrained build operations Thread 89"        [_thread_blocked, id=25160, stack(0x000000ce4ce00000,0x000000ce4cf00000) (1024K)]
  0x00000241c520e960 JavaThread "Unconstrained build operations Thread 90"        [_thread_blocked, id=21580, stack(0x000000ce4cf00000,0x000000ce4d000000) (1024K)]
  0x00000241c5214540 JavaThread "Unconstrained build operations Thread 91"        [_thread_blocked, id=20624, stack(0x000000ce4d000000,0x000000ce4d100000) (1024K)]
  0x00000241c5218050 JavaThread "build event listener"              [_thread_blocked, id=6020, stack(0x000000ce4d100000,0x000000ce4d200000) (1024K)]
  0x00000241c52158f0 JavaThread "build event listener"              [_thread_blocked, id=21108, stack(0x000000ce4d200000,0x000000ce4d300000) (1024K)]
  0x00000241c5217330 JavaThread "Problems report writer"            [_thread_blocked, id=7924, stack(0x000000ce4d400000,0x000000ce4d500000) (1024K)]
  0x00000241c5214bd0 JavaThread "Unconstrained build operations Thread 92"        [_thread_blocked, id=27908, stack(0x000000ce4d800000,0x000000ce4d900000) (1024K)]
  0x00000241c5215260 JavaThread "Unconstrained build operations Thread 93"        [_thread_blocked, id=27672, stack(0x000000ce4d900000,0x000000ce4da00000) (1024K)]
  0x0000024200914230 JavaThread "Unconstrained build operations Thread 94"        [_thread_blocked, id=31100, stack(0x000000ce4da00000,0x000000ce4db00000) (1024K)]
  0x0000024200917d40 JavaThread "Unconstrained build operations Thread 95"        [_thread_blocked, id=29948, stack(0x000000ce4db00000,0x000000ce4dc00000) (1024K)]
  0x0000024200914f50 JavaThread "Unconstrained build operations Thread 96"        [_thread_blocked, id=28844, stack(0x000000ce4dc00000,0x000000ce4dd00000) (1024K)]
  0x00000242009148c0 JavaThread "Unconstrained build operations Thread 97"        [_thread_blocked, id=27184, stack(0x000000ce4dd00000,0x000000ce4de00000) (1024K)]
  0x00000242009190f0 JavaThread "Unconstrained build operations Thread 98"        [_thread_blocked, id=26876, stack(0x000000ce4de00000,0x000000ce4df00000) (1024K)]
  0x00000242009183d0 JavaThread "Unconstrained build operations Thread 99"        [_thread_blocked, id=17252, stack(0x000000ce4df00000,0x000000ce4e000000) (1024K)]
  0x0000024200918a60 JavaThread "Unconstrained build operations Thread 100"        [_thread_blocked, id=6612, stack(0x000000ce4e000000,0x000000ce4e100000) (1024K)]
  0x0000024200920710 JavaThread "Unconstrained build operations Thread 101"        [_thread_blocked, id=28764, stack(0x000000ce4e100000,0x000000ce4e200000) (1024K)]
  0x000002420091e640 JavaThread "Unconstrained build operations Thread 102"        [_thread_blocked, id=18336, stack(0x000000ce4e200000,0x000000ce4e300000) (1024K)]
  0x00000241c13a28f0 JavaThread "Unconstrained build operations Thread 103"        [_thread_blocked, id=25980, stack(0x000000ce4e300000,0x000000ce4e400000) (1024K)]
  0x00000241c13a49c0 JavaThread "Unconstrained build operations Thread 104"        [_thread_blocked, id=22412, stack(0x000000ce4e400000,0x000000ce4e500000) (1024K)]
  0x00000241c13a5050 JavaThread "Unconstrained build operations Thread 105"        [_thread_blocked, id=28532, stack(0x000000ce4e500000,0x000000ce4e600000) (1024K)]
  0x00000241c13a1bd0 JavaThread "Unconstrained build operations Thread 106"        [_thread_blocked, id=6520, stack(0x000000ce4e600000,0x000000ce4e700000) (1024K)]
  0x00000241c13a2f80 JavaThread "Unconstrained build operations Thread 107"        [_thread_blocked, id=20076, stack(0x000000ce4e700000,0x000000ce4e800000) (1024K)]
  0x00000241c13a3610 JavaThread "Unconstrained build operations Thread 108"        [_thread_blocked, id=25252, stack(0x000000ce4e800000,0x000000ce4e900000) (1024K)]
  0x00000241c13a3ca0 JavaThread "Unconstrained build operations Thread 109"        [_thread_blocked, id=20184, stack(0x000000ce4e900000,0x000000ce4ea00000) (1024K)]
  0x00000241c13a4330 JavaThread "Unconstrained build operations Thread 110"        [_thread_blocked, id=12640, stack(0x000000ce4ea00000,0x000000ce4eb00000) (1024K)]
  0x00000241c3c618e0 JavaThread "Unconstrained build operations Thread 111"        [_thread_blocked, id=13344, stack(0x000000ce4eb00000,0x000000ce4ec00000) (1024K)]
  0x00000241c3c5eaf0 JavaThread "Unconstrained build operations Thread 112"        [_thread_blocked, id=28740, stack(0x000000ce4ec00000,0x000000ce4ed00000) (1024K)]
  0x00000241c3c61f70 JavaThread "Unconstrained build operations Thread 113"        [_thread_blocked, id=26052, stack(0x000000ce4ed00000,0x000000ce4ee00000) (1024K)]
  0x00000241c3c62600 JavaThread "Unconstrained build operations Thread 114"        [_thread_blocked, id=18488, stack(0x000000ce4ee00000,0x000000ce4ef00000) (1024K)]
  0x00000241c3c62c90 JavaThread "Unconstrained build operations Thread 115"        [_thread_blocked, id=18008, stack(0x000000ce4ef00000,0x000000ce4f000000) (1024K)]
  0x00000241c3c5f810 JavaThread "Unconstrained build operations Thread 116"        [_thread_blocked, id=27652, stack(0x000000ce4f000000,0x000000ce4f100000) (1024K)]
  0x00000241c3c63320 JavaThread "Unconstrained build operations Thread 117"        [_thread_blocked, id=24240, stack(0x000000ce4f100000,0x000000ce4f200000) (1024K)]
  0x00000241c1afc870 JavaThread "Unconstrained build operations Thread 118"        [_thread_blocked, id=28180, stack(0x000000ce4f200000,0x000000ce4f300000) (1024K)]
  0x00000241c1afcf00 JavaThread "Unconstrained build operations Thread 119"        [_thread_blocked, id=8120, stack(0x000000ce4f300000,0x000000ce4f400000) (1024K)]
  0x00000241c1af9a80 JavaThread "Unconstrained build operations Thread 120"        [_thread_blocked, id=24684, stack(0x000000ce4f500000,0x000000ce4f600000) (1024K)]
  0x00000241c1afae30 JavaThread "Unconstrained build operations Thread 121"        [_thread_blocked, id=11108, stack(0x000000ce4f600000,0x000000ce4f700000) (1024K)]
  0x0000024206000090 JavaThread "Unconstrained build operations Thread 122"        [_thread_blocked, id=31892, stack(0x000000ce4f700000,0x000000ce4f800000) (1024K)]
  0x0000024206002160 JavaThread "Unconstrained build operations Thread 123"        [_thread_blocked, id=28480, stack(0x000000ce4f800000,0x000000ce4f900000) (1024K)]
  0x0000024206001ad0 JavaThread "Unconstrained build operations Thread 124"        [_thread_blocked, id=25984, stack(0x000000ce4f900000,0x000000ce4fa00000) (1024K)]
  0x00000241fef6b3d0 JavaThread "Unconstrained build operations Thread 125"        [_thread_blocked, id=26216, stack(0x000000ce4fa00000,0x000000ce4fb00000) (1024K)]
  0x00000241fef6a6b0 JavaThread "Unconstrained build operations Thread 126"        [_thread_blocked, id=12436, stack(0x000000ce4fb00000,0x000000ce4fc00000) (1024K)]
  0x00000241c15322c0 JavaThread "Unconstrained build operations Thread 127"        [_thread_blocked, id=11608, stack(0x000000ce4fc00000,0x000000ce4fd00000) (1024K)]
  0x00000241c1533670 JavaThread "Unconstrained build operations Thread 128"        [_thread_blocked, id=27044, stack(0x000000ce4fd00000,0x000000ce4fe00000) (1024K)]
  0x0000024206002e80 JavaThread "Unconstrained build operations Thread 129"        [_thread_blocked, id=20504, stack(0x000000ce4fe00000,0x000000ce4ff00000) (1024K)]
  0x00000241fef6ad40 JavaThread "Unconstrained build operations Thread 130"        [_thread_blocked, id=4928, stack(0x000000ce4ff00000,0x000000ce50000000) (1024K)]
  0x00000241c1aff660 JavaThread "Unconstrained build operations Thread 131"        [_thread_blocked, id=19932, stack(0x000000ce50000000,0x000000ce50100000) (1024K)]
  0x000002420596d090 JavaThread "Unconstrained build operations Thread 132"        [_thread_blocked, id=31884, stack(0x000000ce50100000,0x000000ce50200000) (1024K)]
  0x000002420596e440 JavaThread "Unconstrained build operations Thread 133"        [_thread_blocked, id=17736, stack(0x000000ce50200000,0x000000ce50300000) (1024K)]
  0x000002420596ead0 JavaThread "Unconstrained build operations Thread 134"        [_thread_blocked, id=20568, stack(0x000000ce50400000,0x000000ce50500000) (1024K)]
  0x000002420596d720 JavaThread "Unconstrained build operations Thread 135"        [_thread_blocked, id=31396, stack(0x000000ce50500000,0x000000ce50600000) (1024K)]
  0x000002420596f160 JavaThread "Unconstrained build operations Thread 136"        [_thread_blocked, id=2644, stack(0x000000ce50700000,0x000000ce50800000) (1024K)]
  0x000002420596f7f0 JavaThread "Unconstrained build operations Thread 137"        [_thread_blocked, id=20020, stack(0x000000ce50800000,0x000000ce50900000) (1024K)]
  0x000002420596fe80 JavaThread "Unconstrained build operations Thread 138"        [_thread_blocked, id=20840, stack(0x000000ce50900000,0x000000ce50a00000) (1024K)]
  0x0000024205970510 JavaThread "Unconstrained build operations Thread 139"        [_thread_blocked, id=2160, stack(0x000000ce50a00000,0x000000ce50b00000) (1024K)]
  0x0000024205970ba0 JavaThread "Unconstrained build operations Thread 140"        [_thread_blocked, id=26068, stack(0x000000ce50b00000,0x000000ce50c00000) (1024K)]
  0x0000024205971230 JavaThread "Unconstrained build operations Thread 141"        [_thread_blocked, id=29620, stack(0x000000ce50c00000,0x000000ce50d00000) (1024K)]
  0x000002420596ddb0 JavaThread "Unconstrained build operations Thread 142"        [_thread_blocked, id=18376, stack(0x000000ce50d00000,0x000000ce50e00000) (1024K)]
  0x0000024205974d40 JavaThread "Unconstrained build operations Thread 143"        [_thread_blocked, id=30736, stack(0x000000ce50e00000,0x000000ce50f00000) (1024K)]
  0x00000242059718c0 JavaThread "Unconstrained build operations Thread 144"        [_thread_blocked, id=27036, stack(0x000000ce50f00000,0x000000ce51000000) (1024K)]
  0x0000024205972c70 JavaThread "Unconstrained build operations Thread 145"        [_thread_blocked, id=24696, stack(0x000000ce51000000,0x000000ce51100000) (1024K)]
  0x0000024205973300 JavaThread "Unconstrained build operations Thread 146"        [_thread_blocked, id=8432, stack(0x000000ce51100000,0x000000ce51200000) (1024K)]
  0x0000024205973990 JavaThread "Unconstrained build operations Thread 147"        [_thread_blocked, id=3644, stack(0x000000ce51200000,0x000000ce51300000) (1024K)]
  0x00000242059753d0 JavaThread "Unconstrained build operations Thread 148"        [_thread_blocked, id=27632, stack(0x000000ce51300000,0x000000ce51400000) (1024K)]
  0x0000024205971f50 JavaThread "Unconstrained build operations Thread 149"        [_thread_blocked, id=30552, stack(0x000000ce51400000,0x000000ce51500000) (1024K)]
  0x0000024205975a60 JavaThread "Unconstrained build operations Thread 150"        [_thread_blocked, id=24548, stack(0x000000ce51500000,0x000000ce51600000) (1024K)]
  0x0000024205974020 JavaThread "Unconstrained build operations Thread 151"        [_thread_blocked, id=17760, stack(0x000000ce51600000,0x000000ce51700000) (1024K)]
  0x00000242059746b0 JavaThread "Unconstrained build operations Thread 152"        [_thread_blocked, id=29584, stack(0x000000ce51700000,0x000000ce51800000) (1024K)]
  0x00000242059725e0 JavaThread "Unconstrained build operations Thread 153"        [_thread_blocked, id=11584, stack(0x000000ce51a00000,0x000000ce51b00000) (1024K)]
  0x00000242059781c0 JavaThread "Unconstrained build operations Thread 154"        [_thread_blocked, id=9184, stack(0x000000ce51b00000,0x000000ce51c00000) (1024K)]
  0x00000242059760f0 JavaThread "Unconstrained build operations Thread 155"        [_thread_blocked, id=32696, stack(0x000000ce51d00000,0x000000ce51e00000) (1024K)]
  0x0000024205979570 JavaThread "Unconstrained build operations Thread 156"        [_thread_blocked, id=28572, stack(0x000000ce51e00000,0x000000ce51f00000) (1024K)]
  0x0000024205976780 JavaThread "Unconstrained build operations Thread 157"        [_thread_blocked, id=11260, stack(0x000000ce51f00000,0x000000ce52000000) (1024K)]
  0x0000024205978ee0 JavaThread "Unconstrained build operations Thread 158"        [_thread_blocked, id=15760, stack(0x000000ce52000000,0x000000ce52100000) (1024K)]
  0x00000242059774a0 JavaThread "Unconstrained build operations Thread 159"        [_thread_blocked, id=6576, stack(0x000000ce52100000,0x000000ce52200000) (1024K)]
  0x000002420597a290 JavaThread "Unconstrained build operations Thread 160"        [_thread_blocked, id=24360, stack(0x000000ce52200000,0x000000ce52300000) (1024K)]
Total: 241

Other Threads:
  0x00000241f6c51900 VMThread "VM Thread"                           [id=25336, stack(0x000000ce42300000,0x000000ce42400000) (1024K)]
  0x00000241f6c43d30 WatcherThread "VM Periodic Task Thread"        [id=32020, stack(0x000000ce42200000,0x000000ce42300000) (1024K)]
  0x00000241c8eac5c0 WorkerThread "GC Thread#0"                     [id=30196, stack(0x000000ce41d00000,0x000000ce41e00000) (1024K)]
  0x00000241f9e83130 WorkerThread "GC Thread#1"                     [id=8700, stack(0x000000ce42e00000,0x000000ce42f00000) (1024K)]
  0x00000241fe05ef00 WorkerThread "GC Thread#2"                     [id=22500, stack(0x000000ce42f00000,0x000000ce43000000) (1024K)]
  0x00000241fe896e40 WorkerThread "GC Thread#3"                     [id=20360, stack(0x000000ce43100000,0x000000ce43200000) (1024K)]
  0x00000241fe95e910 WorkerThread "GC Thread#4"                     [id=31208, stack(0x000000ce43200000,0x000000ce43300000) (1024K)]
  0x00000241c1221760 WorkerThread "GC Thread#5"                     [id=30416, stack(0x000000ce43000000,0x000000ce43100000) (1024K)]
  0x00000241fe80f8e0 WorkerThread "GC Thread#6"                     [id=8552, stack(0x000000ce43300000,0x000000ce43400000) (1024K)]
  0x00000241fe80fc90 WorkerThread "GC Thread#7"                     [id=22700, stack(0x000000ce43400000,0x000000ce43500000) (1024K)]
  0x00000241fee936e0 WorkerThread "GC Thread#8"                     [id=30548, stack(0x000000ce43500000,0x000000ce43600000) (1024K)]
  0x00000241ff098b50 WorkerThread "GC Thread#9"                     [id=20244, stack(0x000000ce44500000,0x000000ce44600000) (1024K)]
  0x00000241ff0992b0 WorkerThread "GC Thread#10"                    [id=27368, stack(0x000000ce44600000,0x000000ce44700000) (1024K)]
  0x00000241ff0987a0 WorkerThread "GC Thread#11"                    [id=24832, stack(0x000000ce44700000,0x000000ce44800000) (1024K)]
  0x00000241ff0978e0 WorkerThread "GC Thread#12"                    [id=31012, stack(0x000000ce44800000,0x000000ce44900000) (1024K)]
  0x00000241c8ebe340 ConcurrentGCThread "G1 Main Marker"            [id=32468, stack(0x000000ce41e00000,0x000000ce41f00000) (1024K)]
  0x00000241f6aa0080 WorkerThread "G1 Conc#0"                       [id=8772, stack(0x000000ce41f00000,0x000000ce42000000) (1024K)]
  0x00000241ff0983f0 WorkerThread "G1 Conc#1"                       [id=32524, stack(0x000000ce44400000,0x000000ce44500000) (1024K)]
  0x00000241c2adc4e0 WorkerThread "G1 Conc#2"                       [id=30264, stack(0x000000ce44900000,0x000000ce44a00000) (1024K)]
  0x00000241f6b09450 ConcurrentGCThread "G1 Refine#0"               [id=27704, stack(0x000000ce42000000,0x000000ce42100000) (1024K)]
  0x00000241f6b09ee0 ConcurrentGCThread "G1 Service"                [id=4136, stack(0x000000ce42100000,0x000000ce42200000) (1024K)]
Total: 21

Threads with active compile tasks:
C2 CompilerThread0  349130 24835       4       org.gradle.api.internal.artifacts.ivyservice.resolveengine.graph.builder.DependencyGraphBuilder::performSelectionSerially (119 bytes)
Total: 1

VM state: not at safepoint (normal execution)

VM Mutex/Monitor currently owned by a thread: None

Heap address: 0x0000000600000000, size: 8192 MB, Compressed Oops mode: Zero based, Oop shift amount: 3

CDS archive(s) mapped at: [0x0000024180000000-0x0000024180ba0000-0x0000024180ba0000), size 12189696, SharedBaseAddress: 0x0000024180000000, ArchiveRelocationMode: 1.
Compressed class space mapped at: 0x0000024181000000-0x00000241c1000000, reserved size: 1073741824
Narrow klass base: 0x0000024180000000, Narrow klass shift: 0, Narrow klass range: 0x100000000

GC Precious Log:
 CardTable entry size: 512
 Card Set container configuration: InlinePtr #cards 4 size 8 Array Of Cards #cards 32 size 80 Howl #buckets 8 coarsen threshold 7372 Howl Bitmap #cards 1024 size 144 coarsen threshold 921 Card regions per heap region 1 cards per card region 8192
 CPUs: 16 total, 16 available
 Memory: 7599M
 Large Page Support: Disabled
 NUMA Support: Disabled
 Compressed Oops: Enabled (Zero based)
 Heap Region Size: 4M
 Heap Min Capacity: 8M
 Heap Initial Capacity: 120M
 Heap Max Capacity: 8G
 Pre-touch: Disabled
 Parallel Workers: 13
 Concurrent Workers: 3
 Concurrent Refinement Workers: 13
 Periodic GC: Disabled

Heap:
 garbage-first heap   total 499712K, used 367682K [0x0000000600000000, 0x0000000800000000)
  region size 4096K, 30 young (122880K), 6 survivors (24576K)
 Metaspace       used 138844K, committed 142016K, reserved 1179648K
  class space    used 19036K, committed 20608K, reserved 1048576K

Heap Regions: E=young(eden), S=young(survivor), O=old, HS=humongous(starts), HC=humongous(continues), CS=collection set, F=free, TAMS=top-at-mark-start, PB=parsable bottom
|   0|0x0000000600000000, 0x0000000600400000, 0x0000000600400000|100%|HS|  |TAMS 0x0000000600000000| PB 0x0000000600000000| Complete 
|   1|0x0000000600400000, 0x0000000600800000, 0x0000000600800000|100%| O|  |TAMS 0x0000000600400000| PB 0x0000000600400000| Untracked 
|   2|0x0000000600800000, 0x0000000600c00000, 0x0000000600c00000|100%| O|  |TAMS 0x0000000600800000| PB 0x0000000600800000| Untracked 
|   3|0x0000000600c00000, 0x0000000601000000, 0x0000000601000000|100%| O|  |TAMS 0x0000000600c00000| PB 0x0000000600c00000| Untracked 
|   4|0x0000000601000000, 0x0000000601400000, 0x0000000601400000|100%| O|  |TAMS 0x0000000601000000| PB 0x0000000601000000| Untracked 
|   5|0x0000000601400000, 0x0000000601800000, 0x0000000601800000|100%| O|  |TAMS 0x0000000601400000| PB 0x0000000601400000| Untracked 
|   6|0x0000000601800000, 0x0000000601c00000, 0x0000000601c00000|100%| O|  |TAMS 0x0000000601800000| PB 0x0000000601800000| Untracked 
|   7|0x0000000601c00000, 0x0000000602000000, 0x0000000602000000|100%| O|  |TAMS 0x0000000601c00000| PB 0x0000000601c00000| Untracked 
|   8|0x0000000602000000, 0x0000000602400000, 0x0000000602400000|100%| O|  |TAMS 0x0000000602000000| PB 0x0000000602000000| Untracked 
|   9|0x0000000602400000, 0x0000000602800000, 0x0000000602800000|100%| O|  |TAMS 0x0000000602400000| PB 0x0000000602400000| Untracked 
|  10|0x0000000602800000, 0x0000000602c00000, 0x0000000602c00000|100%| O|  |TAMS 0x0000000602800000| PB 0x0000000602800000| Untracked 
|  11|0x0000000602c00000, 0x0000000603000000, 0x0000000603000000|100%| O|  |TAMS 0x0000000602c00000| PB 0x0000000602c00000| Untracked 
|  12|0x0000000603000000, 0x0000000603400000, 0x0000000603400000|100%| O|  |TAMS 0x0000000603000000| PB 0x0000000603000000| Untracked 
|  13|0x0000000603400000, 0x0000000603800000, 0x0000000603800000|100%| O|  |TAMS 0x0000000603400000| PB 0x0000000603400000| Untracked 
|  14|0x0000000603800000, 0x0000000603c00000, 0x0000000603c00000|100%| O|Cm|TAMS 0x0000000603800000| PB 0x0000000603800000| Complete 
|  15|0x0000000603c00000, 0x0000000604000000, 0x0000000604000000|100%| O|  |TAMS 0x0000000603c00000| PB 0x0000000603c00000| Untracked 
|  16|0x0000000604000000, 0x0000000604400000, 0x0000000604400000|100%| O|  |TAMS 0x0000000604000000| PB 0x0000000604000000| Untracked 
|  17|0x0000000604400000, 0x0000000604800000, 0x0000000604800000|100%| O|Cm|TAMS 0x0000000604400000| PB 0x0000000604400000| Complete 
|  18|0x0000000604800000, 0x0000000604c00000, 0x0000000604c00000|100%| O|  |TAMS 0x0000000604800000| PB 0x0000000604800000| Untracked 
|  19|0x0000000604c00000, 0x0000000605000000, 0x0000000605000000|100%| O|  |TAMS 0x0000000604c00000| PB 0x0000000604c00000| Untracked 
|  20|0x0000000605000000, 0x0000000605400000, 0x0000000605400000|100%| O|  |TAMS 0x0000000605000000| PB 0x0000000605000000| Untracked 
|  21|0x0000000605400000, 0x0000000605800000, 0x0000000605800000|100%| O|  |TAMS 0x0000000605400000| PB 0x0000000605400000| Untracked 
|  22|0x0000000605800000, 0x0000000605c00000, 0x0000000605c00000|100%| O|  |TAMS 0x0000000605800000| PB 0x0000000605800000| Untracked 
|  23|0x0000000605c00000, 0x0000000606000000, 0x0000000606000000|100%| O|  |TAMS 0x0000000605c00000| PB 0x0000000605c00000| Untracked 
|  24|0x0000000606000000, 0x0000000606400000, 0x0000000606400000|100%| O|  |TAMS 0x0000000606000000| PB 0x0000000606000000| Untracked 
|  25|0x0000000606400000, 0x0000000606800000, 0x0000000606800000|100%| O|  |TAMS 0x0000000606400000| PB 0x0000000606400000| Untracked 
|  26|0x0000000606800000, 0x0000000606c00000, 0x0000000606c00000|100%| O|Cm|TAMS 0x0000000606800000| PB 0x0000000606800000| Complete 
|  27|0x0000000606c00000, 0x0000000607000000, 0x0000000607000000|100%| O|  |TAMS 0x0000000606c00000| PB 0x0000000606c00000| Untracked 
|  28|0x0000000607000000, 0x0000000607400000, 0x0000000607400000|100%| O|  |TAMS 0x0000000607000000| PB 0x0000000607000000| Untracked 
|  29|0x0000000607400000, 0x0000000607800000, 0x0000000607800000|100%| O|Cm|TAMS 0x0000000607400000| PB 0x0000000607400000| Complete 
|  30|0x0000000607800000, 0x0000000607c00000, 0x0000000607c00000|100%| O|  |TAMS 0x0000000607800000| PB 0x0000000607800000| Untracked 
|  31|0x0000000607c00000, 0x0000000608000000, 0x0000000608000000|100%| O|  |TAMS 0x0000000607c00000| PB 0x0000000607c00000| Untracked 
|  32|0x0000000608000000, 0x0000000608400000, 0x0000000608400000|100%| O|Cm|TAMS 0x0000000608000000| PB 0x0000000608000000| Complete 
|  33|0x0000000608400000, 0x0000000608800000, 0x0000000608800000|100%| O|  |TAMS 0x0000000608400000| PB 0x0000000608400000| Untracked 
|  34|0x0000000608800000, 0x0000000608c00000, 0x0000000608c00000|100%| O|Cm|TAMS 0x0000000608800000| PB 0x0000000608800000| Complete 
|  35|0x0000000608c00000, 0x0000000609000000, 0x0000000609000000|100%| O|  |TAMS 0x0000000608c00000| PB 0x0000000608c00000| Untracked 
|  36|0x0000000609000000, 0x0000000609000000, 0x0000000609400000|  0%| F|  |TAMS 0x0000000609000000| PB 0x0000000609000000| Untracked 
|  37|0x0000000609400000, 0x0000000609800000, 0x0000000609800000|100%| O|Cm|TAMS 0x0000000609400000| PB 0x0000000609400000| Complete 
|  38|0x0000000609800000, 0x0000000609c00000, 0x0000000609c00000|100%| O|  |TAMS 0x0000000609800000| PB 0x0000000609800000| Untracked 
|  39|0x0000000609c00000, 0x000000060a000000, 0x000000060a000000|100%| O|  |TAMS 0x0000000609c00000| PB 0x0000000609c00000| Untracked 
|  40|0x000000060a000000, 0x000000060a000000, 0x000000060a400000|  0%| F|  |TAMS 0x000000060a000000| PB 0x000000060a000000| Untracked 
|  41|0x000000060a400000, 0x000000060a800000, 0x000000060a800000|100%| O|  |TAMS 0x000000060a400000| PB 0x000000060a400000| Untracked 
|  42|0x000000060a800000, 0x000000060a800000, 0x000000060ac00000|  0%| F|  |TAMS 0x000000060a800000| PB 0x000000060a800000| Untracked 
|  43|0x000000060ac00000, 0x000000060b000000, 0x000000060b000000|100%| O|Cm|TAMS 0x000000060ac00000| PB 0x000000060ac00000| Complete 
|  44|0x000000060b000000, 0x000000060b000000, 0x000000060b400000|  0%| F|  |TAMS 0x000000060b000000| PB 0x000000060b000000| Untracked 
|  45|0x000000060b400000, 0x000000060b800000, 0x000000060b800000|100%| O|Cm|TAMS 0x000000060b400000| PB 0x000000060b400000| Complete 
|  46|0x000000060b800000, 0x000000060bc00000, 0x000000060bc00000|100%| O|  |TAMS 0x000000060b800000| PB 0x000000060b800000| Untracked 
|  47|0x000000060bc00000, 0x000000060c000000, 0x000000060c000000|100%| O|  |TAMS 0x000000060bc00000| PB 0x000000060bc00000| Untracked 
|  48|0x000000060c000000, 0x000000060c000000, 0x000000060c400000|  0%| F|  |TAMS 0x000000060c000000| PB 0x000000060c000000| Untracked 
|  49|0x000000060c400000, 0x000000060c800000, 0x000000060c800000|100%| O|Cm|TAMS 0x000000060c400000| PB 0x000000060c400000| Complete 
|  50|0x000000060c800000, 0x000000060cc00000, 0x000000060cc00000|100%| O|Cm|TAMS 0x000000060c800000| PB 0x000000060c800000| Complete 
|  51|0x000000060cc00000, 0x000000060cc00000, 0x000000060d000000|  0%| F|  |TAMS 0x000000060cc00000| PB 0x000000060cc00000| Untracked 
|  52|0x000000060d000000, 0x000000060d000000, 0x000000060d400000|  0%| F|  |TAMS 0x000000060d000000| PB 0x000000060d000000| Untracked 
|  53|0x000000060d400000, 0x000000060d400000, 0x000000060d800000|  0%| F|  |TAMS 0x000000060d400000| PB 0x000000060d400000| Untracked 
|  54|0x000000060d800000, 0x000000060d800000, 0x000000060dc00000|  0%| F|  |TAMS 0x000000060d800000| PB 0x000000060d800000| Untracked 
|  55|0x000000060dc00000, 0x000000060dc00000, 0x000000060e000000|  0%| F|  |TAMS 0x000000060dc00000| PB 0x000000060dc00000| Untracked 
|  56|0x000000060e000000, 0x000000060e400000, 0x000000060e400000|100%| O|  |TAMS 0x000000060e000000| PB 0x000000060e000000| Untracked 
|  57|0x000000060e400000, 0x000000060e800000, 0x000000060e800000|100%| O|  |TAMS 0x000000060e400000| PB 0x000000060e400000| Untracked 
|  58|0x000000060e800000, 0x000000060ec00000, 0x000000060ec00000|100%| O|  |TAMS 0x000000060e800000| PB 0x000000060e800000| Untracked 
|  59|0x000000060ec00000, 0x000000060f000000, 0x000000060f000000|100%| O|Cm|TAMS 0x000000060ec00000| PB 0x000000060ec00000| Complete 
|  60|0x000000060f000000, 0x000000060f400000, 0x000000060f400000|100%| O|  |TAMS 0x000000060f000000| PB 0x000000060f000000| Untracked 
|  61|0x000000060f400000, 0x000000060f400000, 0x000000060f800000|  0%| F|  |TAMS 0x000000060f400000| PB 0x000000060f400000| Untracked 
|  62|0x000000060f800000, 0x000000060f800000, 0x000000060fc00000|  0%| F|  |TAMS 0x000000060f800000| PB 0x000000060f800000| Untracked 
|  63|0x000000060fc00000, 0x0000000610000000, 0x0000000610000000|100%| O|  |TAMS 0x000000060fc00000| PB 0x000000060fc00000| Untracked 
|  64|0x0000000610000000, 0x0000000610000000, 0x0000000610400000|  0%| F|  |TAMS 0x0000000610000000| PB 0x0000000610000000| Untracked 
|  65|0x0000000610400000, 0x0000000610800000, 0x0000000610800000|100%| O|  |TAMS 0x0000000610400000| PB 0x0000000610400000| Untracked 
|  66|0x0000000610800000, 0x0000000610c00000, 0x0000000610c00000|100%| O|  |TAMS 0x0000000610800000| PB 0x0000000610800000| Untracked 
|  67|0x0000000610c00000, 0x0000000611000000, 0x0000000611000000|100%| O|  |TAMS 0x0000000610c00000| PB 0x0000000610c00000| Untracked 
|  68|0x0000000611000000, 0x0000000611400000, 0x0000000611400000|100%| O|  |TAMS 0x0000000611000000| PB 0x0000000611000000| Untracked 
|  69|0x0000000611400000, 0x0000000611800000, 0x0000000611800000|100%| O|  |TAMS 0x0000000611400000| PB 0x0000000611400000| Untracked 
|  70|0x0000000611800000, 0x0000000611c00000, 0x0000000611c00000|100%| O|  |TAMS 0x0000000611800000| PB 0x0000000611800000| Untracked 
|  71|0x0000000611c00000, 0x0000000612000000, 0x0000000612000000|100%| O|  |TAMS 0x0000000611c00000| PB 0x0000000611c00000| Untracked 
|  72|0x0000000612000000, 0x0000000612400000, 0x0000000612400000|100%| O|  |TAMS 0x0000000612000000| PB 0x0000000612000000| Untracked 
|  73|0x0000000612400000, 0x00000006124ec048, 0x0000000612800000| 23%| O|  |TAMS 0x0000000612400000| PB 0x0000000612400000| Untracked 
|  74|0x0000000612800000, 0x0000000612a24ab0, 0x0000000612c00000| 53%| S|CS|TAMS 0x0000000612800000| PB 0x0000000612800000| Complete 
|  75|0x0000000612c00000, 0x0000000613000000, 0x0000000613000000|100%| S|CS|TAMS 0x0000000612c00000| PB 0x0000000612c00000| Complete 
|  76|0x0000000613000000, 0x0000000613400000, 0x0000000613400000|100%| S|CS|TAMS 0x0000000613000000| PB 0x0000000613000000| Complete 
|  77|0x0000000613400000, 0x0000000613800000, 0x0000000613800000|100%| S|CS|TAMS 0x0000000613400000| PB 0x0000000613400000| Complete 
|  78|0x0000000613800000, 0x0000000613c00000, 0x0000000613c00000|100%| S|CS|TAMS 0x0000000613800000| PB 0x0000000613800000| Complete 
|  79|0x0000000613c00000, 0x0000000614000000, 0x0000000614000000|100%| S|CS|TAMS 0x0000000613c00000| PB 0x0000000613c00000| Complete 
|  80|0x0000000614000000, 0x0000000614000000, 0x0000000614400000|  0%| F|  |TAMS 0x0000000614000000| PB 0x0000000614000000| Untracked 
|  81|0x0000000614400000, 0x0000000614400000, 0x0000000614800000|  0%| F|  |TAMS 0x0000000614400000| PB 0x0000000614400000| Untracked 
|  82|0x0000000614800000, 0x0000000614800000, 0x0000000614c00000|  0%| F|  |TAMS 0x0000000614800000| PB 0x0000000614800000| Untracked 
|  83|0x0000000614c00000, 0x0000000614c00000, 0x0000000615000000|  0%| F|  |TAMS 0x0000000614c00000| PB 0x0000000614c00000| Untracked 
|  84|0x0000000615000000, 0x0000000615000000, 0x0000000615400000|  0%| F|  |TAMS 0x0000000615000000| PB 0x0000000615000000| Untracked 
|  85|0x0000000615400000, 0x0000000615400000, 0x0000000615800000|  0%| F|  |TAMS 0x0000000615400000| PB 0x0000000615400000| Untracked 
|  86|0x0000000615800000, 0x0000000615800000, 0x0000000615c00000|  0%| F|  |TAMS 0x0000000615800000| PB 0x0000000615800000| Untracked 
|  87|0x0000000615c00000, 0x0000000615c00000, 0x0000000616000000|  0%| F|  |TAMS 0x0000000615c00000| PB 0x0000000615c00000| Untracked 
|  88|0x0000000616000000, 0x0000000616000000, 0x0000000616400000|  0%| F|  |TAMS 0x0000000616000000| PB 0x0000000616000000| Untracked 
|  89|0x0000000616400000, 0x0000000616400000, 0x0000000616800000|  0%| F|  |TAMS 0x0000000616400000| PB 0x0000000616400000| Untracked 
|  90|0x0000000616800000, 0x0000000616800000, 0x0000000616c00000|  0%| F|  |TAMS 0x0000000616800000| PB 0x0000000616800000| Untracked 
|  91|0x0000000616c00000, 0x0000000616c00000, 0x0000000617000000|  0%| F|  |TAMS 0x0000000616c00000| PB 0x0000000616c00000| Untracked 
|  92|0x0000000617000000, 0x0000000617000000, 0x0000000617400000|  0%| F|  |TAMS 0x0000000617000000| PB 0x0000000617000000| Untracked 
|  93|0x0000000617400000, 0x0000000617400000, 0x0000000617800000|  0%| F|  |TAMS 0x0000000617400000| PB 0x0000000617400000| Untracked 
|  94|0x0000000617800000, 0x0000000617800000, 0x0000000617c00000|  0%| F|  |TAMS 0x0000000617800000| PB 0x0000000617800000| Untracked 
|  95|0x0000000617c00000, 0x0000000617c00000, 0x0000000618000000|  0%| F|  |TAMS 0x0000000617c00000| PB 0x0000000617c00000| Untracked 
|  96|0x0000000618000000, 0x0000000618000000, 0x0000000618400000|  0%| F|  |TAMS 0x0000000618000000| PB 0x0000000618000000| Untracked 
|  97|0x0000000618400000, 0x0000000618778528, 0x0000000618800000| 86%| E|  |TAMS 0x0000000618400000| PB 0x0000000618400000| Complete 
|  98|0x0000000618800000, 0x0000000618c00000, 0x0000000618c00000|100%| E|CS|TAMS 0x0000000618800000| PB 0x0000000618800000| Complete 
|  99|0x0000000618c00000, 0x0000000619000000, 0x0000000619000000|100%| E|CS|TAMS 0x0000000618c00000| PB 0x0000000618c00000| Complete 
| 100|0x0000000619000000, 0x0000000619400000, 0x0000000619400000|100%| E|CS|TAMS 0x0000000619000000| PB 0x0000000619000000| Complete 
| 101|0x0000000619400000, 0x0000000619800000, 0x0000000619800000|100%| E|CS|TAMS 0x0000000619400000| PB 0x0000000619400000| Complete 
| 102|0x0000000619800000, 0x0000000619c00000, 0x0000000619c00000|100%| E|CS|TAMS 0x0000000619800000| PB 0x0000000619800000| Complete 
| 103|0x0000000619c00000, 0x000000061a000000, 0x000000061a000000|100%| E|CS|TAMS 0x0000000619c00000| PB 0x0000000619c00000| Complete 
| 104|0x000000061a000000, 0x000000061a400000, 0x000000061a400000|100%| E|CS|TAMS 0x000000061a000000| PB 0x000000061a000000| Complete 
| 105|0x000000061a400000, 0x000000061a800000, 0x000000061a800000|100%| E|CS|TAMS 0x000000061a400000| PB 0x000000061a400000| Complete 
| 106|0x000000061a800000, 0x000000061ac00000, 0x000000061ac00000|100%| E|CS|TAMS 0x000000061a800000| PB 0x000000061a800000| Complete 
| 107|0x000000061ac00000, 0x000000061b000000, 0x000000061b000000|100%| E|CS|TAMS 0x000000061ac00000| PB 0x000000061ac00000| Complete 
| 108|0x000000061b000000, 0x000000061b400000, 0x000000061b400000|100%| E|CS|TAMS 0x000000061b000000| PB 0x000000061b000000| Complete 
| 109|0x000000061b400000, 0x000000061b800000, 0x000000061b800000|100%| E|CS|TAMS 0x000000061b400000| PB 0x000000061b400000| Complete 
| 110|0x000000061b800000, 0x000000061bc00000, 0x000000061bc00000|100%| E|CS|TAMS 0x000000061b800000| PB 0x000000061b800000| Complete 
| 111|0x000000061bc00000, 0x000000061c000000, 0x000000061c000000|100%| E|CS|TAMS 0x000000061bc00000| PB 0x000000061bc00000| Complete 
| 112|0x000000061c000000, 0x000000061c400000, 0x000000061c400000|100%| E|CS|TAMS 0x000000061c000000| PB 0x000000061c000000| Complete 
| 113|0x000000061c400000, 0x000000061c800000, 0x000000061c800000|100%| E|CS|TAMS 0x000000061c400000| PB 0x000000061c400000| Complete 
| 114|0x000000061c800000, 0x000000061cc00000, 0x000000061cc00000|100%| E|CS|TAMS 0x000000061c800000| PB 0x000000061c800000| Complete 
| 115|0x000000061cc00000, 0x000000061d000000, 0x000000061d000000|100%| E|CS|TAMS 0x000000061cc00000| PB 0x000000061cc00000| Complete 
| 116|0x000000061d000000, 0x000000061d400000, 0x000000061d400000|100%| E|CS|TAMS 0x000000061d000000| PB 0x000000061d000000| Complete 
| 117|0x000000061d400000, 0x000000061d800000, 0x000000061d800000|100%| E|CS|TAMS 0x000000061d400000| PB 0x000000061d400000| Complete 
| 118|0x000000061d800000, 0x000000061dc00000, 0x000000061dc00000|100%| E|CS|TAMS 0x000000061d800000| PB 0x000000061d800000| Complete 
| 119|0x000000061dc00000, 0x000000061e000000, 0x000000061e000000|100%| E|CS|TAMS 0x000000061dc00000| PB 0x000000061dc00000| Complete 
|2046|0x00000007ff800000, 0x00000007ffc00000, 0x00000007ffc00000|100%| E|CS|TAMS 0x00000007ff800000| PB 0x00000007ff800000| Complete 
|2047|0x00000007ffc00000, 0x0000000800000000, 0x0000000800000000|100%| O|  |TAMS 0x00000007ffc00000| PB 0x00000007ffc00000| Untracked 

Card table byte_map: [0x00000241edaa0000,0x00000241eeaa0000] _byte_map_base: 0x00000241eaaa0000

Marking Bits: (CMBitMap*) 0x00000241c8eacbe0
 Bits: [0x00000241eeaa0000, 0x00000241f6aa0000)

Polling page: 0x00000241c6c00000

Metaspace:

Usage:
  Non-class:    117.00 MB used.
      Class:     18.59 MB used.
       Both:    135.59 MB used.

Virtual space:
  Non-class space:      128.00 MB reserved,     118.56 MB ( 93%) committed,  2 nodes.
      Class space:        1.00 GB reserved,      20.12 MB (  2%) committed,  1 nodes.
             Both:        1.12 GB reserved,     138.69 MB ( 12%) committed. 

Chunk freelists:
   Non-Class:  9.27 MB
       Class:  11.75 MB
        Both:  21.02 MB

MaxMetaspaceSize: 4.00 GB
CompressedClassSpaceSize: 1.00 GB
Initial GC threshold: 21.00 MB
Current GC threshold: 230.25 MB
CDS: on
 - commit_granule_bytes: 65536.
 - commit_granule_words: 8192.
 - virtual_space_node_default_size: 8388608.
 - enlarge_chunks_in_place: 1.
 - use_allocation_guard: 0.


Internal statistics:

num_allocs_failed_limit: 12.
num_arena_births: 5570.
num_arena_deaths: 0.
num_vsnodes_births: 3.
num_vsnodes_deaths: 0.
num_space_committed: 2217.
num_space_uncommitted: 0.
num_chunks_returned_to_freelist: 12.
num_chunks_taken_from_freelist: 12499.
num_chunk_merges: 12.
num_chunk_splits: 8106.
num_chunks_enlarged: 4963.
num_inconsistent_stats: 0.

CodeHeap 'non-profiled nmethods': size=258432Kb used=14904Kb max_used=14904Kb free=243527Kb
 bounds [0x00000241dc3a0000, 0x00000241dd230000, 0x00000241ec000000]
CodeHeap 'profiled nmethods': size=258368Kb used=41307Kb max_used=41307Kb free=217060Kb
 bounds [0x00000241cc000000, 0x00000241ce860000, 0x00000241dbc50000]
CodeHeap 'non-nmethods': size=7488Kb used=2686Kb max_used=3855Kb free=4802Kb
 bounds [0x00000241dbc50000, 0x00000241dc080000, 0x00000241dc3a0000]
CodeCache: size=524288Kb, used=58897Kb, max_used=60066Kb, free=465389Kb
 total_blobs=21284, nmethods=20319, adapters=866, full_count=0
Compilation: enabled, stopped_count=0, restarted_count=0

Compilation events (20 events):
Event: 348.584 Thread 0x0000024205cf61e0 nmethod 24911 0x00000241ce843810 code [0x00000241ce843a00, 0x00000241ce843f00]
Event: 348.584 Thread 0x00000241f6c87150 nmethod 24910 0x00000241ce844090 code [0x00000241ce8442c0, 0x00000241ce844ec0]
Event: 348.587 Thread 0x00000241f6c87150 24912       3       java.lang.invoke.LambdaForm$MH/0x000002418215b800::invoke (170 bytes)
Event: 348.598 Thread 0x0000024205cf61e0 24913       1       com.google.wireless.android.sdk.stats.GradleBuildProfileSpan$ExecutionType::getNumber (5 bytes)
Event: 348.599 Thread 0x0000024205cf61e0 nmethod 24913 0x00000241dd22ab90 code [0x00000241dd22ad20, 0x00000241dd22ade8]
Event: 348.599 Thread 0x0000024205cf61e0 24914       1       com.google.common.collect.ImmutableMapEntrySet$RegularEntrySet::map (5 bytes)
Event: 348.600 Thread 0x0000024205cf61e0 nmethod 24914 0x00000241dd22ae90 code [0x00000241dd22b020, 0x00000241dd22b0f0]
Event: 348.603 Thread 0x00000241f6c87150 nmethod 24912 0x00000241ce845190 code [0x00000241ce845ac0, 0x00000241ce84bd78]
Event: 348.605 Thread 0x00000241f6c87150 24915       1       com.google.wireless.android.sdk.stats.GradleBuildProject$Builder::getId (5 bytes)
Event: 348.605 Thread 0x00000241f6c87150 nmethod 24915 0x00000241dd22b190 code [0x00000241dd22b320, 0x00000241dd22b3e8]
Event: 348.608 Thread 0x0000024205cf61e0 24916       1       com.android.build.gradle.internal.variant.LegacyVariantInputManager::getProductFlavorContainer (5 bytes)
Event: 348.608 Thread 0x0000024205cf61e0 nmethod 24916 0x00000241dd22b490 code [0x00000241dd22b620, 0x00000241dd22b6f0]
Event: 348.612 Thread 0x00000241f6c87150 24917       1       com.android.builder.signing.DefaultSigningConfig::getName (5 bytes)
Event: 348.613 Thread 0x00000241f6c87150 nmethod 24917 0x00000241dd22b790 code [0x00000241dd22b920, 0x00000241dd22b9f0]
Event: 348.631 Thread 0x00000241f6c87150 24918       3       com.google.wireless.android.sdk.stats.GradleBuildProfileSpan$Builder::setThreadId (23 bytes)
Event: 348.632 Thread 0x0000024205cf61e0 24919       1       com.google.wireless.android.sdk.stats.GradleBuildProfileSpan$Builder::getId (5 bytes)
Event: 348.632 Thread 0x0000024205cf61e0 nmethod 24919 0x00000241dd22ba90 code [0x00000241dd22bc20, 0x00000241dd22bce8]
Event: 348.632 Thread 0x00000241f6c87150 nmethod 24918 0x00000241ce84ea90 code [0x00000241ce84ec40, 0x00000241ce84eef8]
Event: 348.632 Thread 0x0000024205cf61e0 24920       1       com.google.wireless.android.sdk.stats.GradleBuildProfileSpan$Builder::getStartTimeInMs (5 bytes)
Event: 348.632 Thread 0x0000024205cf61e0 nmethod 24920 0x00000241dd22bd90 code [0x00000241dd22bf20, 0x00000241dd22bfe8]

GC Heap History (20 events):
Event: 259.118 GC heap before
{Heap before GC invocations=63 (full 0):
 garbage-first heap   total 323584K, used 296862K [0x0000000600000000, 0x0000000800000000)
  region size 4096K, 24 young (98304K), 2 survivors (8192K)
 Metaspace       used 127831K, committed 130816K, reserved 1179648K
  class space    used 17913K, committed 19392K, reserved 1048576K
}
Event: 259.139 GC heap after
{Heap after GC invocations=64 (full 0):
 garbage-first heap   total 323584K, used 215340K [0x0000000600000000, 0x0000000800000000)
  region size 4096K, 3 young (12288K), 3 survivors (12288K)
 Metaspace       used 127831K, committed 130816K, reserved 1179648K
  class space    used 17913K, committed 19392K, reserved 1048576K
}
Event: 261.112 GC heap before
{Heap before GC invocations=65 (full 0):
 garbage-first heap   total 368640K, used 297260K [0x0000000600000000, 0x0000000800000000)
  region size 4096K, 23 young (94208K), 3 survivors (12288K)
 Metaspace       used 128290K, committed 131264K, reserved 1179648K
  class space    used 17962K, committed 19456K, reserved 1048576K
}
Event: 261.130 GC heap after
{Heap after GC invocations=66 (full 0):
 garbage-first heap   total 368640K, used 230661K [0x0000000600000000, 0x0000000800000000)
  region size 4096K, 3 young (12288K), 3 survivors (12288K)
 Metaspace       used 128290K, committed 131264K, reserved 1179648K
  class space    used 17962K, committed 19456K, reserved 1048576K
}
Event: 271.517 GC heap before
{Heap before GC invocations=66 (full 0):
 garbage-first heap   total 368640K, used 328965K [0x0000000600000000, 0x0000000800000000)
  region size 4096K, 28 young (114688K), 3 survivors (12288K)
 Metaspace       used 132336K, committed 135296K, reserved 1179648K
  class space    used 18438K, committed 19904K, reserved 1048576K
}
Event: 271.538 GC heap after
{Heap after GC invocations=67 (full 0):
 garbage-first heap   total 368640K, used 244647K [0x0000000600000000, 0x0000000800000000)
  region size 4096K, 4 young (16384K), 4 survivors (16384K)
 Metaspace       used 132336K, committed 135296K, reserved 1179648K
  class space    used 18438K, committed 19904K, reserved 1048576K
}
Event: 285.643 GC heap before
{Heap before GC invocations=67 (full 0):
 garbage-first heap   total 368640K, used 326567K [0x0000000600000000, 0x0000000800000000)
  region size 4096K, 25 young (102400K), 4 survivors (16384K)
 Metaspace       used 135967K, committed 139008K, reserved 1179648K
  class space    used 18769K, committed 20288K, reserved 1048576K
}
Event: 285.665 GC heap after
{Heap after GC invocations=68 (full 0):
 garbage-first heap   total 368640K, used 250150K [0x0000000600000000, 0x0000000800000000)
  region size 4096K, 2 young (8192K), 2 survivors (8192K)
 Metaspace       used 135967K, committed 139008K, reserved 1179648K
  class space    used 18769K, committed 20288K, reserved 1048576K
}
Event: 289.509 GC heap before
{Heap before GC invocations=69 (full 0):
 garbage-first heap   total 425984K, used 332070K [0x0000000600000000, 0x0000000800000000)
  region size 4096K, 23 young (94208K), 2 survivors (8192K)
 Metaspace       used 136241K, committed 139264K, reserved 1179648K
  class space    used 18804K, committed 20288K, reserved 1048576K
}
Event: 289.530 GC heap after
{Heap after GC invocations=70 (full 0):
 garbage-first heap   total 425984K, used 258035K [0x0000000600000000, 0x0000000800000000)
  region size 4096K, 3 young (12288K), 3 survivors (12288K)
 Metaspace       used 136241K, committed 139264K, reserved 1179648K
  class space    used 18804K, committed 20288K, reserved 1048576K
}
Event: 317.748 GC heap before
{Heap before GC invocations=70 (full 0):
 garbage-first heap   total 425984K, used 380915K [0x0000000600000000, 0x0000000800000000)
  region size 4096K, 33 young (135168K), 3 survivors (12288K)
 Metaspace       used 136586K, committed 139648K, reserved 1179648K
  class space    used 18829K, committed 20352K, reserved 1048576K
}
Event: 317.777 GC heap after
{Heap after GC invocations=71 (full 0):
 garbage-first heap   total 425984K, used 268302K [0x0000000600000000, 0x0000000800000000)
  region size 4096K, 5 young (20480K), 5 survivors (20480K)
 Metaspace       used 136586K, committed 139648K, reserved 1179648K
  class space    used 18829K, committed 20352K, reserved 1048576K
}
Event: 321.732 GC heap before
{Heap before GC invocations=71 (full 0):
 garbage-first heap   total 425984K, used 374798K [0x0000000600000000, 0x0000000800000000)
  region size 4096K, 32 young (131072K), 5 survivors (20480K)
 Metaspace       used 137943K, committed 140992K, reserved 1179648K
  class space    used 18972K, committed 20480K, reserved 1048576K
}
Event: 321.762 GC heap after
{Heap after GC invocations=72 (full 0):
 garbage-first heap   total 425984K, used 286467K [0x0000000600000000, 0x0000000800000000)
  region size 4096K, 4 young (16384K), 4 survivors (16384K)
 Metaspace       used 137943K, committed 140992K, reserved 1179648K
  class space    used 18972K, committed 20480K, reserved 1048576K
}
Event: 335.085 GC heap before
{Heap before GC invocations=72 (full 0):
 garbage-first heap   total 425984K, used 384771K [0x0000000600000000, 0x0000000800000000)
  region size 4096K, 29 young (118784K), 4 survivors (16384K)
 Metaspace       used 138338K, committed 141440K, reserved 1179648K
  class space    used 19004K, committed 20544K, reserved 1048576K
}
Event: 335.133 GC heap after
{Heap after GC invocations=73 (full 0):
 garbage-first heap   total 425984K, used 293199K [0x0000000600000000, 0x0000000800000000)
  region size 4096K, 3 young (12288K), 3 survivors (12288K)
 Metaspace       used 138338K, committed 141440K, reserved 1179648K
  class space    used 19004K, committed 20544K, reserved 1048576K
}
Event: 343.002 GC heap before
{Heap before GC invocations=74 (full 0):
 garbage-first heap   total 499712K, used 383311K [0x0000000600000000, 0x0000000800000000)
  region size 4096K, 26 young (106496K), 3 survivors (12288K)
 Metaspace       used 138630K, committed 141696K, reserved 1179648K
  class space    used 19034K, committed 20544K, reserved 1048576K
}
Event: 343.038 GC heap after
{Heap after GC invocations=75 (full 0):
 garbage-first heap   total 499712K, used 300380K [0x0000000600000000, 0x0000000800000000)
  region size 4096K, 4 young (16384K), 4 survivors (16384K)
 Metaspace       used 138630K, committed 141696K, reserved 1179648K
  class space    used 19034K, committed 20544K, reserved 1048576K
}
Event: 346.343 GC heap before
{Heap before GC invocations=75 (full 0):
 garbage-first heap   total 499712K, used 451932K [0x0000000600000000, 0x0000000800000000)
  region size 4096K, 41 young (167936K), 4 survivors (16384K)
 Metaspace       used 138764K, committed 141888K, reserved 1179648K
  class space    used 19035K, committed 20544K, reserved 1048576K
}
Event: 346.427 GC heap after
{Heap after GC invocations=76 (full 0):
 garbage-first heap   total 499712K, used 273474K [0x0000000600000000, 0x0000000800000000)
  region size 4096K, 6 young (24576K), 6 survivors (24576K)
 Metaspace       used 138764K, committed 141888K, reserved 1179648K
  class space    used 19035K, committed 20544K, reserved 1048576K
}

Dll operation events (15 events):
Event: 0.021 Loaded shared library C:\Users\Asus\.vscode\extensions\redhat.java-1.55.0-win32-x64\jre\21.0.11-win32-x86_64\bin\java.dll
Event: 0.127 Loaded shared library C:\Users\Asus\.vscode\extensions\redhat.java-1.55.0-win32-x64\jre\21.0.11-win32-x86_64\bin\zip.dll
Event: 0.160 Loaded shared library C:\Users\Asus\.vscode\extensions\redhat.java-1.55.0-win32-x64\jre\21.0.11-win32-x86_64\bin\instrument.dll
Event: 0.169 Loaded shared library C:\Users\Asus\.vscode\extensions\redhat.java-1.55.0-win32-x64\jre\21.0.11-win32-x86_64\bin\net.dll
Event: 0.174 Loaded shared library C:\Users\Asus\.vscode\extensions\redhat.java-1.55.0-win32-x64\jre\21.0.11-win32-x86_64\bin\nio.dll
Event: 0.180 Loaded shared library C:\Users\Asus\.vscode\extensions\redhat.java-1.55.0-win32-x64\jre\21.0.11-win32-x86_64\bin\zip.dll
Event: 1.795 Loaded shared library C:\Users\Asus\.vscode\extensions\redhat.java-1.55.0-win32-x64\jre\21.0.11-win32-x86_64\bin\jimage.dll
Event: 7.360 Loaded shared library C:\Users\Asus\.vscode\extensions\redhat.java-1.55.0-win32-x64\jre\21.0.11-win32-x86_64\bin\verify.dll
Event: 7.512 Loaded shared library C:\Users\Asus\.gradle\native\1def1411415f61bf3af743bc5b6707747c0891f09f0c88961ee8f79bc544acac\windows-amd64\native-platform.dll
Event: 7.581 Loaded shared library C:\Users\Asus\.gradle\native\0.2.8\x86_64-windows-gnu\gradle-fileevents.dll
Event: 15.046 Loaded shared library C:\Users\Asus\.vscode\extensions\redhat.java-1.55.0-win32-x64\jre\21.0.11-win32-x86_64\bin\management.dll
Event: 15.065 Loaded shared library C:\Users\Asus\.vscode\extensions\redhat.java-1.55.0-win32-x64\jre\21.0.11-win32-x86_64\bin\management_ext.dll
Event: 15.587 Loaded shared library C:\Users\Asus\.vscode\extensions\redhat.java-1.55.0-win32-x64\jre\21.0.11-win32-x86_64\bin\extnet.dll
Event: 16.585 Loaded shared library C:\Users\Asus\.vscode\extensions\redhat.java-1.55.0-win32-x64\jre\21.0.11-win32-x86_64\bin\sunmscapi.dll
Event: 52.388 Loaded shared library C:\Users\Asus\.vscode\extensions\redhat.java-1.55.0-win32-x64\jre\21.0.11-win32-x86_64\bin\rmi.dll

Deoptimization events (20 events):
Event: 343.747 Thread 0x00000241fef69300 DEOPT PACKING pc=0x00000241dceebd10 sp=0x000000ce43cf8ee0
Event: 343.747 Thread 0x00000241fef69300 DEOPT UNPACKING pc=0x00000241dbca4422 sp=0x000000ce43cf8ea0 mode 2
Event: 344.461 Thread 0x0000024205415990 DEOPT PACKING pc=0x00000241cdd3f1e6 sp=0x000000ce43dff0f0
Event: 344.461 Thread 0x0000024205415990 DEOPT UNPACKING pc=0x00000241dbca4bc2 sp=0x000000ce43dfe5f8 mode 0
Event: 345.103 Thread 0x00000241fef69300 Uncommon trap: trap_request=0xffffffbe fr.pc=0x00000241dd1dc634 relative=0x0000000000004934
Event: 345.103 Thread 0x00000241fef69300 Uncommon trap: reason=profile_predicate action=maybe_recompile pc=0x00000241dd1dc634 method=org.gradle.api.internal.artifacts.ivyservice.resolveengine.ComponentResolversChain$DependencyToComponentIdResolverChain.resolve(Lorg/gradle/api/artifacts/component
Event: 345.103 Thread 0x00000241fef69300 DEOPT PACKING pc=0x00000241dd1dc634 sp=0x000000ce43cf83c0
Event: 345.103 Thread 0x00000241fef69300 DEOPT UNPACKING pc=0x00000241dbca4422 sp=0x000000ce43cf7ff0 mode 2
Event: 345.110 Thread 0x00000241fef69300 Uncommon trap: trap_request=0xffffffbe fr.pc=0x00000241dd1dc634 relative=0x0000000000004934
Event: 345.111 Thread 0x00000241fef69300 Uncommon trap: reason=profile_predicate action=maybe_recompile pc=0x00000241dd1dc634 method=org.gradle.api.internal.artifacts.ivyservice.resolveengine.ComponentResolversChain$DependencyToComponentIdResolverChain.resolve(Lorg/gradle/api/artifacts/component
Event: 345.111 Thread 0x00000241fef69300 DEOPT PACKING pc=0x00000241dd1dc634 sp=0x000000ce43cf83c0
Event: 345.112 Thread 0x00000241fef69300 DEOPT UNPACKING pc=0x00000241dbca4422 sp=0x000000ce43cf7ff0 mode 2
Event: 345.129 Thread 0x00000241fef69300 Uncommon trap: trap_request=0xffffffbe fr.pc=0x00000241dd1dc634 relative=0x0000000000004934
Event: 345.129 Thread 0x00000241fef69300 Uncommon trap: reason=profile_predicate action=maybe_recompile pc=0x00000241dd1dc634 method=org.gradle.api.internal.artifacts.ivyservice.resolveengine.ComponentResolversChain$DependencyToComponentIdResolverChain.resolve(Lorg/gradle/api/artifacts/component
Event: 345.129 Thread 0x00000241fef69300 DEOPT PACKING pc=0x00000241dd1dc634 sp=0x000000ce43cf83c0
Event: 345.129 Thread 0x00000241fef69300 DEOPT UNPACKING pc=0x00000241dbca4422 sp=0x000000ce43cf7ff0 mode 2
Event: 345.130 Thread 0x00000241fef69300 Uncommon trap: trap_request=0xffffffbe fr.pc=0x00000241dd1dc634 relative=0x0000000000004934
Event: 345.130 Thread 0x00000241fef69300 Uncommon trap: reason=profile_predicate action=maybe_recompile pc=0x00000241dd1dc634 method=org.gradle.api.internal.artifacts.ivyservice.resolveengine.ComponentResolversChain$DependencyToComponentIdResolverChain.resolve(Lorg/gradle/api/artifacts/component
Event: 345.130 Thread 0x00000241fef69300 DEOPT PACKING pc=0x00000241dd1dc634 sp=0x000000ce43cf83c0
Event: 345.130 Thread 0x00000241fef69300 DEOPT UNPACKING pc=0x00000241dbca4422 sp=0x000000ce43cf7ff0 mode 2

Classes loaded (20 events):
Event: 321.829 Loading class java/util/WeakHashMap$HashIterator done
Event: 321.829 Loading class java/util/WeakHashMap$KeyIterator done
Event: 321.849 Loading class java/util/Stack
Event: 321.850 Loading class java/util/Stack done
Event: 321.937 Loading class java/util/LinkedHashSetBeanInfo
Event: 321.937 Loading class java/util/LinkedHashSetBeanInfo done
Event: 321.939 Loading class java/util/LinkedHashSetBeanInfo
Event: 321.939 Loading class java/util/LinkedHashSetBeanInfo done
Event: 321.939 Loading class java/util/HashSetBeanInfo
Event: 321.940 Loading class java/util/HashSetBeanInfo done
Event: 321.941 Loading class java/util/HashSetBeanInfo
Event: 321.941 Loading class java/util/HashSetBeanInfo done
Event: 321.941 Loading class java/util/HashSetCustomizer
Event: 321.941 Loading class java/util/HashSetCustomizer done
Event: 321.942 Loading class java/util/HashSetCustomizer
Event: 321.942 Loading class java/util/HashSetCustomizer done
Event: 321.945 Loading class java/util/LinkedHashSetCustomizer
Event: 321.945 Loading class java/util/LinkedHashSetCustomizer done
Event: 321.945 Loading class java/util/LinkedHashSetCustomizer
Event: 321.945 Loading class java/util/LinkedHashSetCustomizer done

Classes unloaded (0 events):
No events

Classes redefined (0 events):
No events

Internal exceptions (20 events):
Event: 329.462 Thread 0x00000241fef69300 Exception <a 'sun/nio/fs/WindowsException'{0x0000000616d733a0}> (0x0000000616d733a0) 
thrown [s\src\hotspot\share\prims\jni.cpp, line 520]
Event: 329.464 Thread 0x00000241fef69300 Exception <a 'sun/nio/fs/WindowsException'{0x0000000616d74838}> (0x0000000616d74838) 
thrown [s\src\hotspot\share\prims\jni.cpp, line 520]
Event: 329.466 Thread 0x00000241fef69300 Exception <a 'sun/nio/fs/WindowsException'{0x0000000616d75cc0}> (0x0000000616d75cc0) 
thrown [s\src\hotspot\share\prims\jni.cpp, line 520]
Event: 329.583 Thread 0x00000241fef69300 Exception <a 'sun/nio/fs/WindowsException'{0x0000000616efa078}> (0x0000000616efa078) 
thrown [s\src\hotspot\share\prims\jni.cpp, line 520]
Event: 329.584 Thread 0x00000241fef69300 Exception <a 'sun/nio/fs/WindowsException'{0x0000000616efbd28}> (0x0000000616efbd28) 
thrown [s\src\hotspot\share\prims\jni.cpp, line 520]
Event: 329.585 Thread 0x00000241fef69300 Exception <a 'sun/nio/fs/WindowsException'{0x0000000616efd9d0}> (0x0000000616efd9d0) 
thrown [s\src\hotspot\share\prims\jni.cpp, line 520]
Event: 329.586 Thread 0x00000241fef69300 Exception <a 'sun/nio/fs/WindowsException'{0x0000000616eff668}> (0x0000000616eff668) 
thrown [s\src\hotspot\share\prims\jni.cpp, line 520]
Event: 334.454 Thread 0x00000241fef69300 Exception <a 'java/lang/ClassNotFoundException'{0x00000006142d09f0}: GradleAnnotationProcessorPatchPluginBeanInfo> (0x00000006142d09f0) 
thrown [s\src\hotspot\share\classfile\systemDictionary.cpp, line 313]
Event: 334.455 Thread 0x00000241fef69300 Exception <a 'java/lang/ClassNotFoundException'{0x00000006142de308}: GradleAnnotationProcessorPatchPluginCustomizer> (0x00000006142de308) 
thrown [s\src\hotspot\share\classfile\systemDictionary.cpp, line 313]
Event: 334.480 Thread 0x00000241fef69300 Exception <a 'java/lang/ClassNotFoundException'{0x00000006143b34e0}: GradleAnnotationProcessorPatchPlugin$AnnotationProcessorModelBuilderBeanInfo> (0x00000006143b34e0) 
thrown [s\src\hotspot\share\classfile\systemDictionary.cpp, line 313]
Event: 334.481 Thread 0x00000241fef69300 Exception <a 'java/lang/ClassNotFoundException'{0x00000006143c0fd8}: GradleAnnotationProcessorPatchPlugin$AnnotationProcessorModelBuilderCustomizer> (0x00000006143c0fd8) 
thrown [s\src\hotspot\share\classfile\systemDictionary.cpp, line 313]
Event: 334.513 Thread 0x00000241fef69300 Exception <a 'java/lang/ClassNotFoundException'{0x0000000613c28b50}: org/gradle/tooling/provider/model/internal/DefaultToolingModelBuilderRegistryBeanInfo> (0x0000000613c28b50) 
thrown [s\src\hotspot\share\classfile\systemDictionary.cpp, line 313]
Event: 334.527 Thread 0x00000241fef69300 Exception <a 'java/lang/ClassNotFoundException'{0x0000000613c42ef0}: org/gradle/tooling/provider/model/internal/DefaultToolingModelBuilderRegistryCustomizer> (0x0000000613c42ef0) 
thrown [s\src\hotspot\share\classfile\systemDictionary.cpp, line 313]
Event: 340.198 Thread 0x00000241c2ec1cc0 Exception <a 'sun/nio/fs/WindowsException'{0x000000061ded98f8}> (0x000000061ded98f8) 
thrown [s\src\hotspot\share\prims\jni.cpp, line 520]
Event: 340.198 Thread 0x00000241c2ec1cc0 Exception <a 'sun/nio/fs/WindowsException'{0x000000061dedf020}> (0x000000061dedf020) 
thrown [s\src\hotspot\share\prims\jni.cpp, line 520]
Event: 340.199 Thread 0x00000241c2ec1cc0 Exception <a 'sun/nio/fs/WindowsException'{0x000000061dee0fc8}> (0x000000061dee0fc8) 
thrown [s\src\hotspot\share\prims\jni.cpp, line 520]
Event: 340.200 Thread 0x00000241c2ec1cc0 Exception <a 'sun/nio/fs/WindowsException'{0x000000061dee2f60}> (0x000000061dee2f60) 
thrown [s\src\hotspot\share\prims\jni.cpp, line 520]
Event: 340.207 Thread 0x00000241c2ebce00 Exception <a 'sun/nio/fs/WindowsException'{0x000000061defd870}> (0x000000061defd870) 
thrown [s\src\hotspot\share\prims\jni.cpp, line 520]
Event: 340.207 Thread 0x00000241c2ebce00 Exception <a 'sun/nio/fs/WindowsException'{0x000000061deffa38}> (0x000000061deffa38) 
thrown [s\src\hotspot\share\prims\jni.cpp, line 520]
Event: 340.208 Thread 0x00000241c2ebce00 Exception <a 'sun/nio/fs/WindowsException'{0x000000061df01630}> (0x000000061df01630) 
thrown [s\src\hotspot\share\prims\jni.cpp, line 520]

ZGC Phase Switch (0 events):
No events

VM Operations (20 events):
Event: 337.031 Executing safepoint VM operation: Cleanup
Event: 337.031 Executing safepoint VM operation: Cleanup done
Event: 339.033 Executing safepoint VM operation: Cleanup
Event: 339.033 Executing safepoint VM operation: Cleanup done
Event: 340.033 Executing safepoint VM operation: Cleanup
Event: 340.034 Executing safepoint VM operation: Cleanup done
Event: 341.035 Executing safepoint VM operation: Cleanup
Event: 341.035 Executing safepoint VM operation: Cleanup done
Event: 343.002 Executing safepoint VM operation: G1CollectForAllocation (G1 Evacuation Pause)
Event: 343.038 Executing safepoint VM operation: G1CollectForAllocation (G1 Evacuation Pause) done
Event: 344.038 Executing safepoint VM operation: Cleanup
Event: 344.039 Executing safepoint VM operation: Cleanup done
Event: 345.039 Executing safepoint VM operation: Cleanup
Event: 345.040 Executing safepoint VM operation: Cleanup done
Event: 346.041 Executing safepoint VM operation: Cleanup
Event: 346.042 Executing safepoint VM operation: Cleanup done
Event: 346.343 Executing safepoint VM operation: G1CollectForAllocation (G1 Evacuation Pause)
Event: 346.428 Executing safepoint VM operation: G1CollectForAllocation (G1 Evacuation Pause) done
Event: 347.428 Executing safepoint VM operation: Cleanup
Event: 347.438 Executing safepoint VM operation: Cleanup done

Memory protections (0 events):
No events

Nmethod flushes (20 events):
Event: 335.910 Thread 0x00000241f6c51900 flushing  nmethod 0x00000241cc9e5190
Event: 335.910 Thread 0x00000241f6c51900 flushing  nmethod 0x00000241ccae8c90
Event: 335.910 Thread 0x00000241f6c51900 flushing  nmethod 0x00000241ccb38510
Event: 335.910 Thread 0x00000241f6c51900 flushing  nmethod 0x00000241ccbf4310
Event: 335.910 Thread 0x00000241f6c51900 flushing  nmethod 0x00000241ccc76510
Event: 335.910 Thread 0x00000241f6c51900 flushing  nmethod 0x00000241ccc76990
Event: 335.910 Thread 0x00000241f6c51900 flushing  nmethod 0x00000241cce8f610
Event: 335.910 Thread 0x00000241f6c51900 flushing  nmethod 0x00000241cced0390
Event: 335.910 Thread 0x00000241f6c51900 flushing  nmethod 0x00000241ccef4410
Event: 335.910 Thread 0x00000241f6c51900 flushing  nmethod 0x00000241cd001690
Event: 335.910 Thread 0x00000241f6c51900 flushing  nmethod 0x00000241cd067f90
Event: 335.910 Thread 0x00000241f6c51900 flushing  nmethod 0x00000241cd370310
Event: 335.910 Thread 0x00000241f6c51900 flushing  nmethod 0x00000241cd370e90
Event: 335.910 Thread 0x00000241f6c51900 flushing  nmethod 0x00000241cd63ff90
Event: 335.910 Thread 0x00000241f6c51900 flushing  nmethod 0x00000241cd787c90
Event: 335.910 Thread 0x00000241f6c51900 flushing  nmethod 0x00000241cd788090
Event: 335.910 Thread 0x00000241f6c51900 flushing  nmethod 0x00000241cd78bf10
Event: 335.910 Thread 0x00000241f6c51900 flushing  nmethod 0x00000241cd78c510
Event: 335.910 Thread 0x00000241f6c51900 flushing  nmethod 0x00000241ce1d8810
Event: 335.910 Thread 0x00000241f6c51900 flushing  nmethod 0x00000241ce1d9890

Events (20 events):
Event: 344.427 Thread 0x00000241fef69300 Thread added: 0x0000024205971230
Event: 344.428 Thread 0x00000241fef69300 Thread added: 0x000002420596ddb0
Event: 344.429 Thread 0x00000241fef69300 Thread added: 0x0000024205974d40
Event: 344.430 Thread 0x00000241fef69300 Thread added: 0x00000242059718c0
Event: 344.431 Thread 0x00000241fef69300 Thread added: 0x0000024205972c70
Event: 344.433 Thread 0x00000241fef69300 Thread added: 0x0000024205973300
Event: 344.433 Thread 0x00000241fef69300 Thread added: 0x0000024205973990
Event: 344.435 Thread 0x00000241fef69300 Thread added: 0x00000242059753d0
Event: 344.437 Thread 0x00000241fef69300 Thread added: 0x0000024205971f50
Event: 344.438 Thread 0x00000241fef69300 Thread added: 0x0000024205975a60
Event: 344.439 Thread 0x00000241fef69300 Thread added: 0x0000024205974020
Event: 345.341 Thread 0x00000241fef69300 Thread added: 0x00000242059746b0
Event: 345.341 Thread 0x00000241fef69300 Thread added: 0x00000242059725e0
Event: 345.342 Thread 0x00000241fef69300 Thread added: 0x00000242059781c0
Event: 345.343 Thread 0x00000241fef69300 Thread added: 0x00000242059760f0
Event: 345.345 Thread 0x00000241fef69300 Thread added: 0x0000024205979570
Event: 345.346 Thread 0x00000241fef69300 Thread added: 0x0000024205976780
Event: 345.347 Thread 0x00000241fef69300 Thread added: 0x0000024205978ee0
Event: 345.349 Thread 0x00000241fef69300 Thread added: 0x00000242059774a0
Event: 345.350 Thread 0x00000241fef69300 Thread added: 0x000002420597a290


Dynamic libraries:
0x00007ff7721c0000 - 0x00007ff7721ce000 	C:\Users\Asus\.vscode\extensions\redhat.java-1.55.0-win32-x64\jre\21.0.11-win32-x86_64\bin\java.exe
0x00007ff885bc0000 - 0x00007ff885e26000 	C:\WINDOWS\SYSTEM32\ntdll.dll
0x00007ff885770000 - 0x00007ff885839000 	C:\WINDOWS\System32\KERNEL32.DLL
0x00007ff883420000 - 0x00007ff88381e000 	C:\WINDOWS\System32\KERNELBASE.dll
0x00007ff882f40000 - 0x00007ff88308c000 	C:\WINDOWS\System32\ucrtbase.dll
0x00007ff85dc40000 - 0x00007ff85dc5e000 	C:\Users\Asus\.vscode\extensions\redhat.java-1.55.0-win32-x64\jre\21.0.11-win32-x86_64\bin\VCRUNTIME140.dll
0x00007ff854bf0000 - 0x00007ff854c08000 	C:\Users\Asus\.vscode\extensions\redhat.java-1.55.0-win32-x64\jre\21.0.11-win32-x86_64\bin\jli.dll
0x00007ff8840e0000 - 0x00007ff8842a7000 	C:\WINDOWS\System32\USER32.dll
0x00007ff870060000 - 0x00007ff8702f2000 	C:\WINDOWS\WinSxS\amd64_microsoft.windows.common-controls_6595b64144ccf1df_6.0.26100.8894_none_3e0f749ee32e02ea\COMCTL32.dll
0x00007ff882f10000 - 0x00007ff882f37000 	C:\WINDOWS\System32\win32u.dll
0x00007ff883f30000 - 0x00007ff883fd9000 	C:\WINDOWS\System32\msvcrt.dll
0x00007ff884bb0000 - 0x00007ff884bdb000 	C:\WINDOWS\System32\GDI32.dll
0x00007ff882de0000 - 0x00007ff882f0a000 	C:\WINDOWS\System32\gdi32full.dll
0x00007ff883370000 - 0x00007ff883413000 	C:\WINDOWS\System32\msvcp_win.dll
0x00007ff8859c0000 - 0x00007ff8859f2000 	C:\WINDOWS\System32\IMM32.DLL
0x00007ff87f980000 - 0x00007ff87f98c000 	C:\Users\Asus\.vscode\extensions\redhat.java-1.55.0-win32-x64\jre\21.0.11-win32-x86_64\bin\vcruntime140_1.dll
0x00007ff84fa00000 - 0x00007ff84fa8d000 	C:\Users\Asus\.vscode\extensions\redhat.java-1.55.0-win32-x64\jre\21.0.11-win32-x86_64\bin\msvcp140.dll
0x00007fffe6550000 - 0x00007fffe72f2000 	C:\Users\Asus\.vscode\extensions\redhat.java-1.55.0-win32-x64\jre\21.0.11-win32-x86_64\bin\server\jvm.dll
0x00007ff885ac0000 - 0x00007ff885b77000 	C:\WINDOWS\System32\ADVAPI32.dll
0x00007ff884ab0000 - 0x00007ff884b5a000 	C:\WINDOWS\System32\sechost.dll
0x00007ff8858a0000 - 0x00007ff8859b8000 	C:\WINDOWS\System32\RPCRT4.dll
0x00007ff8854d0000 - 0x00007ff885550000 	C:\WINDOWS\System32\WS2_32.dll
0x00007ff882a80000 - 0x00007ff882ade000 	C:\WINDOWS\SYSTEM32\POWRPROF.dll
0x00007ff87b730000 - 0x00007ff87b766000 	C:\WINDOWS\SYSTEM32\WINMM.dll
0x00007ff87c520000 - 0x00007ff87c52b000 	C:\WINDOWS\SYSTEM32\VERSION.dll
0x00007ff882a60000 - 0x00007ff882a74000 	C:\WINDOWS\SYSTEM32\UMPDC.dll
0x00007ff881ac0000 - 0x00007ff881adb000 	C:\WINDOWS\SYSTEM32\kernel.appcore.dll
0x00007ff87f8b0000 - 0x00007ff87f8ba000 	C:\Users\Asus\.vscode\extensions\redhat.java-1.55.0-win32-x64\jre\21.0.11-win32-x86_64\bin\jimage.dll
0x00007ff8803d0000 - 0x00007ff880612000 	C:\WINDOWS\SYSTEM32\DBGHELP.DLL
0x00007ff8838f0000 - 0x00007ff883c73000 	C:\WINDOWS\System32\combase.dll
0x00007ff8849d0000 - 0x00007ff884aa9000 	C:\WINDOWS\System32\OLEAUT32.dll
0x00007ff85dba0000 - 0x00007ff85dbdb000 	C:\WINDOWS\SYSTEM32\dbgcore.DLL
0x00007ff883830000 - 0x00007ff8838dc000 	C:\WINDOWS\System32\bcryptPrimitives.dll
0x00007ff867d00000 - 0x00007ff867d0f000 	C:\Users\Asus\.vscode\extensions\redhat.java-1.55.0-win32-x64\jre\21.0.11-win32-x86_64\bin\instrument.dll
0x00007ff854bd0000 - 0x00007ff854bf0000 	C:\Users\Asus\.vscode\extensions\redhat.java-1.55.0-win32-x64\jre\21.0.11-win32-x86_64\bin\java.dll
0x00007ff884d30000 - 0x00007ff8854c2000 	C:\WINDOWS\System32\SHELL32.dll
0x00007ff880860000 - 0x00007ff8810f2000 	C:\WINDOWS\SYSTEM32\windows.storage.dll
0x00007ff883fe0000 - 0x00007ff8840d7000 	C:\WINDOWS\System32\SHCORE.dll
0x00007ff885700000 - 0x00007ff885767000 	C:\WINDOWS\System32\shlwapi.dll
0x00007ff882d00000 - 0x00007ff882d29000 	C:\WINDOWS\SYSTEM32\profapi.dll
0x00007ff854aa0000 - 0x00007ff854ab8000 	C:\Users\Asus\.vscode\extensions\redhat.java-1.55.0-win32-x64\jre\21.0.11-win32-x86_64\bin\zip.dll
0x00007ff87d810000 - 0x00007ff87d820000 	C:\Users\Asus\.vscode\extensions\redhat.java-1.55.0-win32-x64\jre\21.0.11-win32-x86_64\bin\net.dll
0x00007ff87cfa0000 - 0x00007ff87d0c7000 	C:\WINDOWS\SYSTEM32\WINHTTP.dll
0x00007ff882070000 - 0x00007ff8820dc000 	C:\WINDOWS\system32\mswsock.dll
0x00007ff854770000 - 0x00007ff854786000 	C:\Users\Asus\.vscode\extensions\redhat.java-1.55.0-win32-x64\jre\21.0.11-win32-x86_64\bin\nio.dll
0x00007ff867bb0000 - 0x00007ff867bc0000 	C:\Users\Asus\.vscode\extensions\redhat.java-1.55.0-win32-x64\jre\21.0.11-win32-x86_64\bin\verify.dll
0x00007ff83c450000 - 0x00007ff83c477000 	C:\Users\Asus\.gradle\native\1def1411415f61bf3af743bc5b6707747c0891f09f0c88961ee8f79bc544acac\windows-amd64\native-platform.dll
0x00007ff83a650000 - 0x00007ff83a6c7000 	C:\Users\Asus\.gradle\native\0.2.8\x86_64-windows-gnu\gradle-fileevents.dll
0x00007ff85dce0000 - 0x00007ff85dcea000 	C:\Users\Asus\.vscode\extensions\redhat.java-1.55.0-win32-x64\jre\21.0.11-win32-x86_64\bin\management.dll
0x00007ff85b130000 - 0x00007ff85b13c000 	C:\Users\Asus\.vscode\extensions\redhat.java-1.55.0-win32-x64\jre\21.0.11-win32-x86_64\bin\management_ext.dll
0x00007ff884ce0000 - 0x00007ff884ce8000 	C:\WINDOWS\System32\PSAPI.DLL
0x00007ff8814c0000 - 0x00007ff8814f3000 	C:\WINDOWS\SYSTEM32\IPHLPAPI.DLL
0x00007ff884d20000 - 0x00007ff884d2a000 	C:\WINDOWS\System32\NSI.dll
0x00007ff856f60000 - 0x00007ff856f69000 	C:\Users\Asus\.vscode\extensions\redhat.java-1.55.0-win32-x64\jre\21.0.11-win32-x86_64\bin\extnet.dll
0x00007ff882370000 - 0x00007ff88238b000 	C:\WINDOWS\SYSTEM32\CRYPTSP.dll
0x00007ff881a20000 - 0x00007ff881a59000 	C:\WINDOWS\system32\rsaenh.dll
0x00007ff882130000 - 0x00007ff882162000 	C:\WINDOWS\SYSTEM32\USERENV.dll
0x00007ff882cd0000 - 0x00007ff882cfa000 	C:\WINDOWS\SYSTEM32\bcrypt.dll
0x00007ff882390000 - 0x00007ff88239c000 	C:\WINDOWS\SYSTEM32\CRYPTBASE.dll
0x00007ff857050000 - 0x00007ff85705e000 	C:\Users\Asus\.vscode\extensions\redhat.java-1.55.0-win32-x64\jre\21.0.11-win32-x86_64\bin\sunmscapi.dll
0x00007ff8831f0000 - 0x00007ff883368000 	C:\WINDOWS\System32\CRYPT32.dll
0x00007ff8825b0000 - 0x00007ff8825e0000 	C:\WINDOWS\SYSTEM32\ncrypt.dll
0x00007ff882560000 - 0x00007ff88259f000 	C:\WINDOWS\SYSTEM32\NTASN1.dll
0x00007ff876ef0000 - 0x00007ff876ef8000 	C:\WINDOWS\system32\wshunix.dll
0x00007ff8500b0000 - 0x00007ff8500b7000 	C:\Users\Asus\.vscode\extensions\redhat.java-1.55.0-win32-x64\jre\21.0.11-win32-x86_64\bin\rmi.dll

JVMTI agents:
C:\Users\Asus\.gradle\wrapper\dists\gradle-9.1.0-all\7wzd0jkjit61aq2p43wpjgij9\gradle-9.1.0\lib\agents\gradle-instrumentation-agent-9.1.0.jar path:C:\Users\Asus\.vscode\extensions\redhat.java-1.55.0-win32-x64\jre\21.0.11-win32-x86_64\bin\instrument.dll, loaded, initialized, instrumentlib options:none

dbghelp: loaded successfully - version: 4.0.5 - missing functions: none
symbol engine: initialized successfully - sym options: 0x614 - pdb path: .;C:\Users\Asus\.vscode\extensions\redhat.java-1.55.0-win32-x64\jre\21.0.11-win32-x86_64\bin;C:\WINDOWS\SYSTEM32;C:\WINDOWS\WinSxS\amd64_microsoft.windows.common-controls_6595b64144ccf1df_6.0.26100.8894_none_3e0f749ee32e02ea;C:\Users\Asus\.vscode\extensions\redhat.java-1.55.0-win32-x64\jre\21.0.11-win32-x86_64\bin\server;C:\Users\Asus\.gradle\native\1def1411415f61bf3af743bc5b6707747c0891f09f0c88961ee8f79bc544acac\windows-amd64;C:\Users\Asus\.gradle\native\0.2.8\x86_64-windows-gnu

VM Arguments:
jvm_args: --add-opens=java.base/java.lang=ALL-UNNAMED --add-opens=java.base/java.lang.invoke=ALL-UNNAMED --add-opens=java.base/java.util=ALL-UNNAMED --add-opens=java.prefs/java.util.prefs=ALL-UNNAMED --add-exports=jdk.compiler/com.sun.tools.javac.api=ALL-UNNAMED --add-exports=jdk.compiler/com.sun.tools.javac.util=ALL-UNNAMED --add-opens=java.base/java.util=ALL-UNNAMED --add-opens=java.prefs/java.util.prefs=ALL-UNNAMED --add-opens=java.base/java.nio.charset=ALL-UNNAMED --add-opens=java.base/java.net=ALL-UNNAMED --add-opens=java.base/java.util.concurrent=ALL-UNNAMED --add-opens=java.base/java.util.concurrent.atomic=ALL-UNNAMED --add-opens=java.xml/javax.xml.namespace=ALL-UNNAMED --add-opens=java.base/java.time=ALL-UNNAMED -XX:MaxMetaspaceSize=4G -XX:ReservedCodeCacheSize=512m -XX:+HeapDumpOnOutOfMemoryError -Xmx8G -Dfile.encoding=UTF-8 -Duser.country=IN -Duser.language=en -Duser.variant -javaagent:C:\Users\Asus\.gradle\wrapper\dists\gradle-9.1.0-all\7wzd0jkjit61aq2p43wpjgij9\gradle-9.1.0\lib\agents\gradle-instrumentation-agent-9.1.0.jar 
java_command: org.gradle.launcher.daemon.bootstrap.GradleDaemon 9.1.0
java_class_path (initial): C:\Users\Asus\.gradle\wrapper\dists\gradle-9.1.0-all\7wzd0jkjit61aq2p43wpjgij9\gradle-9.1.0\lib\gradle-daemon-main-9.1.0.jar
Launcher Type: SUN_STANDARD

[Global flags]
     intx CICompilerCount                          = 12                                        {product} {ergonomic}
     uint ConcGCThreads                            = 3                                         {product} {ergonomic}
     uint G1ConcRefinementThreads                  = 13                                        {product} {ergonomic}
   size_t G1HeapRegionSize                         = 4194304                                   {product} {ergonomic}
    uintx GCDrainStackTargetSize                   = 64                                        {product} {ergonomic}
     bool HeapDumpOnOutOfMemoryError               = true                                   {manageable} {command line}
   size_t InitialHeapSize                          = 125829120                                 {product} {ergonomic}
   size_t MarkStackSize                            = 4194304                                   {product} {ergonomic}
   size_t MaxHeapSize                              = 8589934592                                {product} {command line}
   size_t MaxMetaspaceSize                         = 4294967296                                {product} {command line}
   size_t MaxNewSize                               = 5150605312                                {product} {ergonomic}
   size_t MinHeapDeltaBytes                        = 4194304                                   {product} {ergonomic}
   size_t MinHeapSize                              = 8388608                                   {product} {ergonomic}
    uintx NonNMethodCodeHeapSize                   = 7602480                                {pd product} {ergonomic}
    uintx NonProfiledCodeHeapSize                  = 264634216                              {pd product} {ergonomic}
    uintx ProfiledCodeHeapSize                     = 264634216                              {pd product} {ergonomic}
    uintx ReservedCodeCacheSize                    = 536870912                              {pd product} {command line}
     bool SegmentedCodeCache                       = true                                      {product} {ergonomic}
   size_t SoftMaxHeapSize                          = 8589934592                             {manageable} {ergonomic}
     bool UseCompressedOops                        = true                           {product lp64_product} {ergonomic}
     bool UseG1GC                                  = true                                      {product} {ergonomic}
     bool UseLargePagesIndividualAllocation        = false                                  {pd product} {ergonomic}

Logging:
Log output configuration:
 #0: stdout all=warning uptime,level,tags foldmultilines=false
 #1: stderr all=off uptime,level,tags foldmultilines=false

Release file:
JAVA_VERSION="21.0.11" 
MODULES="java.base java.compiler java.datatransfer java.xml java.prefs java.desktop java.instrument java.logging java.management java.security.sasl java.naming java.rmi java.management.rmi java.net.http java.scripting java.security.jgss java.transaction.xa java.sql java.sql.rowset java.xml.crypto java.se java.smartcardio jdk.accessibility jdk.internal.jvmstat jdk.attach jdk.charsets jdk.internal.opt jdk.zipfs jdk.compiler jdk.crypto.ec jdk.crypto.cryptoki jdk.crypto.mscapi jdk.dynalink jdk.internal.ed jdk.editpad jdk.hotspot.agent jdk.httpserver jdk.internal.le jdk.internal.vm.ci jdk.internal.vm.compiler jdk.internal.vm.compiler.management jdk.jartool jdk.javadoc jdk.jcmd jdk.management jdk.management.agent jdk.jconsole jdk.jdeps jdk.jdwp.agent jdk.jdi jdk.jfr jdk.jshell jdk.jsobject jdk.jstatd jdk.localedata jdk.management.jfr jdk.naming.dns jdk.naming.rmi jdk.net jdk.nio.mapmode jdk.random jdk.sctp jdk.security.auth jdk.security.jgss jdk.unsupported jdk.unsupported.desktop jdk.xml.dom" 

Environment Variables:
PATH=C:\Program Files\Common Files\Oracle\Java\javapath;C:\WINDOWS\system32;C:\WINDOWS;C:\WINDOWS\System32\Wbem;C:\WINDOWS\System32\WindowsPowerShell\v1.0\;C:\WINDOWS\System32\OpenSSH\;C:\Program Files\dotnet\;C:\Program Files\NVIDIA Corporation\NVIDIA App\NvDLISR;C:\Program Files (x86)\NVIDIA Corporation\PhysX\Common;C:\Program Files\Git\cmd;C:\Program Files\Docker\Docker\resources\bin;C:\Program Files\PostgreSQL\18\bin;C:\src\flutter\bin;C:\Program Files\GitHub CLI\;C:\Program Files (x86)\Windows Kits\10\Windows Performance Toolkit\;C:\Program Files\nodejs\;C:\Users\Asus\.local\bin;C:\Users\Asus\AppData\Local\Microsoft\WindowsApps;C:\Users\Asus\AppData\Local\Programs\Microsoft VS Code\bin;C:\Users\Asus\AppData\Local\Python\bin;C:\Users\Asus\AppData\Local\Python\pythoncore-3.14-64\Scripts;C:\ProgramData\Asus\GitHubDesktop\bin;C:\Users\Asus\AppData\Local\GitHubDesktop\bin;C:\Users\Asus\AppData\Local\Programs\cursor\resources\app\bin;C:\Users\Asus\AppData\Local\Programs\Ollama;C:\Users\Asus\AppData\Local\Programs\Devin\bin;C:\Users\Asus\AppData\Local\Programs\Antigravity IDE\bin;C:\Users\Asus\AppData\Roaming\npm
USERNAME=Asus
OS=Windows_NT
PROCESSOR_IDENTIFIER=AMD64 Family 23 Model 96 Stepping 1, AuthenticAMD
TMP=C:\Users\Asus\AppData\Local\Temp
TEMP=C:\Users\Asus\AppData\Local\Temp




Periodic native trim disabled

---------------  S Y S T E M  ---------------

OS:
 Windows 11 , 64 bit Build 26100 (10.0.26100.8875)
OS uptime: 1 days 17:06 hours
Hyper-V role detected

CPU: total 16 (initial active 16) (16 cores per cpu, 2 threads per core) family 23 model 96 stepping 1 microcode 0x8600106, cx8, cmov, fxsr, ht, mmx, 3dnowpref, sse, sse2, sse3, ssse3, sse4a, sse4.1, sse4.2, popcnt, lzcnt, tsc, tscinvbit, avx, avx2, aes, clmul, bmi1, bmi2, adx, sha, fma, vzeroupper, clflush, clflushopt, hv, rdtscp, rdpid, f16c
Processor Information for the first 16 processors :
  Max Mhz: 2901, Current Mhz: 2901, Mhz Limit: 2901

Memory: 4k page, system-wide physical 7599M (138M free)
TotalPageFile size 31151M (AvailPageFile size 234M)
current process WorkingSet (physical memory assigned to process): 446M, peak: 612M
current process commit charge ("private bytes"): 958M, peak: 959M

vm_info: OpenJDK 64-Bit Server VM (21.0.11+10-LTS) for windows-amd64 JRE (21.0.11+10-LTS), built on 2026-04-21T00:00:00Z by "admin" with MS VC++ 17.12 (VS2022)

END.
