#
# There is insufficient memory for the Java Runtime Environment to continue.
# Native memory allocation (malloc) failed to allocate 5548824 bytes. Error detail: Chunk::new
# Possible reasons:
#   The system is out of physical RAM or swap space
#   This process is running with CompressedOops enabled, and the Java Heap may be blocking the growth of the native heap
# Possible solutions:
#   Reduce memory load on the system
#   Increase physical memory or swap space
#   Check if swap backing store is full
#   Decrease Java heap size (-Xmx/-Xms)
#   Decrease number of Java threads
#   Decrease Java thread stack sizes (-Xss)
#   Set larger code cache with -XX:ReservedCodeCacheSize=
#   JVM is running with Zero Based Compressed Oops mode in which the Java heap is
#     placed in the first 32GB address space. The Java Heap base address is the
#     maximum limit for the native heap growth. Please use -XX:HeapBaseMinAddress
#     to set the Java Heap base and to place the Java Heap above 32GB virtual address.
# This output file may be truncated or incomplete.
#
#  Out of Memory Error (arena.cpp:193), pid=12592, tid=5884
#
# JRE version: Java(TM) SE Runtime Environment (26.0.1+8) (build 26.0.1+8-34)
# Java VM: Java HotSpot(TM) 64-Bit Server VM (26.0.1+8-34, mixed mode, sharing, tiered, compressed oops, compressed class ptrs, g1 gc, windows-amd64)
# No core dump will be written. Minidumps are not enabled by default on client versions of Windows
#

---------------  S U M M A R Y ------------

Command Line: --add-opens=java.base/java.lang=ALL-UNNAMED --add-opens=java.base/java.lang.invoke=ALL-UNNAMED --add-opens=java.base/java.util=ALL-UNNAMED --add-opens=java.prefs/java.util.prefs=ALL-UNNAMED --add-exports=jdk.compiler/com.sun.tools.javac.api=ALL-UNNAMED --add-exports=jdk.compiler/com.sun.tools.javac.util=ALL-UNNAMED --add-opens=java.base/java.util=ALL-UNNAMED --add-opens=java.prefs/java.util.prefs=ALL-UNNAMED --add-opens=java.base/java.nio.charset=ALL-UNNAMED --add-opens=java.base/java.net=ALL-UNNAMED --add-opens=java.base/java.util.concurrent=ALL-UNNAMED --add-opens=java.base/java.util.concurrent.atomic=ALL-UNNAMED --add-opens=java.xml/javax.xml.namespace=ALL-UNNAMED --add-opens=java.base/java.time=ALL-UNNAMED --enable-native-access=ALL-UNNAMED -XX:MaxMetaspaceSize=4G -XX:ReservedCodeCacheSize=512m -XX:+HeapDumpOnOutOfMemoryError -Xmx8G -Dfile.encoding=UTF-8 -Duser.country=IN -Duser.language=en -Duser.variant -javaagent:C:\Users\Asus\.gradle\wrapper\dists\gradle-9.1.0-all\7wzd0jkjit61aq2p43wpjgij9\gradle-9.1.0\lib\agents\gradle-instrumentation-agent-9.1.0.jar org.gradle.launcher.daemon.bootstrap.GradleDaemon 9.1.0

Host: AMD Ryzen 7 4800H with Radeon Graphics         , 16 cores, 7G,  Windows 11 , 64 bit Build 26100 (10.0.26100.8521)
Time: Tue Jul 14 09:48:35 2026 India Standard Time elapsed time: 258.994993 seconds (0d 0h 4m 18s)

---------------  T H R E A D  ---------------

Current thread (0x000001e835ebf2f0):  JavaThread "C2 CompilerThread0" daemon [_thread_in_native, id=5884, stack(0x0000000ee6a00000,0x0000000ee6b00000) (1024K)]


Current CompileTask:
C2:258995 27017       4       org.gradle.util.internal.CollectionUtils::collect (53 bytes)

Stack: [0x0000000ee6a00000,0x0000000ee6b00000]
Native frames: (J=compiled Java code, j=interpreted, Vv=VM code, C=native code)
V  [jvm.dll+0x7d5879]  (no source info available)
V  [jvm.dll+0x7a37dd]  (no source info available)
V  [jvm.dll+0x9b0c10]  (no source info available)
V  [jvm.dll+0x9b3061]  (no source info available)
V  [jvm.dll+0x9b3773]  (no source info available)
V  [jvm.dll+0x30df76]  (no source info available)
V  [jvm.dll+0x11d8a6]  (no source info available)
V  [jvm.dll+0x11dbce]  (no source info available)
V  [jvm.dll+0x1afbe6]  (no source info available)
V  [jvm.dll+0x3ca822]  (no source info available)
V  [jvm.dll+0x7de462]  (no source info available)
V  [jvm.dll+0x2d1647]  (no source info available)
V  [jvm.dll+0x2d05bf]  (no source info available)
V  [jvm.dll+0x246820]  (no source info available)
V  [jvm.dll+0x2e06dc]  (no source info available)
V  [jvm.dll+0x2de8bd]  (no source info available)
V  [jvm.dll+0x4a3ff1]  (no source info available)
V  [jvm.dll+0x94f649]  (no source info available)
V  [jvm.dll+0x7d7358]  (no source info available)
C  [ucrtbase.dll+0x2cd30]  (no source info available)
C  [KERNEL32.DLL+0x2e957]  (no source info available)
C  [ntdll.dll+0x87c1c]  (no source info available)

Lock stack of current Java thread (top to bottom):


---------------  P R O C E S S  ---------------

Threads class SMR info:
_java_thread_list=0x000001e857bef830, length=169, elements={
0x000001e87eb10340, 0x000001e835e8a040, 0x000001e835e8b360, 0x000001e835e8f900,
0x000001e835e90d60, 0x000001e835eb2490, 0x000001e835eb5bc0, 0x000001e835ebf2f0,
0x000001e835ec1a70, 0x000001e836602b60, 0x000001e8366ced20, 0x000001e83c896580,
0x000001e83cc9ad00, 0x000001e83ca33c90, 0x000001e83b777b80, 0x000001e83c0fbc40,
0x000001e83b007440, 0x000001e83bec9f80, 0x000001e83bec7870, 0x000001e83becbec0,
0x000001e83ce91880, 0x000001e83ce95ed0, 0x000001e83ce96e70, 0x000001e83ce97e10,
0x000001e83ce985e0, 0x000001e83cccef70, 0x000001e83ccd4560, 0x000001e83ccd5500,
0x000001e83cca86e0, 0x000001e83cca9e50, 0x000001e83cca9680, 0x000001e83ccacd30,
0x000001e83ccaa620, 0x000001e83ccac560, 0x000001e83ccae4a0, 0x000001e83dd5f430,
0x000001e83dd5d4f0, 0x000001e83dd5ec60, 0x000001e83edad7d0, 0x000001e83edb54d0,
0x000001e83f51ca20, 0x000001e83f51d9c0, 0x000001e83f51b2b0, 0x000001e83f51f130,
0x000001e83f51ba80, 0x000001e85ff893a0, 0x000001e83f0a72d0, 0x000001e83f0a99e0,
0x000001e83f0a9210, 0x000001e83f0ab150, 0x000001e83f0ab920, 0x000001e83f0a8a40,
0x000001e83f0aff70, 0x000001e83f0af7a0, 0x000001e83f0b0740, 0x000001e83f0b0f10,
0x000001e83f0ad860, 0x000001e83f0b45c0, 0x000001e83f0b1eb0, 0x000001e83f0b2680,
0x000001e83f0b16e0, 0x000001e83f0b5d30, 0x000001e83f0b6500, 0x000001e83f0ba380,
0x000001e83f0b7c70, 0x000001e83f0bb320, 0x000001e83f0bbaf0, 0x000001e83f0b8c10,
0x000001e83f0c0140, 0x000001e83f0bca90, 0x000001e83f0c0910, 0x000001e83f0bda30,
0x000001e83f0be200, 0x000001e83f0c4790, 0x000001e83f0c37f0, 0x000001e83f513d80,
0x000001e83f512610, 0x000001e83f5106d0, 0x000001e83f514550, 0x000001e83f514d20,
0x000001e83f5154f0, 0x000001e83f519370, 0x000001e83f517430, 0x000001e83f517c00,
0x000001e83f51d1f0, 0x000001e83f5200d0, 0x000001e83f524720, 0x000001e83f521070,
0x000001e83f5227e0, 0x000001e83f522010, 0x000001e83f526e30, 0x000001e83f529d10,
0x000001e83f5285a0, 0x000001e83f526660, 0x000001e83f52acb0, 0x000001e83f527600,
0x000001e83f52c420, 0x000001e83f52bc50, 0x000001e83f52a4e0, 0x000001e83f52b480,
0x000001e83f528d70, 0x000001e83f52eb30, 0x000001e83f52f300, 0x000001e83f52cbf0,
0x000001e83f52db90, 0x000001e85ff743b0, 0x000001e85ff762f0, 0x000001e85ff76ac0,
0x000001e85ff73be0, 0x000001e85ff78230, 0x000001e85ff7b110, 0x000001e85ff7c0b0,
0x000001e85ff7c880, 0x000001e85ff7d050, 0x000001e85ff799a0, 0x000001e85ff7a940,
0x000001e85ff7ff30, 0x000001e85ff8c280, 0x000001e85ff8a340, 0x000001e85ff8ca50,
0x000001e83de7d6b0, 0x000001e83de7c710, 0x000001e83de7e650, 0x000001e83de7ee20,
0x000001e83de7fdc0, 0x000001e83de82ca0, 0x000001e83de824d0, 0x000001e83de81d00,
0x000001e83de84be0, 0x000001e83de81530, 0x000001e83de86b20, 0x000001e83de872f0,
0x000001e83de853b0, 0x000001e83de88a60, 0x000001e83de89a00, 0x000001e83edae770,
0x000001e83edaef40, 0x000001e83edb1650, 0x000001e83edb2dc0, 0x000001e83edb3d60,
0x000001e83edb6c40, 0x000001e83edb7410, 0x000001e83edb4d00, 0x000001e83edb9b20,
0x000001e83edb8b80, 0x000001e83edba2f0, 0x000001e84005cde0, 0x000001e84005a6d0,
0x000001e84005aea0, 0x000001e840068960, 0x000001e84006a8a0, 0x000001e8400744e0,
0x000001e840075c50, 0x000001e840074cb0, 0x000001e840076bf0, 0x000001e8400773c0,
0x000001e83dd5dcc0, 0x000001e83dd61370, 0x000001e83dd5e490, 0x000001e83dd632b0,
0x000001e83dd63a80, 0x000001e83dd64250, 0x000001e83dd60ba0, 0x000001e83dd61b40,
0x000001e83dd62310, 0x000001e83dd62ae0, 0x000001e83ce92050, 0x000001e83b005cd0,
0x000001e83bec5930
}

Java Threads: ( => current thread )
  0x000001e87eb10340 JavaThread "main"                              [_thread_blocked, id=32508, stack(0x0000000ee5b00000,0x0000000ee5c00000) (1024K)]
  0x000001e835e8a040 JavaThread "Reference Handler"          daemon [_thread_blocked, id=4396, stack(0x0000000ee6400000,0x0000000ee6500000) (1024K)]
  0x000001e835e8b360 JavaThread "Finalizer"                  daemon [_thread_blocked, id=5224, stack(0x0000000ee6500000,0x0000000ee6600000) (1024K)]
  0x000001e835e8f900 JavaThread "Signal Dispatcher"          daemon [_thread_blocked, id=33296, stack(0x0000000ee6600000,0x0000000ee6700000) (1024K)]
  0x000001e835e90d60 JavaThread "Attach Listener"            daemon [_thread_blocked, id=24540, stack(0x0000000ee6700000,0x0000000ee6800000) (1024K)]
  0x000001e835eb2490 JavaThread "Service Thread"             daemon [_thread_blocked, id=31944, stack(0x0000000ee6800000,0x0000000ee6900000) (1024K)]
  0x000001e835eb5bc0 JavaThread "Monitor Deflation Thread"   daemon [_thread_blocked, id=3148, stack(0x0000000ee6900000,0x0000000ee6a00000) (1024K)]
=>0x000001e835ebf2f0 JavaThread "C2 CompilerThread0"         daemon [_thread_in_native, id=5884, stack(0x0000000ee6a00000,0x0000000ee6b00000) (1024K)]
  0x000001e835ec1a70 JavaThread "C1 CompilerThread0"         daemon [_thread_blocked, id=37876, stack(0x0000000ee6b00000,0x0000000ee6c00000) (1024K)]
  0x000001e836602b60 JavaThread "Common-Cleaner"             daemon [_thread_blocked, id=39560, stack(0x0000000ee6c00000,0x0000000ee6d00000) (1024K)]
  0x000001e8366ced20 JavaThread "Notification Thread"        daemon [_thread_blocked, id=31196, stack(0x0000000ee6d00000,0x0000000ee6e00000) (1024K)]
  0x000001e83c896580 JavaThread "Daemon health stats"               [_thread_blocked, id=35072, stack(0x0000000ee7200000,0x0000000ee7300000) (1024K)]
  0x000001e83cc9ad00 JavaThread "Incoming local TCP Connector on port 52202"        [_thread_in_native, id=16456, stack(0x0000000ee7400000,0x0000000ee7500000) (1024K)]
  0x000001e83ca33c90 JavaThread "Daemon periodic checks"            [_thread_blocked, id=18916, stack(0x0000000ee7500000,0x0000000ee7600000) (1024K)]
  0x000001e83b777b80 JavaThread "InnocuousThread-1"          daemon [_thread_blocked, id=25916, stack(0x0000000ee7600000,0x0000000ee7700000) (1024K)]
  0x000001e83c0fbc40 JavaThread "Daemon"                            [_thread_blocked, id=5760, stack(0x0000000ee7b00000,0x0000000ee7c00000) (1024K)]
  0x000001e83b007440 JavaThread "Daemon worker"                     [_thread_in_Java, id=6384, stack(0x0000000ee7e00000,0x0000000ee7f00000) (1024K)]
  0x000001e83bec9f80 JavaThread "Cache worker for journal cache (C:\Users\Asus\.gradle\caches\journal-1)"        [_thread_blocked, id=39992, stack(0x0000000ee8700000,0x0000000ee8800000) (1024K)]
  0x000001e83bec7870 JavaThread "File lock request listener"        [_thread_in_native, id=772, stack(0x0000000ee8800000,0x0000000ee8900000) (1024K)]
  0x000001e83becbec0 JavaThread "Cache worker for file hash cache (C:\Users\Asus\.gradle\caches\9.1.0\fileHashes)"        [_thread_blocked, id=5288, stack(0x0000000ee8900000,0x0000000ee8a00000) (1024K)]
  0x000001e83ce91880 JavaThread "File watcher server"        daemon [_thread_in_native, id=30328, stack(0x0000000ee8c00000,0x0000000ee8d00000) (1024K)]
  0x000001e83ce95ed0 JavaThread "File watcher consumer"      daemon [_thread_blocked, id=40880, stack(0x0000000ee8d00000,0x0000000ee8e00000) (1024K)]
  0x000001e83ce96e70 JavaThread "jar transforms"                    [_thread_blocked, id=14696, stack(0x0000000ee8f00000,0x0000000ee9000000) (1024K)]
  0x000001e83ce97e10 JavaThread "jar transforms Thread 2"           [_thread_blocked, id=35040, stack(0x0000000ee9000000,0x0000000ee9100000) (1024K)]
  0x000001e83ce985e0 JavaThread "jar transforms Thread 3"           [_thread_blocked, id=34592, stack(0x0000000ee9100000,0x0000000ee9200000) (1024K)]
  0x000001e83cccef70 JavaThread "Cache worker for file content cache (C:\Users\Asus\.gradle\caches\9.1.0\fileContent)"        [_thread_blocked, id=30892, stack(0x0000000ee9300000,0x0000000ee9400000) (1024K)]
  0x000001e83ccd4560 JavaThread "jar transforms Thread 4"           [_thread_blocked, id=36480, stack(0x0000000ee9600000,0x0000000ee9700000) (1024K)]
  0x000001e83ccd5500 JavaThread "jar transforms Thread 5"           [_thread_blocked, id=39288, stack(0x0000000ee9700000,0x0000000ee9800000) (1024K)]
  0x000001e83cca86e0 JavaThread "jar transforms Thread 6"           [_thread_blocked, id=23496, stack(0x0000000ee9800000,0x0000000ee9900000) (1024K)]
  0x000001e83cca9e50 JavaThread "jar transforms Thread 7"           [_thread_blocked, id=35892, stack(0x0000000ee9900000,0x0000000ee9a00000) (1024K)]
  0x000001e83cca9680 JavaThread "jar transforms Thread 8"           [_thread_blocked, id=2172, stack(0x0000000ee9a00000,0x0000000ee9b00000) (1024K)]
  0x000001e83ccacd30 JavaThread "jar transforms Thread 9"           [_thread_blocked, id=9008, stack(0x0000000ee9b00000,0x0000000ee9c00000) (1024K)]
  0x000001e83ccaa620 JavaThread "jar transforms Thread 10"          [_thread_blocked, id=21896, stack(0x0000000ee9c00000,0x0000000ee9d00000) (1024K)]
  0x000001e83ccac560 JavaThread "jar transforms Thread 11"          [_thread_blocked, id=33368, stack(0x0000000ee9d00000,0x0000000ee9e00000) (1024K)]
  0x000001e83ccae4a0 JavaThread "jar transforms Thread 12"          [_thread_blocked, id=22476, stack(0x0000000ee9e00000,0x0000000ee9f00000) (1024K)]
  0x000001e83dd5f430 JavaThread "jar transforms Thread 13"          [_thread_blocked, id=23432, stack(0x0000000ee9f00000,0x0000000eea000000) (1024K)]
  0x000001e83dd5d4f0 JavaThread "jar transforms Thread 14"          [_thread_blocked, id=6068, stack(0x0000000eea000000,0x0000000eea100000) (1024K)]
  0x000001e83dd5ec60 JavaThread "jar transforms Thread 15"          [_thread_blocked, id=19620, stack(0x0000000eea100000,0x0000000eea200000) (1024K)]
  0x000001e83edad7d0 JavaThread "Memory manager"                    [_thread_blocked, id=12968, stack(0x0000000ee5800000,0x0000000ee5900000) (1024K)]
  0x000001e83edb54d0 JavaThread "included builds"                   [_thread_blocked, id=36120, stack(0x0000000ee5a00000,0x0000000ee5b00000) (1024K)]
  0x000001e83f51ca20 JavaThread "RMI Scheduler(0)"           daemon [_thread_blocked, id=32236, stack(0x0000000eee100000,0x0000000eee200000) (1024K)]
  0x000001e83f51d9c0 JavaThread "RMI RenewClean-[127.0.0.1:17554,org.jetbrains.kotlin.daemon.common.LoopbackNetworkInterface$ClientLoopbackSocketFactory@11ffb88b]" daemon [_thread_blocked, id=34696, stack(0x0000000ef1100000,0x0000000ef1200000) (1024K)]
  0x000001e83f51b2b0 JavaThread "RMI GC Daemon"              daemon [_thread_blocked, id=23856, stack(0x0000000ef1200000,0x0000000ef1300000) (1024K)]
  0x000001e83f51f130 JavaThread "RMI TCP Accept-0"           daemon [_thread_in_native, id=31084, stack(0x0000000ef1300000,0x0000000ef1400000) (1024K)]
  0x000001e83f51ba80 JavaThread "RMI Reaper"                        [_thread_blocked, id=32456, stack(0x0000000ef1400000,0x0000000ef1500000) (1024K)]
  0x000001e85ff893a0 JavaThread "pool-3-thread-1"                   [_thread_blocked, id=21648, stack(0x0000000ef5f00000,0x0000000ef6000000) (1024K)]
  0x000001e83f0a72d0 JavaThread "VFS cleanup"                       [_thread_blocked, id=13804, stack(0x0000000ee7f00000,0x0000000ee8000000) (1024K)]
  0x000001e83f0a99e0 JavaThread "Handler for socket connection from /127.0.0.1:52202 to /127.0.0.1:51859"        [_thread_in_native, id=15864, stack(0x0000000ee5900000,0x0000000ee5a00000) (1024K)]
  0x000001e83f0a9210 JavaThread "Cancel handler"                    [_thread_blocked, id=17428, stack(0x0000000ee7c00000,0x0000000ee7d00000) (1024K)]
  0x000001e83f0ab150 JavaThread "Asynchronous log dispatcher for DefaultDaemonConnection: socket connection from /127.0.0.1:52202 to /127.0.0.1:51859"        [_thread_blocked, id=27488, stack(0x0000000ee7d00000,0x0000000ee7e00000) (1024K)]
  0x000001e83f0ab920 JavaThread "Stdin handler"                     [_thread_blocked, id=5772, stack(0x0000000ee8000000,0x0000000ee8100000) (1024K)]
  0x000001e83f0a8a40 JavaThread "Daemon client event forwarder"        [_thread_blocked, id=2236, stack(0x0000000ee8100000,0x0000000ee8200000) (1024K)]
  0x000001e83f0aff70 JavaThread "Cache worker for file hash cache (C:\Users\Asus\Desktop\dash\apps\mobile\android\.gradle\9.1.0\fileHashes)"        [_thread_blocked, id=32820, stack(0x0000000ee8a00000,0x0000000ee8b00000) (1024K)]
  0x000001e83f0af7a0 JavaThread "Cache worker for Build Output Cleanup Cache (C:\Users\Asus\Desktop\dash\apps\mobile\android\.gradle\buildOutputCleanup)"        [_thread_blocked, id=35084, stack(0x0000000ee8b00000,0x0000000ee8c00000) (1024K)]
  0x000001e83f0b0740 JavaThread "Cache worker for checksums cache (C:\Users\Asus\Desktop\dash\apps\mobile\android\.gradle\9.1.0\checksums)"        [_thread_blocked, id=17908, stack(0x0000000ee8e00000,0x0000000ee8f00000) (1024K)]
  0x000001e83f0b0f10 JavaThread "Cache worker for cache directory md-supplier (C:\Users\Asus\.gradle\caches\9.1.0\md-supplier)"        [_thread_blocked, id=27208, stack(0x0000000ee9200000,0x0000000ee9300000) (1024K)]
  0x000001e83f0ad860 JavaThread "Cache worker for cache directory md-rule (C:\Users\Asus\.gradle\caches\9.1.0\md-rule)"        [_thread_blocked, id=33012, stack(0x0000000ee9400000,0x0000000ee9500000) (1024K)]
  0x000001e83f0b45c0 JavaThread "Cache worker for Build Output Cleanup Cache (C:\src\flutter\packages\flutter_tools\gradle\.gradle\buildOutputCleanup)"        [_thread_blocked, id=34556, stack(0x0000000ee9500000,0x0000000ee9600000) (1024K)]
  0x000001e83f0b1eb0 JavaThread "Unconstrained build operations"        [_thread_blocked, id=38636, stack(0x0000000eea200000,0x0000000eea300000) (1024K)]
  0x000001e83f0b2680 JavaThread "Unconstrained build operations Thread 2"        [_thread_blocked, id=27788, stack(0x0000000eea300000,0x0000000eea400000) (1024K)]
  0x000001e83f0b16e0 JavaThread "Unconstrained build operations Thread 3"        [_thread_blocked, id=28792, stack(0x0000000eea400000,0x0000000eea500000) (1024K)]
  0x000001e83f0b5d30 JavaThread "Unconstrained build operations Thread 4"        [_thread_blocked, id=27920, stack(0x0000000eea500000,0x0000000eea600000) (1024K)]
  0x000001e83f0b6500 JavaThread "Unconstrained build operations Thread 5"        [_thread_blocked, id=41724, stack(0x0000000eea600000,0x0000000eea700000) (1024K)]
  0x000001e83f0ba380 JavaThread "Unconstrained build operations Thread 6"        [_thread_blocked, id=20396, stack(0x0000000eea700000,0x0000000eea800000) (1024K)]
  0x000001e83f0b7c70 JavaThread "Unconstrained build operations Thread 7"        [_thread_blocked, id=36400, stack(0x0000000eea800000,0x0000000eea900000) (1024K)]
  0x000001e83f0bb320 JavaThread "Unconstrained build operations Thread 8"        [_thread_blocked, id=12904, stack(0x0000000eea900000,0x0000000eeaa00000) (1024K)]
  0x000001e83f0bbaf0 JavaThread "Unconstrained build operations Thread 9"        [_thread_blocked, id=30188, stack(0x0000000eeaa00000,0x0000000eeab00000) (1024K)]
  0x000001e83f0b8c10 JavaThread "Unconstrained build operations Thread 10"        [_thread_blocked, id=19148, stack(0x0000000eeab00000,0x0000000eeac00000) (1024K)]
  0x000001e83f0c0140 JavaThread "Unconstrained build operations Thread 11"        [_thread_blocked, id=19676, stack(0x0000000eeac00000,0x0000000eead00000) (1024K)]
  0x000001e83f0bca90 JavaThread "Unconstrained build operations Thread 12"        [_thread_blocked, id=17780, stack(0x0000000eead00000,0x0000000eeae00000) (1024K)]
  0x000001e83f0c0910 JavaThread "Unconstrained build operations Thread 13"        [_thread_blocked, id=37908, stack(0x0000000eeae00000,0x0000000eeaf00000) (1024K)]
  0x000001e83f0bda30 JavaThread "Unconstrained build operations Thread 14"        [_thread_blocked, id=20708, stack(0x0000000eeaf00000,0x0000000eeb000000) (1024K)]
  0x000001e83f0be200 JavaThread "Unconstrained build operations Thread 15"        [_thread_blocked, id=40760, stack(0x0000000eeb000000,0x0000000eeb100000) (1024K)]
  0x000001e83f0c4790 JavaThread "Unconstrained build operations Thread 16"        [_thread_blocked, id=31180, stack(0x0000000eeb100000,0x0000000eeb200000) (1024K)]
  0x000001e83f0c37f0 JavaThread "Unconstrained build operations Thread 17"        [_thread_blocked, id=34584, stack(0x0000000eeb200000,0x0000000eeb300000) (1024K)]
  0x000001e83f513d80 JavaThread "Unconstrained build operations Thread 18"        [_thread_blocked, id=37728, stack(0x0000000eeb300000,0x0000000eeb400000) (1024K)]
  0x000001e83f512610 JavaThread "Unconstrained build operations Thread 19"        [_thread_blocked, id=22768, stack(0x0000000eeb400000,0x0000000eeb500000) (1024K)]
  0x000001e83f5106d0 JavaThread "Unconstrained build operations Thread 20"        [_thread_blocked, id=28084, stack(0x0000000eeb500000,0x0000000eeb600000) (1024K)]
  0x000001e83f514550 JavaThread "Unconstrained build operations Thread 21"        [_thread_blocked, id=41080, stack(0x0000000eeb600000,0x0000000eeb700000) (1024K)]
  0x000001e83f514d20 JavaThread "Unconstrained build operations Thread 22"        [_thread_blocked, id=9108, stack(0x0000000eeb700000,0x0000000eeb800000) (1024K)]
  0x000001e83f5154f0 JavaThread "Unconstrained build operations Thread 23"        [_thread_blocked, id=16732, stack(0x0000000eeb800000,0x0000000eeb900000) (1024K)]
  0x000001e83f519370 JavaThread "Unconstrained build operations Thread 24"        [_thread_blocked, id=27352, stack(0x0000000eeb900000,0x0000000eeba00000) (1024K)]
  0x000001e83f517430 JavaThread "Unconstrained build operations Thread 25"        [_thread_blocked, id=36760, stack(0x0000000eeba00000,0x0000000eebb00000) (1024K)]
  0x000001e83f517c00 JavaThread "Unconstrained build operations Thread 26"        [_thread_blocked, id=35064, stack(0x0000000eebb00000,0x0000000eebc00000) (1024K)]
  0x000001e83f51d1f0 JavaThread "Unconstrained build operations Thread 27"        [_thread_blocked, id=31948, stack(0x0000000eebc00000,0x0000000eebd00000) (1024K)]
  0x000001e83f5200d0 JavaThread "Unconstrained build operations Thread 28"        [_thread_blocked, id=34348, stack(0x0000000eebd00000,0x0000000eebe00000) (1024K)]
  0x000001e83f524720 JavaThread "Unconstrained build operations Thread 29"        [_thread_blocked, id=21624, stack(0x0000000eebe00000,0x0000000eebf00000) (1024K)]
  0x000001e83f521070 JavaThread "Unconstrained build operations Thread 30"        [_thread_blocked, id=17520, stack(0x0000000eebf00000,0x0000000eec000000) (1024K)]
  0x000001e83f5227e0 JavaThread "build event listener"              [_thread_blocked, id=39712, stack(0x0000000eec000000,0x0000000eec100000) (1024K)]
  0x000001e83f522010 JavaThread "included builds"                   [_thread_blocked, id=18276, stack(0x0000000eec100000,0x0000000eec200000) (1024K)]
  0x000001e83f526e30 JavaThread "Execution worker"                  [_thread_blocked, id=39720, stack(0x0000000eec200000,0x0000000eec300000) (1024K)]
  0x000001e83f529d10 JavaThread "Execution worker Thread 2"         [_thread_blocked, id=31848, stack(0x0000000eec300000,0x0000000eec400000) (1024K)]
  0x000001e83f5285a0 JavaThread "Execution worker Thread 3"         [_thread_blocked, id=22092, stack(0x0000000eec400000,0x0000000eec500000) (1024K)]
  0x000001e83f526660 JavaThread "Execution worker Thread 4"         [_thread_blocked, id=9260, stack(0x0000000eec500000,0x0000000eec600000) (1024K)]
  0x000001e83f52acb0 JavaThread "Execution worker Thread 5"         [_thread_blocked, id=12744, stack(0x0000000eec600000,0x0000000eec700000) (1024K)]
  0x000001e83f527600 JavaThread "Execution worker Thread 6"         [_thread_blocked, id=25832, stack(0x0000000eec700000,0x0000000eec800000) (1024K)]
  0x000001e83f52c420 JavaThread "Execution worker Thread 7"         [_thread_blocked, id=11376, stack(0x0000000eec800000,0x0000000eec900000) (1024K)]
  0x000001e83f52bc50 JavaThread "Execution worker Thread 8"         [_thread_blocked, id=37024, stack(0x0000000eec900000,0x0000000eeca00000) (1024K)]
  0x000001e83f52a4e0 JavaThread "Execution worker Thread 9"         [_thread_blocked, id=40380, stack(0x0000000eeca00000,0x0000000eecb00000) (1024K)]
  0x000001e83f52b480 JavaThread "Execution worker Thread 10"        [_thread_blocked, id=31724, stack(0x0000000eecb00000,0x0000000eecc00000) (1024K)]
  0x000001e83f528d70 JavaThread "Execution worker Thread 11"        [_thread_blocked, id=32616, stack(0x0000000eecc00000,0x0000000eecd00000) (1024K)]
  0x000001e83f52eb30 JavaThread "Execution worker Thread 12"        [_thread_blocked, id=31812, stack(0x0000000eecd00000,0x0000000eece00000) (1024K)]
  0x000001e83f52f300 JavaThread "Execution worker Thread 13"        [_thread_blocked, id=2788, stack(0x0000000eece00000,0x0000000eecf00000) (1024K)]
  0x000001e83f52cbf0 JavaThread "Execution worker Thread 14"        [_thread_blocked, id=6896, stack(0x0000000eecf00000,0x0000000eed000000) (1024K)]
  0x000001e83f52db90 JavaThread "Execution worker Thread 15"        [_thread_blocked, id=39208, stack(0x0000000eed000000,0x0000000eed100000) (1024K)]
  0x000001e85ff743b0 JavaThread "Cache worker for execution history cache (C:\src\flutter\packages\flutter_tools\gradle\.gradle\9.1.0\executionHistory)"        [_thread_blocked, id=19888, stack(0x0000000eed100000,0x0000000eed200000) (1024K)]
  0x000001e85ff762f0 JavaThread "Unconstrained build operations Thread 31"        [_thread_blocked, id=17904, stack(0x0000000eed200000,0x0000000eed300000) (1024K)]
  0x000001e85ff76ac0 JavaThread "Unconstrained build operations Thread 32"        [_thread_blocked, id=31044, stack(0x0000000eed300000,0x0000000eed400000) (1024K)]
  0x000001e85ff73be0 JavaThread "Unconstrained build operations Thread 33"        [_thread_blocked, id=11208, stack(0x0000000eed400000,0x0000000eed500000) (1024K)]
  0x000001e85ff78230 JavaThread "Unconstrained build operations Thread 34"        [_thread_blocked, id=35216, stack(0x0000000eed500000,0x0000000eed600000) (1024K)]
  0x000001e85ff7b110 JavaThread "Unconstrained build operations Thread 35"        [_thread_blocked, id=31280, stack(0x0000000eed600000,0x0000000eed700000) (1024K)]
  0x000001e85ff7c0b0 JavaThread "Unconstrained build operations Thread 36"        [_thread_blocked, id=32024, stack(0x0000000eed700000,0x0000000eed800000) (1024K)]
  0x000001e85ff7c880 JavaThread "Unconstrained build operations Thread 37"        [_thread_blocked, id=11560, stack(0x0000000eed800000,0x0000000eed900000) (1024K)]
  0x000001e85ff7d050 JavaThread "Unconstrained build operations Thread 38"        [_thread_blocked, id=41016, stack(0x0000000eed900000,0x0000000eeda00000) (1024K)]
  0x000001e85ff799a0 JavaThread "Unconstrained build operations Thread 39"        [_thread_blocked, id=2248, stack(0x0000000eeda00000,0x0000000eedb00000) (1024K)]
  0x000001e85ff7a940 JavaThread "Unconstrained build operations Thread 40"        [_thread_blocked, id=27908, stack(0x0000000eedb00000,0x0000000eedc00000) (1024K)]
  0x000001e85ff7ff30 JavaThread "Unconstrained build operations Thread 41"        [_thread_blocked, id=28704, stack(0x0000000eedc00000,0x0000000eedd00000) (1024K)]
  0x000001e85ff8c280 JavaThread "Unconstrained build operations Thread 42"        [_thread_blocked, id=17344, stack(0x0000000eedd00000,0x0000000eede00000) (1024K)]
  0x000001e85ff8a340 JavaThread "Unconstrained build operations Thread 43"        [_thread_blocked, id=19540, stack(0x0000000eede00000,0x0000000eedf00000) (1024K)]
  0x000001e85ff8ca50 JavaThread "Unconstrained build operations Thread 44"        [_thread_blocked, id=39904, stack(0x0000000eedf00000,0x0000000eee000000) (1024K)]
  0x000001e83de7d6b0 JavaThread "Unconstrained build operations Thread 45"        [_thread_blocked, id=14364, stack(0x0000000eee000000,0x0000000eee100000) (1024K)]
  0x000001e83de7c710 JavaThread "Unconstrained build operations Thread 46"        [_thread_blocked, id=15404, stack(0x0000000eee200000,0x0000000eee300000) (1024K)]
  0x000001e83de7e650 JavaThread "Unconstrained build operations Thread 47"        [_thread_blocked, id=18416, stack(0x0000000eee300000,0x0000000eee400000) (1024K)]
  0x000001e83de7ee20 JavaThread "Unconstrained build operations Thread 48"        [_thread_blocked, id=18792, stack(0x0000000eee400000,0x0000000eee500000) (1024K)]
  0x000001e83de7fdc0 JavaThread "Unconstrained build operations Thread 49"        [_thread_blocked, id=10976, stack(0x0000000eee500000,0x0000000eee600000) (1024K)]
  0x000001e83de82ca0 JavaThread "Unconstrained build operations Thread 50"        [_thread_blocked, id=31940, stack(0x0000000eee600000,0x0000000eee700000) (1024K)]
  0x000001e83de824d0 JavaThread "Unconstrained build operations Thread 51"        [_thread_blocked, id=27816, stack(0x0000000eee700000,0x0000000eee800000) (1024K)]
  0x000001e83de81d00 JavaThread "Unconstrained build operations Thread 52"        [_thread_blocked, id=22440, stack(0x0000000eee800000,0x0000000eee900000) (1024K)]
  0x000001e83de84be0 JavaThread "Unconstrained build operations Thread 53"        [_thread_blocked, id=3488, stack(0x0000000eee900000,0x0000000eeea00000) (1024K)]
  0x000001e83de81530 JavaThread "Unconstrained build operations Thread 54"        [_thread_blocked, id=4360, stack(0x0000000eeea00000,0x0000000eeeb00000) (1024K)]
  0x000001e83de86b20 JavaThread "Unconstrained build operations Thread 55"        [_thread_blocked, id=33540, stack(0x0000000eeeb00000,0x0000000eeec00000) (1024K)]
  0x000001e83de872f0 JavaThread "Unconstrained build operations Thread 56"        [_thread_blocked, id=29116, stack(0x0000000eeec00000,0x0000000eeed00000) (1024K)]
  0x000001e83de853b0 JavaThread "Unconstrained build operations Thread 57"        [_thread_blocked, id=28488, stack(0x0000000eeed00000,0x0000000eeee00000) (1024K)]
  0x000001e83de88a60 JavaThread "Unconstrained build operations Thread 58"        [_thread_blocked, id=35192, stack(0x0000000eeee00000,0x0000000eeef00000) (1024K)]
  0x000001e83de89a00 JavaThread "Unconstrained build operations Thread 59"        [_thread_blocked, id=30476, stack(0x0000000eeef00000,0x0000000eef000000) (1024K)]
  0x000001e83edae770 JavaThread "Unconstrained build operations Thread 60"        [_thread_blocked, id=30896, stack(0x0000000eef000000,0x0000000eef100000) (1024K)]
  0x000001e83edaef40 JavaThread "Unconstrained build operations Thread 61"        [_thread_blocked, id=13380, stack(0x0000000eef100000,0x0000000eef200000) (1024K)]
  0x000001e83edb1650 JavaThread "Unconstrained build operations Thread 62"        [_thread_blocked, id=29500, stack(0x0000000eef200000,0x0000000eef300000) (1024K)]
  0x000001e83edb2dc0 JavaThread "Unconstrained build operations Thread 63"        [_thread_blocked, id=19172, stack(0x0000000eef300000,0x0000000eef400000) (1024K)]
  0x000001e83edb3d60 JavaThread "Unconstrained build operations Thread 64"        [_thread_blocked, id=3428, stack(0x0000000eef400000,0x0000000eef500000) (1024K)]
  0x000001e83edb6c40 JavaThread "Unconstrained build operations Thread 65"        [_thread_blocked, id=28732, stack(0x0000000eef500000,0x0000000eef600000) (1024K)]
  0x000001e83edb7410 JavaThread "Unconstrained build operations Thread 66"        [_thread_blocked, id=17812, stack(0x0000000eef600000,0x0000000eef700000) (1024K)]
  0x000001e83edb4d00 JavaThread "Unconstrained build operations Thread 67"        [_thread_blocked, id=23068, stack(0x0000000eef700000,0x0000000eef800000) (1024K)]
  0x000001e83edb9b20 JavaThread "Unconstrained build operations Thread 68"        [_thread_blocked, id=5840, stack(0x0000000eef800000,0x0000000eef900000) (1024K)]
  0x000001e83edb8b80 JavaThread "Unconstrained build operations Thread 69"        [_thread_blocked, id=41980, stack(0x0000000eef900000,0x0000000eefa00000) (1024K)]
  0x000001e83edba2f0 JavaThread "Unconstrained build operations Thread 70"        [_thread_blocked, id=3680, stack(0x0000000eefa00000,0x0000000eefb00000) (1024K)]
  0x000001e84005cde0 JavaThread "Unconstrained build operations Thread 71"        [_thread_blocked, id=41472, stack(0x0000000eefb00000,0x0000000eefc00000) (1024K)]
  0x000001e84005a6d0 JavaThread "Unconstrained build operations Thread 72"        [_thread_blocked, id=2824, stack(0x0000000eefc00000,0x0000000eefd00000) (1024K)]
  0x000001e84005aea0 JavaThread "Unconstrained build operations Thread 73"        [_thread_blocked, id=38076, stack(0x0000000eefd00000,0x0000000eefe00000) (1024K)]
  0x000001e840068960 JavaThread "Unconstrained build operations Thread 74"        [_thread_blocked, id=3492, stack(0x0000000eefe00000,0x0000000eeff00000) (1024K)]
  0x000001e84006a8a0 JavaThread "Unconstrained build operations Thread 75"        [_thread_blocked, id=27284, stack(0x0000000eeff00000,0x0000000ef0000000) (1024K)]
  0x000001e8400744e0 JavaThread "Unconstrained build operations Thread 76"        [_thread_blocked, id=17764, stack(0x0000000ef0000000,0x0000000ef0100000) (1024K)]
  0x000001e840075c50 JavaThread "Unconstrained build operations Thread 77"        [_thread_blocked, id=17664, stack(0x0000000ef0100000,0x0000000ef0200000) (1024K)]
  0x000001e840074cb0 JavaThread "Unconstrained build operations Thread 78"        [_thread_blocked, id=34740, stack(0x0000000ef0200000,0x0000000ef0300000) (1024K)]
  0x000001e840076bf0 JavaThread "Unconstrained build operations Thread 79"        [_thread_blocked, id=29168, stack(0x0000000ef0300000,0x0000000ef0400000) (1024K)]
  0x000001e8400773c0 JavaThread "Unconstrained build operations Thread 80"        [_thread_blocked, id=13276, stack(0x0000000ef0400000,0x0000000ef0500000) (1024K)]
  0x000001e83dd5dcc0 JavaThread "Unconstrained build operations Thread 81"        [_thread_blocked, id=32392, stack(0x0000000ef0500000,0x0000000ef0600000) (1024K)]
  0x000001e83dd61370 JavaThread "Unconstrained build operations Thread 82"        [_thread_blocked, id=29644, stack(0x0000000ef0600000,0x0000000ef0700000) (1024K)]
  0x000001e83dd5e490 JavaThread "Unconstrained build operations Thread 83"        [_thread_blocked, id=9100, stack(0x0000000ef0700000,0x0000000ef0800000) (1024K)]
  0x000001e83dd632b0 JavaThread "Unconstrained build operations Thread 84"        [_thread_blocked, id=25752, stack(0x0000000ef0800000,0x0000000ef0900000) (1024K)]
  0x000001e83dd63a80 JavaThread "Unconstrained build operations Thread 85"        [_thread_blocked, id=31340, stack(0x0000000ef0900000,0x0000000ef0a00000) (1024K)]
  0x000001e83dd64250 JavaThread "Unconstrained build operations Thread 86"        [_thread_blocked, id=25176, stack(0x0000000ef0a00000,0x0000000ef0b00000) (1024K)]
  0x000001e83dd60ba0 JavaThread "Unconstrained build operations Thread 87"        [_thread_blocked, id=30912, stack(0x0000000ef0b00000,0x0000000ef0c00000) (1024K)]
  0x000001e83dd61b40 JavaThread "Unconstrained build operations Thread 88"        [_thread_blocked, id=20856, stack(0x0000000ef0c00000,0x0000000ef0d00000) (1024K)]
  0x000001e83dd62310 JavaThread "Unconstrained build operations Thread 89"        [_thread_blocked, id=30756, stack(0x0000000ef0d00000,0x0000000ef0e00000) (1024K)]
  0x000001e83dd62ae0 JavaThread "Unconstrained build operations Thread 90"        [_thread_blocked, id=29692, stack(0x0000000ef0e00000,0x0000000ef0f00000) (1024K)]
  0x000001e83ce92050 JavaThread "Unconstrained build operations Thread 91"        [_thread_blocked, id=40376, stack(0x0000000ef0f00000,0x0000000ef1000000) (1024K)]
  0x000001e83b005cd0 JavaThread "build event listener"              [_thread_blocked, id=33900, stack(0x0000000ef1000000,0x0000000ef1100000) (1024K)]
  0x000001e83bec5930 JavaThread "build event listener"              [_thread_blocked, id=408, stack(0x0000000ef1500000,0x0000000ef1600000) (1024K)]
Total: 169

Other Threads:
  0x000001e835e79400 VMThread "VM Thread"                           [id=29040, stack(0x0000000ee6300000,0x0000000ee6400000) (1024K)]
  0x000001e835d40c70 WatcherThread "VM Periodic Task Thread"        [id=12144, stack(0x0000000ee6200000,0x0000000ee6300000) (1024K)]
  0x000001e87eb7fee0 WorkerThread "GC Thread#0"                     [id=23408, stack(0x0000000ee5c00000,0x0000000ee5d00000) (1024K)]
  0x000001e836709270 WorkerThread "GC Thread#1"                     [id=23656, stack(0x0000000ee6e00000,0x0000000ee6f00000) (1024K)]
  0x000001e83c7ce980 WorkerThread "GC Thread#2"                     [id=1696, stack(0x0000000ee7100000,0x0000000ee7200000) (1024K)]
  0x000001e83c75eb00 WorkerThread "GC Thread#3"                     [id=23012, stack(0x0000000ee7300000,0x0000000ee7400000) (1024K)]
  0x000001e83c75f7f0 WorkerThread "GC Thread#4"                     [id=3372, stack(0x0000000ee7700000,0x0000000ee7800000) (1024K)]
  0x000001e83c75bfe0 WorkerThread "GC Thread#5"                     [id=21664, stack(0x0000000ee7800000,0x0000000ee7900000) (1024K)]
  0x000001e83c75f3a0 WorkerThread "GC Thread#6"                     [id=29112, stack(0x0000000ee7900000,0x0000000ee7a00000) (1024K)]
  0x000001e83c75c880 WorkerThread "GC Thread#7"                     [id=5188, stack(0x0000000ee7a00000,0x0000000ee7b00000) (1024K)]
  0x000001e83c75e260 WorkerThread "GC Thread#8"                     [id=37864, stack(0x0000000ee8200000,0x0000000ee8300000) (1024K)]
  0x000001e8365c01f0 WorkerThread "GC Thread#9"                     [id=10684, stack(0x0000000ee8300000,0x0000000ee8400000) (1024K)]
  0x000001e8365be3c0 WorkerThread "GC Thread#10"                    [id=41524, stack(0x0000000ee8400000,0x0000000ee8500000) (1024K)]
  0x000001e8365bf500 WorkerThread "GC Thread#11"                    [id=40364, stack(0x0000000ee8500000,0x0000000ee8600000) (1024K)]
  0x000001e8365bfda0 WorkerThread "GC Thread#12"                    [id=34108, stack(0x0000000ee8600000,0x0000000ee8700000) (1024K)]
  0x000001e87eb99020 ConcurrentGCThread "G1 Main Marker"            [id=28140, stack(0x0000000ee5d00000,0x0000000ee5e00000) (1024K)]
  0x000001e87eb9aa90 WorkerThread "G1 Conc#0"                       [id=26956, stack(0x0000000ee5e00000,0x0000000ee5f00000) (1024K)]
  0x000001e83674b5f0 WorkerThread "G1 Conc#1"                       [id=38268, stack(0x0000000ee6f00000,0x0000000ee7000000) (1024K)]
  0x000001e83674e230 WorkerThread "G1 Conc#2"                       [id=16116, stack(0x0000000ee7000000,0x0000000ee7100000) (1024K)]
  0x000001e835d27c40 WorkerThread "G1 Refinement Workers#0"         [id=5600, stack(0x0000000ee6000000,0x0000000ee6100000) (1024K)]
  0x000001e835d27080 ConcurrentGCThread "G1 Refine Control"         [id=15368, stack(0x0000000ee5f00000,0x0000000ee6000000) (1024K)]
  0x000001e87ebcc6d0 ConcurrentGCThread "G1 Service"                [id=28876, stack(0x0000000ee6100000,0x0000000ee6200000) (1024K)]
Total: 22

Threads with active compile tasks:
C2 CompilerThread0  259160 27017       4       org.gradle.util.internal.CollectionUtils::collect (53 bytes)
Total: 1

VM state: not at safepoint (normal execution)

VM Mutex/Monitor currently owned by a thread: None

Heap address: 0x0000000600000000, size: 8192 MB, Compressed Oops mode: Zero based, Oop shift amount: 3

CDS archive(s) mapped at: [0x0000000025000000-0x0000000025de0000-0x0000000025de0000), size 14548992, SharedBaseAddress: 0x0000000025000000, ArchiveRelocationMode: 1.
Compressed class space mapped at: 0x0000000026000000-0x0000000066000000, reserved size: 1073741824
UseCompressedClassPointers 1, UseCompactObjectHeaders 0
Narrow klass pointer bits 32, Max shift 3
Narrow klass base: 0x0000000025000000, Narrow klass shift: 0
Encoding Range: [0x0000000025000000 - 0x0000000125000000), (4294967296 bytes)
Klass Range:    [0x0000000025000000 - 0x0000000066000000), (1090519040 bytes)
Klass ID Range:  [8 - 1090519033) (1090519025)
Protection zone: [0x0000000025000000 - 0x0000000025010000), (65536 bytes)

GC Precious Log:
 CardTable entry size: 512
 Card Set container configuration: InlinePtr #cards 4 size 8 Array Of Cards #cards 32 size 80 Howl #buckets 8 coarsen threshold 7372 Howl Bitmap #cards 1024 size 144 coarsen threshold 921 Card regions per heap region 1 cards per card region 8192
 CPUs: 16 total, 16 available
 Memory: 7599M
 Large Page Support: Disabled
 NUMA Support: Disabled
 Compressed Oops: Enabled (Zero based)
 Heap Region Size: 4M
 Heap Min Capacity: 8M
 Heap Initial Capacity: 8M
 Heap Max Capacity: 8G
 Pre-touch: Disabled
 Parallel Workers: 13
 Concurrent Workers: 3
 Concurrent Refinement Workers: 13
 Periodic GC: Disabled

Heap:
 garbage-first heap   total reserved 8388608K, committed 1536000K, used 835339K [0x0000000600000000, 0x0000000800000000)
  region size 4M, 125 eden (500M), 4 survivor (16M), 75 old (300M), 1 humongous (4M), 170 free (680M)

Heap Regions: E=young(eden), S=young(survivor), O=old, HS=humongous(starts), HC=humongous(continues), CS=collection set, F=free, TAMS=top-at-mark-start, PB=parsable bottom
|    0|0x0000000600000000, 0x0000000600400000, 0x0000000600400000|100%|HS|  |TAMS 0x0000000600000000| PB 0x0000000600000000| Complete  |  0
|    1|0x0000000600400000, 0x0000000600800000, 0x0000000600800000|100%| O|  |TAMS 0x0000000600400000| PB 0x0000000600400000| Untracked |  0
|    2|0x0000000600800000, 0x0000000600c00000, 0x0000000600c00000|100%| O|  |TAMS 0x0000000600800000| PB 0x0000000600800000| Untracked |  0
|    3|0x0000000600c00000, 0x0000000601000000, 0x0000000601000000|100%| O|  |TAMS 0x0000000600c00000| PB 0x0000000600c00000| Untracked |  0
|    4|0x0000000601000000, 0x0000000601400000, 0x0000000601400000|100%| O|  |TAMS 0x0000000601000000| PB 0x0000000601000000| Untracked |  0
|    5|0x0000000601400000, 0x0000000601800000, 0x0000000601800000|100%| O|  |TAMS 0x0000000601400000| PB 0x0000000601400000| Untracked |  0
|    6|0x0000000601800000, 0x0000000601c00000, 0x0000000601c00000|100%| O|  |TAMS 0x0000000601800000| PB 0x0000000601800000| Untracked |  0
|    7|0x0000000601c00000, 0x0000000602000000, 0x0000000602000000|100%| O|  |TAMS 0x0000000601c00000| PB 0x0000000601c00000| Untracked |  0
|    8|0x0000000602000000, 0x0000000602400000, 0x0000000602400000|100%| O|  |TAMS 0x0000000602000000| PB 0x0000000602000000| Untracked |  0
|    9|0x0000000602400000, 0x0000000602800000, 0x0000000602800000|100%| O|  |TAMS 0x0000000602400000| PB 0x0000000602400000| Untracked |  0
|   10|0x0000000602800000, 0x0000000602c00000, 0x0000000602c00000|100%| O|  |TAMS 0x0000000602800000| PB 0x0000000602800000| Untracked |  0
|   11|0x0000000602c00000, 0x0000000603000000, 0x0000000603000000|100%| O|  |TAMS 0x0000000602c00000| PB 0x0000000602c00000| Untracked |  0
|   12|0x0000000603000000, 0x0000000603400000, 0x0000000603400000|100%| O|  |TAMS 0x0000000603000000| PB 0x0000000603000000| Untracked |  0
|   13|0x0000000603400000, 0x0000000603800000, 0x0000000603800000|100%| O|  |TAMS 0x0000000603400000| PB 0x0000000603400000| Untracked |  0
|   14|0x0000000603800000, 0x0000000603c00000, 0x0000000603c00000|100%| O|  |TAMS 0x0000000603800000| PB 0x0000000603800000| Untracked |  0
|   15|0x0000000603c00000, 0x0000000604000000, 0x0000000604000000|100%| O|  |TAMS 0x0000000603c00000| PB 0x0000000603c00000| Untracked |  0
|   16|0x0000000604000000, 0x0000000604400000, 0x0000000604400000|100%| O|  |TAMS 0x0000000604000000| PB 0x0000000604000000| Untracked |  0
|   17|0x0000000604400000, 0x0000000604800000, 0x0000000604800000|100%| O|  |TAMS 0x0000000604400000| PB 0x0000000604400000| Untracked |  0
|   18|0x0000000604800000, 0x0000000604c00000, 0x0000000604c00000|100%| O|  |TAMS 0x0000000604800000| PB 0x0000000604800000| Untracked |  0
|   19|0x0000000604c00000, 0x0000000605000000, 0x0000000605000000|100%| O|  |TAMS 0x0000000604c00000| PB 0x0000000604c00000| Untracked |  0
|   20|0x0000000605000000, 0x0000000605400000, 0x0000000605400000|100%| O|  |TAMS 0x0000000605000000| PB 0x0000000605000000| Untracked |  0
|   21|0x0000000605400000, 0x0000000605800000, 0x0000000605800000|100%| O|  |TAMS 0x0000000605400000| PB 0x0000000605400000| Untracked |  0
|   22|0x0000000605800000, 0x0000000605c00000, 0x0000000605c00000|100%| O|  |TAMS 0x0000000605800000| PB 0x0000000605800000| Untracked |  0
|   23|0x0000000605c00000, 0x0000000606000000, 0x0000000606000000|100%| O|  |TAMS 0x0000000605c00000| PB 0x0000000605c00000| Untracked |  0
|   24|0x0000000606000000, 0x0000000606400000, 0x0000000606400000|100%| O|  |TAMS 0x0000000606000000| PB 0x0000000606000000| Untracked |  0
|   25|0x0000000606400000, 0x0000000606800000, 0x0000000606800000|100%| O|  |TAMS 0x0000000606400000| PB 0x0000000606400000| Untracked |  0
|   26|0x0000000606800000, 0x0000000606c00000, 0x0000000606c00000|100%| O|  |TAMS 0x0000000606800000| PB 0x0000000606800000| Untracked |  0
|   27|0x0000000606c00000, 0x0000000607000000, 0x0000000607000000|100%| O|  |TAMS 0x0000000606c00000| PB 0x0000000606c00000| Untracked |  0
|   28|0x0000000607000000, 0x0000000607400000, 0x0000000607400000|100%| O|  |TAMS 0x0000000607000000| PB 0x0000000607000000| Untracked |  0
|   29|0x0000000607400000, 0x0000000607800000, 0x0000000607800000|100%| O|  |TAMS 0x0000000607400000| PB 0x0000000607400000| Untracked |  0
|   30|0x0000000607800000, 0x0000000607bc2ca0, 0x0000000607c00000| 94%| O|  |TAMS 0x0000000607800000| PB 0x0000000607800000| Untracked |  0
|   31|0x0000000607c00000, 0x0000000607c00000, 0x0000000608000000|  0%| F|  |TAMS 0x0000000607c00000| PB 0x0000000607c00000| Untracked |  0
|   32|0x0000000608000000, 0x0000000608000000, 0x0000000608400000|  0%| F|  |TAMS 0x0000000608000000| PB 0x0000000608000000| Untracked |  0
|   33|0x0000000608400000, 0x0000000608400000, 0x0000000608800000|  0%| F|  |TAMS 0x0000000608400000| PB 0x0000000608400000| Untracked |  0
|   34|0x0000000608800000, 0x0000000608c00000, 0x0000000608c00000|100%| O|  |TAMS 0x0000000608800000| PB 0x0000000608800000| Untracked |  0
|   35|0x0000000608c00000, 0x0000000609000000, 0x0000000609000000|100%| O|  |TAMS 0x0000000608c00000| PB 0x0000000608c00000| Untracked |  0
|   36|0x0000000609000000, 0x0000000609000000, 0x0000000609400000|  0%| F|  |TAMS 0x0000000609000000| PB 0x0000000609000000| Untracked |  0
|   37|0x0000000609400000, 0x0000000609800000, 0x0000000609800000|100%| O|  |TAMS 0x0000000609400000| PB 0x0000000609400000| Untracked |  0
|   38|0x0000000609800000, 0x0000000609800000, 0x0000000609c00000|  0%| F|  |TAMS 0x0000000609800000| PB 0x0000000609800000| Untracked |  0
|   39|0x0000000609c00000, 0x000000060a000000, 0x000000060a000000|100%| O|Cm|TAMS 0x0000000609c00000| PB 0x0000000609c00000| Complete  |  0
|   40|0x000000060a000000, 0x000000060a400000, 0x000000060a400000|100%| O|Cm|TAMS 0x000000060a000000| PB 0x000000060a000000| Complete  |  0
|   41|0x000000060a400000, 0x000000060a400000, 0x000000060a800000|  0%| F|  |TAMS 0x000000060a400000| PB 0x000000060a400000| Untracked |  0
|   42|0x000000060a800000, 0x000000060a800000, 0x000000060ac00000|  0%| F|  |TAMS 0x000000060a800000| PB 0x000000060a800000| Untracked |  0
|   43|0x000000060ac00000, 0x000000060b000000, 0x000000060b000000|100%| O|Cm|TAMS 0x000000060ac00000| PB 0x000000060ac00000| Complete  |  0
|   44|0x000000060b000000, 0x000000060b400000, 0x000000060b400000|100%| O|Cm|TAMS 0x000000060b000000| PB 0x000000060b000000| Complete  |  0
|   45|0x000000060b400000, 0x000000060b400000, 0x000000060b800000|  0%| F|  |TAMS 0x000000060b400000| PB 0x000000060b400000| Untracked |  0
|   46|0x000000060b800000, 0x000000060bc00000, 0x000000060bc00000|100%| O|  |TAMS 0x000000060b800000| PB 0x000000060b800000| Untracked |  0
|   47|0x000000060bc00000, 0x000000060c000000, 0x000000060c000000|100%| O|  |TAMS 0x000000060bc00000| PB 0x000000060bc00000| Untracked |  0
|   48|0x000000060c000000, 0x000000060c400000, 0x000000060c400000|100%| O|Cm|TAMS 0x000000060c000000| PB 0x000000060c000000| Complete  |  0
|   49|0x000000060c400000, 0x000000060c400000, 0x000000060c800000|  0%| F|  |TAMS 0x000000060c400000| PB 0x000000060c400000| Untracked |  0
|   50|0x000000060c800000, 0x000000060c800000, 0x000000060cc00000|  0%| F|  |TAMS 0x000000060c800000| PB 0x000000060c800000| Untracked |  0
|   51|0x000000060cc00000, 0x000000060d000000, 0x000000060d000000|100%| O|  |TAMS 0x000000060cc00000| PB 0x000000060cc00000| Untracked |  0
|   52|0x000000060d000000, 0x000000060d400000, 0x000000060d400000|100%| O|  |TAMS 0x000000060d000000| PB 0x000000060d000000| Untracked |  0
|   53|0x000000060d400000, 0x000000060d800000, 0x000000060d800000|100%| O|  |TAMS 0x000000060d400000| PB 0x000000060d400000| Untracked |  0
|   54|0x000000060d800000, 0x000000060dc00000, 0x000000060dc00000|100%| O|  |TAMS 0x000000060d800000| PB 0x000000060d800000| Untracked |  0
|   55|0x000000060dc00000, 0x000000060e000000, 0x000000060e000000|100%| O|  |TAMS 0x000000060dc00000| PB 0x000000060dc00000| Untracked |  0
|   56|0x000000060e000000, 0x000000060e400000, 0x000000060e400000|100%| O|  |TAMS 0x000000060e000000| PB 0x000000060e000000| Untracked |  0
|   57|0x000000060e400000, 0x000000060e800000, 0x000000060e800000|100%| O|  |TAMS 0x000000060e400000| PB 0x000000060e400000| Untracked |  0
|   58|0x000000060e800000, 0x000000060ec00000, 0x000000060ec00000|100%| O|  |TAMS 0x000000060e800000| PB 0x000000060e800000| Untracked |  0
|   59|0x000000060ec00000, 0x000000060f000000, 0x000000060f000000|100%| O|  |TAMS 0x000000060ec00000| PB 0x000000060ec00000| Untracked |  0
|   60|0x000000060f000000, 0x000000060f400000, 0x000000060f400000|100%| O|  |TAMS 0x000000060f000000| PB 0x000000060f000000| Untracked |  0
|   61|0x000000060f400000, 0x000000060f800000, 0x000000060f800000|100%| O|  |TAMS 0x000000060f400000| PB 0x000000060f400000| Untracked |  0
|   62|0x000000060f800000, 0x000000060fc00000, 0x000000060fc00000|100%| O|  |TAMS 0x000000060f800000| PB 0x000000060f800000| Untracked |  0
|   63|0x000000060fc00000, 0x0000000610000000, 0x0000000610000000|100%| O|  |TAMS 0x000000060fc00000| PB 0x000000060fc00000| Untracked |  0
|   64|0x0000000610000000, 0x0000000610400000, 0x0000000610400000|100%| O|  |TAMS 0x0000000610000000| PB 0x0000000610000000| Untracked |  0
|   65|0x0000000610400000, 0x0000000610800000, 0x0000000610800000|100%| O|  |TAMS 0x0000000610400000| PB 0x0000000610400000| Untracked |  0
|   66|0x0000000610800000, 0x0000000610c00000, 0x0000000610c00000|100%| O|  |TAMS 0x0000000610800000| PB 0x0000000610800000| Untracked |  0
|   67|0x0000000610c00000, 0x0000000610c00000, 0x0000000611000000|  0%| F|  |TAMS 0x0000000610c00000| PB 0x0000000610c00000| Untracked |  0
|   68|0x0000000611000000, 0x0000000611400000, 0x0000000611400000|100%| O|  |TAMS 0x0000000611000000| PB 0x0000000611000000| Untracked |  0
|   69|0x0000000611400000, 0x0000000611400000, 0x0000000611800000|  0%| F|  |TAMS 0x0000000611400000| PB 0x0000000611400000| Untracked |  0
|   70|0x0000000611800000, 0x0000000611800000, 0x0000000611c00000|  0%| F|  |TAMS 0x0000000611800000| PB 0x0000000611800000| Untracked |  0
|   71|0x0000000611c00000, 0x0000000612000000, 0x0000000612000000|100%| S|CS|TAMS 0x0000000611c00000| PB 0x0000000611c00000| Complete  |  0
|   72|0x0000000612000000, 0x0000000612400000, 0x0000000612400000|100%| O|  |TAMS 0x0000000612000000| PB 0x0000000612000000| Untracked |  0
|   73|0x0000000612400000, 0x0000000612800000, 0x0000000612800000|100%| O|  |TAMS 0x0000000612400000| PB 0x0000000612400000| Untracked |  0
|   74|0x0000000612800000, 0x0000000612c00000, 0x0000000612c00000|100%| O|  |TAMS 0x0000000612800000| PB 0x0000000612800000| Untracked |  0
|   75|0x0000000612c00000, 0x0000000613000000, 0x0000000613000000|100%| O|  |TAMS 0x0000000612c00000| PB 0x0000000612c00000| Untracked |  0
|   76|0x0000000613000000, 0x0000000613400000, 0x0000000613400000|100%| S|CS|TAMS 0x0000000613000000| PB 0x0000000613000000| Complete  |  0
|   77|0x0000000613400000, 0x0000000613800000, 0x0000000613800000|100%| S|CS|TAMS 0x0000000613400000| PB 0x0000000613400000| Complete  |  0
|   78|0x0000000613800000, 0x0000000613c00000, 0x0000000613c00000|100%| S|CS|TAMS 0x0000000613800000| PB 0x0000000613800000| Complete  |  0
|   79|0x0000000613c00000, 0x0000000614000000, 0x0000000614000000|100%| O|  |TAMS 0x0000000613c00000| PB 0x0000000613c00000| Untracked |  0
|   80|0x0000000614000000, 0x0000000614400000, 0x0000000614400000|100%| O|  |TAMS 0x0000000614000000| PB 0x0000000614000000| Untracked |  0
|   81|0x0000000614400000, 0x0000000614800000, 0x0000000614800000|100%| O|  |TAMS 0x0000000614400000| PB 0x0000000614400000| Untracked |  0
|   82|0x0000000614800000, 0x0000000614c00000, 0x0000000614c00000|100%| O|  |TAMS 0x0000000614800000| PB 0x0000000614800000| Untracked |  0
|   83|0x0000000614c00000, 0x0000000615000000, 0x0000000615000000|100%| O|  |TAMS 0x0000000614c00000| PB 0x0000000614c00000| Untracked |  0
|   84|0x0000000615000000, 0x0000000615400000, 0x0000000615400000|100%| O|  |TAMS 0x0000000615000000| PB 0x0000000615000000| Untracked |  0
|   85|0x0000000615400000, 0x0000000615800000, 0x0000000615800000|100%| O|  |TAMS 0x0000000615400000| PB 0x0000000615400000| Untracked |  0
|   86|0x0000000615800000, 0x0000000615c00000, 0x0000000615c00000|100%| O|  |TAMS 0x0000000615800000| PB 0x0000000615800000| Untracked |  0
|   87|0x0000000615c00000, 0x0000000615c00000, 0x0000000616000000|  0%| F|  |TAMS 0x0000000615c00000| PB 0x0000000615c00000| Untracked |  0
|   88|0x0000000616000000, 0x0000000616000000, 0x0000000616400000|  0%| F|  |TAMS 0x0000000616000000| PB 0x0000000616000000| Untracked |  0
|   89|0x0000000616400000, 0x0000000616400000, 0x0000000616800000|  0%| F|  |TAMS 0x0000000616400000| PB 0x0000000616400000| Untracked |  0
|   90|0x0000000616800000, 0x0000000616800000, 0x0000000616c00000|  0%| F|  |TAMS 0x0000000616800000| PB 0x0000000616800000| Untracked |  0
|   91|0x0000000616c00000, 0x0000000616c00000, 0x0000000617000000|  0%| F|  |TAMS 0x0000000616c00000| PB 0x0000000616c00000| Untracked |  0
|   92|0x0000000617000000, 0x0000000617000000, 0x0000000617400000|  0%| F|  |TAMS 0x0000000617000000| PB 0x0000000617000000| Untracked |  0
|   93|0x0000000617400000, 0x0000000617400000, 0x0000000617800000|  0%| F|  |TAMS 0x0000000617400000| PB 0x0000000617400000| Untracked |  0
|   94|0x0000000617800000, 0x0000000617800000, 0x0000000617c00000|  0%| F|  |TAMS 0x0000000617800000| PB 0x0000000617800000| Untracked |  0
|   95|0x0000000617c00000, 0x0000000617c00000, 0x0000000618000000|  0%| F|  |TAMS 0x0000000617c00000| PB 0x0000000617c00000| Untracked |  0
|   96|0x0000000618000000, 0x0000000618000000, 0x0000000618400000|  0%| F|  |TAMS 0x0000000618000000| PB 0x0000000618000000| Untracked |  0
|   97|0x0000000618400000, 0x0000000618400000, 0x0000000618800000|  0%| F|  |TAMS 0x0000000618400000| PB 0x0000000618400000| Untracked |  0
|   98|0x0000000618800000, 0x0000000618800000, 0x0000000618c00000|  0%| F|  |TAMS 0x0000000618800000| PB 0x0000000618800000| Untracked |  0
|   99|0x0000000618c00000, 0x0000000618c00000, 0x0000000619000000|  0%| F|  |TAMS 0x0000000618c00000| PB 0x0000000618c00000| Untracked |  0
|  100|0x0000000619000000, 0x0000000619000000, 0x0000000619400000|  0%| F|  |TAMS 0x0000000619000000| PB 0x0000000619000000| Untracked |  0
|  101|0x0000000619400000, 0x0000000619400000, 0x0000000619800000|  0%| F|  |TAMS 0x0000000619400000| PB 0x0000000619400000| Untracked |  0
|  102|0x0000000619800000, 0x0000000619800000, 0x0000000619c00000|  0%| F|  |TAMS 0x0000000619800000| PB 0x0000000619800000| Untracked |  0
|  103|0x0000000619c00000, 0x0000000619c00000, 0x000000061a000000|  0%| F|  |TAMS 0x0000000619c00000| PB 0x0000000619c00000| Untracked |  0
|  104|0x000000061a000000, 0x000000061a000000, 0x000000061a400000|  0%| F|  |TAMS 0x000000061a000000| PB 0x000000061a000000| Untracked |  0
|  105|0x000000061a400000, 0x000000061a400000, 0x000000061a800000|  0%| F|  |TAMS 0x000000061a400000| PB 0x000000061a400000| Untracked |  0
|  106|0x000000061a800000, 0x000000061a800000, 0x000000061ac00000|  0%| F|  |TAMS 0x000000061a800000| PB 0x000000061a800000| Untracked |  0
|  107|0x000000061ac00000, 0x000000061ac00000, 0x000000061b000000|  0%| F|  |TAMS 0x000000061ac00000| PB 0x000000061ac00000| Untracked |  0
|  108|0x000000061b000000, 0x000000061b000000, 0x000000061b400000|  0%| F|  |TAMS 0x000000061b000000| PB 0x000000061b000000| Untracked |  0
|  109|0x000000061b400000, 0x000000061b400000, 0x000000061b800000|  0%| F|  |TAMS 0x000000061b400000| PB 0x000000061b400000| Untracked |  0
|  110|0x000000061b800000, 0x000000061b800000, 0x000000061bc00000|  0%| F|  |TAMS 0x000000061b800000| PB 0x000000061b800000| Untracked |  0
|  111|0x000000061bc00000, 0x000000061bc00000, 0x000000061c000000|  0%| F|  |TAMS 0x000000061bc00000| PB 0x000000061bc00000| Untracked |  0
|  112|0x000000061c000000, 0x000000061c000000, 0x000000061c400000|  0%| F|  |TAMS 0x000000061c000000| PB 0x000000061c000000| Untracked |  0
|  113|0x000000061c400000, 0x000000061c400000, 0x000000061c800000|  0%| F|  |TAMS 0x000000061c400000| PB 0x000000061c400000| Untracked |  0
|  114|0x000000061c800000, 0x000000061c800000, 0x000000061cc00000|  0%| F|  |TAMS 0x000000061c800000| PB 0x000000061c800000| Untracked |  0
|  115|0x000000061cc00000, 0x000000061cc00000, 0x000000061d000000|  0%| F|  |TAMS 0x000000061cc00000| PB 0x000000061cc00000| Untracked |  0
|  116|0x000000061d000000, 0x000000061d000000, 0x000000061d400000|  0%| F|  |TAMS 0x000000061d000000| PB 0x000000061d000000| Untracked |  0
|  117|0x000000061d400000, 0x000000061d400000, 0x000000061d800000|  0%| F|  |TAMS 0x000000061d400000| PB 0x000000061d400000| Untracked |  0
|  118|0x000000061d800000, 0x000000061d800000, 0x000000061dc00000|  0%| F|  |TAMS 0x000000061d800000| PB 0x000000061d800000| Untracked |  0
|  119|0x000000061dc00000, 0x000000061dc00000, 0x000000061e000000|  0%| F|  |TAMS 0x000000061dc00000| PB 0x000000061dc00000| Untracked |  0
|  120|0x000000061e000000, 0x000000061e000000, 0x000000061e400000|  0%| F|  |TAMS 0x000000061e000000| PB 0x000000061e000000| Untracked |  0
|  121|0x000000061e400000, 0x000000061e400000, 0x000000061e800000|  0%| F|  |TAMS 0x000000061e400000| PB 0x000000061e400000| Untracked |  0
|  122|0x000000061e800000, 0x000000061e800000, 0x000000061ec00000|  0%| F|  |TAMS 0x000000061e800000| PB 0x000000061e800000| Untracked |  0
|  123|0x000000061ec00000, 0x000000061ec00000, 0x000000061f000000|  0%| F|  |TAMS 0x000000061ec00000| PB 0x000000061ec00000| Untracked |  0
|  124|0x000000061f000000, 0x000000061f000000, 0x000000061f400000|  0%| F|  |TAMS 0x000000061f000000| PB 0x000000061f000000| Untracked |  0
|  125|0x000000061f400000, 0x000000061f400000, 0x000000061f800000|  0%| F|  |TAMS 0x000000061f400000| PB 0x000000061f400000| Untracked |  0
|  126|0x000000061f800000, 0x000000061f800000, 0x000000061fc00000|  0%| F|  |TAMS 0x000000061f800000| PB 0x000000061f800000| Untracked |  0
|  127|0x000000061fc00000, 0x000000061fc00000, 0x0000000620000000|  0%| F|  |TAMS 0x000000061fc00000| PB 0x000000061fc00000| Untracked |  0
|  128|0x0000000620000000, 0x0000000620000000, 0x0000000620400000|  0%| F|  |TAMS 0x0000000620000000| PB 0x0000000620000000| Untracked |  0
|  129|0x0000000620400000, 0x0000000620400000, 0x0000000620800000|  0%| F|  |TAMS 0x0000000620400000| PB 0x0000000620400000| Untracked |  0
|  130|0x0000000620800000, 0x0000000620800000, 0x0000000620c00000|  0%| F|  |TAMS 0x0000000620800000| PB 0x0000000620800000| Untracked |  0
|  131|0x0000000620c00000, 0x0000000620c00000, 0x0000000621000000|  0%| F|  |TAMS 0x0000000620c00000| PB 0x0000000620c00000| Untracked |  0
|  132|0x0000000621000000, 0x0000000621000000, 0x0000000621400000|  0%| F|  |TAMS 0x0000000621000000| PB 0x0000000621000000| Untracked |  0
|  133|0x0000000621400000, 0x0000000621400000, 0x0000000621800000|  0%| F|  |TAMS 0x0000000621400000| PB 0x0000000621400000| Untracked |  0
|  134|0x0000000621800000, 0x0000000621800000, 0x0000000621c00000|  0%| F|  |TAMS 0x0000000621800000| PB 0x0000000621800000| Untracked |  0
|  135|0x0000000621c00000, 0x0000000621c00000, 0x0000000622000000|  0%| F|  |TAMS 0x0000000621c00000| PB 0x0000000621c00000| Untracked |  0
|  136|0x0000000622000000, 0x0000000622000000, 0x0000000622400000|  0%| F|  |TAMS 0x0000000622000000| PB 0x0000000622000000| Untracked |  0
|  137|0x0000000622400000, 0x0000000622400000, 0x0000000622800000|  0%| F|  |TAMS 0x0000000622400000| PB 0x0000000622400000| Untracked |  0
|  138|0x0000000622800000, 0x0000000622800000, 0x0000000622c00000|  0%| F|  |TAMS 0x0000000622800000| PB 0x0000000622800000| Untracked |  0
|  139|0x0000000622c00000, 0x0000000622c00000, 0x0000000623000000|  0%| F|  |TAMS 0x0000000622c00000| PB 0x0000000622c00000| Untracked |  0
|  140|0x0000000623000000, 0x0000000623000000, 0x0000000623400000|  0%| F|  |TAMS 0x0000000623000000| PB 0x0000000623000000| Untracked |  0
|  141|0x0000000623400000, 0x0000000623400000, 0x0000000623800000|  0%| F|  |TAMS 0x0000000623400000| PB 0x0000000623400000| Untracked |  0
|  142|0x0000000623800000, 0x0000000623800000, 0x0000000623c00000|  0%| F|  |TAMS 0x0000000623800000| PB 0x0000000623800000| Untracked |  0
|  143|0x0000000623c00000, 0x0000000623c00000, 0x0000000624000000|  0%| F|  |TAMS 0x0000000623c00000| PB 0x0000000623c00000| Untracked |  0
|  144|0x0000000624000000, 0x0000000624000000, 0x0000000624400000|  0%| F|  |TAMS 0x0000000624000000| PB 0x0000000624000000| Untracked |  0
|  145|0x0000000624400000, 0x0000000624400000, 0x0000000624800000|  0%| F|  |TAMS 0x0000000624400000| PB 0x0000000624400000| Untracked |  0
|  146|0x0000000624800000, 0x0000000624800000, 0x0000000624c00000|  0%| F|  |TAMS 0x0000000624800000| PB 0x0000000624800000| Untracked |  0
|  147|0x0000000624c00000, 0x0000000624c00000, 0x0000000625000000|  0%| F|  |TAMS 0x0000000624c00000| PB 0x0000000624c00000| Untracked |  0
|  148|0x0000000625000000, 0x0000000625000000, 0x0000000625400000|  0%| F|  |TAMS 0x0000000625000000| PB 0x0000000625000000| Untracked |  0
|  149|0x0000000625400000, 0x0000000625400000, 0x0000000625800000|  0%| F|  |TAMS 0x0000000625400000| PB 0x0000000625400000| Untracked |  0
|  150|0x0000000625800000, 0x0000000625800000, 0x0000000625c00000|  0%| F|  |TAMS 0x0000000625800000| PB 0x0000000625800000| Untracked |  0
|  151|0x0000000625c00000, 0x0000000625c00000, 0x0000000626000000|  0%| F|  |TAMS 0x0000000625c00000| PB 0x0000000625c00000| Untracked |  0
|  152|0x0000000626000000, 0x0000000626000000, 0x0000000626400000|  0%| F|  |TAMS 0x0000000626000000| PB 0x0000000626000000| Untracked |  0
|  153|0x0000000626400000, 0x0000000626400000, 0x0000000626800000|  0%| F|  |TAMS 0x0000000626400000| PB 0x0000000626400000| Untracked |  0
|  154|0x0000000626800000, 0x0000000626800000, 0x0000000626c00000|  0%| F|  |TAMS 0x0000000626800000| PB 0x0000000626800000| Untracked |  0
|  155|0x0000000626c00000, 0x0000000626c00000, 0x0000000627000000|  0%| F|  |TAMS 0x0000000626c00000| PB 0x0000000626c00000| Untracked |  0
|  156|0x0000000627000000, 0x0000000627000000, 0x0000000627400000|  0%| F|  |TAMS 0x0000000627000000| PB 0x0000000627000000| Untracked |  0
|  157|0x0000000627400000, 0x0000000627400000, 0x0000000627800000|  0%| F|  |TAMS 0x0000000627400000| PB 0x0000000627400000| Untracked |  0
|  158|0x0000000627800000, 0x0000000627800000, 0x0000000627c00000|  0%| F|  |TAMS 0x0000000627800000| PB 0x0000000627800000| Untracked |  0
|  159|0x0000000627c00000, 0x0000000627c00000, 0x0000000628000000|  0%| F|  |TAMS 0x0000000627c00000| PB 0x0000000627c00000| Untracked |  0
|  160|0x0000000628000000, 0x0000000628000000, 0x0000000628400000|  0%| F|  |TAMS 0x0000000628000000| PB 0x0000000628000000| Untracked |  0
|  161|0x0000000628400000, 0x0000000628400000, 0x0000000628800000|  0%| F|  |TAMS 0x0000000628400000| PB 0x0000000628400000| Untracked |  0
|  162|0x0000000628800000, 0x0000000628800000, 0x0000000628c00000|  0%| F|  |TAMS 0x0000000628800000| PB 0x0000000628800000| Untracked |  0
|  163|0x0000000628c00000, 0x0000000628c00000, 0x0000000629000000|  0%| F|  |TAMS 0x0000000628c00000| PB 0x0000000628c00000| Untracked |  0
|  164|0x0000000629000000, 0x0000000629000000, 0x0000000629400000|  0%| F|  |TAMS 0x0000000629000000| PB 0x0000000629000000| Untracked |  0
|  165|0x0000000629400000, 0x0000000629400000, 0x0000000629800000|  0%| F|  |TAMS 0x0000000629400000| PB 0x0000000629400000| Untracked |  0
|  166|0x0000000629800000, 0x0000000629800000, 0x0000000629c00000|  0%| F|  |TAMS 0x0000000629800000| PB 0x0000000629800000| Untracked |  0
|  167|0x0000000629c00000, 0x0000000629c00000, 0x000000062a000000|  0%| F|  |TAMS 0x0000000629c00000| PB 0x0000000629c00000| Untracked |  0
|  168|0x000000062a000000, 0x000000062a000000, 0x000000062a400000|  0%| F|  |TAMS 0x000000062a000000| PB 0x000000062a000000| Untracked |  0
|  169|0x000000062a400000, 0x000000062a400000, 0x000000062a800000|  0%| F|  |TAMS 0x000000062a400000| PB 0x000000062a400000| Untracked |  0
|  170|0x000000062a800000, 0x000000062a800000, 0x000000062ac00000|  0%| F|  |TAMS 0x000000062a800000| PB 0x000000062a800000| Untracked |  0
|  171|0x000000062ac00000, 0x000000062ac00000, 0x000000062b000000|  0%| F|  |TAMS 0x000000062ac00000| PB 0x000000062ac00000| Untracked |  0
|  172|0x000000062b000000, 0x000000062b000000, 0x000000062b400000|  0%| F|  |TAMS 0x000000062b000000| PB 0x000000062b000000| Untracked |  0
|  173|0x000000062b400000, 0x000000062b400000, 0x000000062b800000|  0%| F|  |TAMS 0x000000062b400000| PB 0x000000062b400000| Untracked |  0
|  174|0x000000062b800000, 0x000000062b800000, 0x000000062bc00000|  0%| F|  |TAMS 0x000000062b800000| PB 0x000000062b800000| Untracked |  0
|  175|0x000000062bc00000, 0x000000062bc00000, 0x000000062c000000|  0%| F|  |TAMS 0x000000062bc00000| PB 0x000000062bc00000| Untracked |  0
|  176|0x000000062c000000, 0x000000062c000000, 0x000000062c400000|  0%| F|  |TAMS 0x000000062c000000| PB 0x000000062c000000| Untracked |  0
|  177|0x000000062c400000, 0x000000062c400000, 0x000000062c800000|  0%| F|  |TAMS 0x000000062c400000| PB 0x000000062c400000| Untracked |  0
|  178|0x000000062c800000, 0x000000062c800000, 0x000000062cc00000|  0%| F|  |TAMS 0x000000062c800000| PB 0x000000062c800000| Untracked |  0
|  179|0x000000062cc00000, 0x000000062cc00000, 0x000000062d000000|  0%| F|  |TAMS 0x000000062cc00000| PB 0x000000062cc00000| Untracked |  0
|  180|0x000000062d000000, 0x000000062d000000, 0x000000062d400000|  0%| F|  |TAMS 0x000000062d000000| PB 0x000000062d000000| Untracked |  0
|  181|0x000000062d400000, 0x000000062d400000, 0x000000062d800000|  0%| F|  |TAMS 0x000000062d400000| PB 0x000000062d400000| Untracked |  0
|  182|0x000000062d800000, 0x000000062d800000, 0x000000062dc00000|  0%| F|  |TAMS 0x000000062d800000| PB 0x000000062d800000| Untracked |  0
|  183|0x000000062dc00000, 0x000000062dc00000, 0x000000062e000000|  0%| F|  |TAMS 0x000000062dc00000| PB 0x000000062dc00000| Untracked |  0
|  184|0x000000062e000000, 0x000000062e000000, 0x000000062e400000|  0%| F|  |TAMS 0x000000062e000000| PB 0x000000062e000000| Untracked |  0
|  185|0x000000062e400000, 0x000000062e400000, 0x000000062e800000|  0%| F|  |TAMS 0x000000062e400000| PB 0x000000062e400000| Untracked |  0
|  186|0x000000062e800000, 0x000000062e800000, 0x000000062ec00000|  0%| F|  |TAMS 0x000000062e800000| PB 0x000000062e800000| Untracked |  0
|  187|0x000000062ec00000, 0x000000062ec00000, 0x000000062f000000|  0%| F|  |TAMS 0x000000062ec00000| PB 0x000000062ec00000| Untracked |  0
|  188|0x000000062f000000, 0x000000062f000000, 0x000000062f400000|  0%| F|  |TAMS 0x000000062f000000| PB 0x000000062f000000| Untracked |  0
|  189|0x000000062f400000, 0x000000062f400000, 0x000000062f800000|  0%| F|  |TAMS 0x000000062f400000| PB 0x000000062f400000| Untracked |  0
|  190|0x000000062f800000, 0x000000062f800000, 0x000000062fc00000|  0%| F|  |TAMS 0x000000062f800000| PB 0x000000062f800000| Untracked |  0
|  191|0x000000062fc00000, 0x000000062fc00000, 0x0000000630000000|  0%| F|  |TAMS 0x000000062fc00000| PB 0x000000062fc00000| Untracked |  0
|  192|0x0000000630000000, 0x0000000630000000, 0x0000000630400000|  0%| F|  |TAMS 0x0000000630000000| PB 0x0000000630000000| Untracked |  0
|  193|0x0000000630400000, 0x0000000630400000, 0x0000000630800000|  0%| F|  |TAMS 0x0000000630400000| PB 0x0000000630400000| Untracked |  0
|  194|0x0000000630800000, 0x0000000630800000, 0x0000000630c00000|  0%| F|  |TAMS 0x0000000630800000| PB 0x0000000630800000| Untracked |  0
|  195|0x0000000630c00000, 0x0000000630c00000, 0x0000000631000000|  0%| F|  |TAMS 0x0000000630c00000| PB 0x0000000630c00000| Untracked |  0
|  196|0x0000000631000000, 0x0000000631000000, 0x0000000631400000|  0%| F|  |TAMS 0x0000000631000000| PB 0x0000000631000000| Untracked |  0
|  197|0x0000000631400000, 0x0000000631400000, 0x0000000631800000|  0%| F|  |TAMS 0x0000000631400000| PB 0x0000000631400000| Untracked |  0
|  198|0x0000000631800000, 0x0000000631800000, 0x0000000631c00000|  0%| F|  |TAMS 0x0000000631800000| PB 0x0000000631800000| Untracked |  0
|  199|0x0000000631c00000, 0x0000000631c00000, 0x0000000632000000|  0%| F|  |TAMS 0x0000000631c00000| PB 0x0000000631c00000| Untracked |  0
|  200|0x0000000632000000, 0x0000000632000000, 0x0000000632400000|  0%| F|  |TAMS 0x0000000632000000| PB 0x0000000632000000| Untracked |  0
|  201|0x0000000632400000, 0x0000000632400000, 0x0000000632800000|  0%| F|  |TAMS 0x0000000632400000| PB 0x0000000632400000| Untracked |  0
|  202|0x0000000632800000, 0x0000000632800000, 0x0000000632c00000|  0%| F|  |TAMS 0x0000000632800000| PB 0x0000000632800000| Untracked |  0
|  203|0x0000000632c00000, 0x0000000632c00000, 0x0000000633000000|  0%| F|  |TAMS 0x0000000632c00000| PB 0x0000000632c00000| Untracked |  0
|  204|0x0000000633000000, 0x0000000633000000, 0x0000000633400000|  0%| F|  |TAMS 0x0000000633000000| PB 0x0000000633000000| Untracked |  0
|  205|0x0000000633400000, 0x0000000633400000, 0x0000000633800000|  0%| F|  |TAMS 0x0000000633400000| PB 0x0000000633400000| Untracked |  0
|  206|0x0000000633800000, 0x0000000633800000, 0x0000000633c00000|  0%| F|  |TAMS 0x0000000633800000| PB 0x0000000633800000| Untracked |  0
|  207|0x0000000633c00000, 0x0000000633c00000, 0x0000000634000000|  0%| F|  |TAMS 0x0000000633c00000| PB 0x0000000633c00000| Untracked |  0
|  208|0x0000000634000000, 0x0000000634000000, 0x0000000634400000|  0%| F|  |TAMS 0x0000000634000000| PB 0x0000000634000000| Untracked |  0
|  209|0x0000000634400000, 0x0000000634400000, 0x0000000634800000|  0%| F|  |TAMS 0x0000000634400000| PB 0x0000000634400000| Untracked |  0
|  210|0x0000000634800000, 0x0000000634800000, 0x0000000634c00000|  0%| F|  |TAMS 0x0000000634800000| PB 0x0000000634800000| Untracked |  0
|  211|0x0000000634c00000, 0x0000000634c00000, 0x0000000635000000|  0%| F|  |TAMS 0x0000000634c00000| PB 0x0000000634c00000| Untracked |  0
|  212|0x0000000635000000, 0x0000000635000000, 0x0000000635400000|  0%| F|  |TAMS 0x0000000635000000| PB 0x0000000635000000| Untracked |  0
|  213|0x0000000635400000, 0x0000000635400000, 0x0000000635800000|  0%| F|  |TAMS 0x0000000635400000| PB 0x0000000635400000| Untracked |  0
|  214|0x0000000635800000, 0x0000000635800000, 0x0000000635c00000|  0%| F|  |TAMS 0x0000000635800000| PB 0x0000000635800000| Untracked |  0
|  215|0x0000000635c00000, 0x0000000635c00000, 0x0000000636000000|  0%| F|  |TAMS 0x0000000635c00000| PB 0x0000000635c00000| Untracked |  0
|  216|0x0000000636000000, 0x0000000636000000, 0x0000000636400000|  0%| F|  |TAMS 0x0000000636000000| PB 0x0000000636000000| Untracked |  0
|  217|0x0000000636400000, 0x0000000636400000, 0x0000000636800000|  0%| F|  |TAMS 0x0000000636400000| PB 0x0000000636400000| Untracked |  0
|  218|0x0000000636800000, 0x0000000636800000, 0x0000000636c00000|  0%| F|  |TAMS 0x0000000636800000| PB 0x0000000636800000| Untracked |  0
|  219|0x0000000636c00000, 0x0000000636c00000, 0x0000000637000000|  0%| F|  |TAMS 0x0000000636c00000| PB 0x0000000636c00000| Untracked |  0
|  220|0x0000000637000000, 0x0000000637000000, 0x0000000637400000|  0%| F|  |TAMS 0x0000000637000000| PB 0x0000000637000000| Untracked |  0
|  221|0x0000000637400000, 0x0000000637400000, 0x0000000637800000|  0%| F|  |TAMS 0x0000000637400000| PB 0x0000000637400000| Untracked |  0
|  222|0x0000000637800000, 0x0000000637800000, 0x0000000637c00000|  0%| F|  |TAMS 0x0000000637800000| PB 0x0000000637800000| Untracked |  0
|  223|0x0000000637c00000, 0x0000000637c00000, 0x0000000638000000|  0%| F|  |TAMS 0x0000000637c00000| PB 0x0000000637c00000| Untracked |  0
|  224|0x0000000638000000, 0x0000000638000000, 0x0000000638400000|  0%| F|  |TAMS 0x0000000638000000| PB 0x0000000638000000| Untracked |  0
|  225|0x0000000638400000, 0x0000000638400000, 0x0000000638800000|  0%| F|  |TAMS 0x0000000638400000| PB 0x0000000638400000| Untracked |  0
|  226|0x0000000638800000, 0x0000000638800000, 0x0000000638c00000|  0%| F|  |TAMS 0x0000000638800000| PB 0x0000000638800000| Untracked |  0
|  227|0x0000000638c00000, 0x0000000638c00000, 0x0000000639000000|  0%| F|  |TAMS 0x0000000638c00000| PB 0x0000000638c00000| Untracked |  0
|  228|0x0000000639000000, 0x0000000639000000, 0x0000000639400000|  0%| F|  |TAMS 0x0000000639000000| PB 0x0000000639000000| Untracked |  0
|  229|0x0000000639400000, 0x0000000639400000, 0x0000000639800000|  0%| F|  |TAMS 0x0000000639400000| PB 0x0000000639400000| Untracked |  0
|  230|0x0000000639800000, 0x0000000639800000, 0x0000000639c00000|  0%| F|  |TAMS 0x0000000639800000| PB 0x0000000639800000| Untracked |  0
|  231|0x0000000639c00000, 0x0000000639c00000, 0x000000063a000000|  0%| F|  |TAMS 0x0000000639c00000| PB 0x0000000639c00000| Untracked |  0
|  232|0x000000063a000000, 0x000000063a000000, 0x000000063a400000|  0%| F|  |TAMS 0x000000063a000000| PB 0x000000063a000000| Untracked |  0
|  233|0x000000063a400000, 0x000000063a400000, 0x000000063a800000|  0%| F|  |TAMS 0x000000063a400000| PB 0x000000063a400000| Untracked |  0
|  234|0x000000063a800000, 0x000000063a800000, 0x000000063ac00000|  0%| F|  |TAMS 0x000000063a800000| PB 0x000000063a800000| Untracked |  0
|  235|0x000000063ac00000, 0x000000063ac00000, 0x000000063b000000|  0%| F|  |TAMS 0x000000063ac00000| PB 0x000000063ac00000| Untracked |  0
|  236|0x000000063b000000, 0x000000063b000000, 0x000000063b400000|  0%| F|  |TAMS 0x000000063b000000| PB 0x000000063b000000| Untracked |  0
|  237|0x000000063b400000, 0x000000063b400000, 0x000000063b800000|  0%| F|  |TAMS 0x000000063b400000| PB 0x000000063b400000| Untracked |  0
|  238|0x000000063b800000, 0x000000063b800000, 0x000000063bc00000|  0%| F|  |TAMS 0x000000063b800000| PB 0x000000063b800000| Untracked |  0
|  239|0x000000063bc00000, 0x000000063bc00000, 0x000000063c000000|  0%| F|  |TAMS 0x000000063bc00000| PB 0x000000063bc00000| Untracked |  0
|  240|0x000000063c000000, 0x000000063c000000, 0x000000063c400000|  0%| F|  |TAMS 0x000000063c000000| PB 0x000000063c000000| Untracked |  0
|  241|0x000000063c400000, 0x000000063c400000, 0x000000063c800000|  0%| F|  |TAMS 0x000000063c400000| PB 0x000000063c400000| Untracked |  0
|  242|0x000000063c800000, 0x000000063c800000, 0x000000063cc00000|  0%| F|  |TAMS 0x000000063c800000| PB 0x000000063c800000| Untracked |  0
|  243|0x000000063cc00000, 0x000000063cc00000, 0x000000063d000000|  0%| F|  |TAMS 0x000000063cc00000| PB 0x000000063cc00000| Untracked |  0
|  244|0x000000063d000000, 0x000000063d1e78e0, 0x000000063d400000| 47%| E|CS|TAMS 0x000000063d000000| PB 0x000000063d000000| Complete  |  0
|  245|0x000000063d400000, 0x000000063d800000, 0x000000063d800000|100%| E|CS|TAMS 0x000000063d400000| PB 0x000000063d400000| Complete  |  0
|  246|0x000000063d800000, 0x000000063dc00000, 0x000000063dc00000|100%| E|CS|TAMS 0x000000063d800000| PB 0x000000063d800000| Complete  |  0
|  247|0x000000063dc00000, 0x000000063e000000, 0x000000063e000000|100%| E|CS|TAMS 0x000000063dc00000| PB 0x000000063dc00000| Complete  |  0
|  248|0x000000063e000000, 0x000000063e400000, 0x000000063e400000|100%| E|CS|TAMS 0x000000063e000000| PB 0x000000063e000000| Complete  |  0
|  249|0x000000063e400000, 0x000000063e800000, 0x000000063e800000|100%| E|CS|TAMS 0x000000063e400000| PB 0x000000063e400000| Complete  |  0
|  250|0x000000063e800000, 0x000000063ec00000, 0x000000063ec00000|100%| E|CS|TAMS 0x000000063e800000| PB 0x000000063e800000| Complete  |  0
|  251|0x000000063ec00000, 0x000000063f000000, 0x000000063f000000|100%| E|CS|TAMS 0x000000063ec00000| PB 0x000000063ec00000| Complete  |  0
|  252|0x000000063f000000, 0x000000063f400000, 0x000000063f400000|100%| E|CS|TAMS 0x000000063f000000| PB 0x000000063f000000| Complete  |  0
|  253|0x000000063f400000, 0x000000063f800000, 0x000000063f800000|100%| E|CS|TAMS 0x000000063f400000| PB 0x000000063f400000| Complete  |  0
|  254|0x000000063f800000, 0x000000063fc00000, 0x000000063fc00000|100%| E|CS|TAMS 0x000000063f800000| PB 0x000000063f800000| Complete  |  0
|  255|0x000000063fc00000, 0x0000000640000000, 0x0000000640000000|100%| E|CS|TAMS 0x000000063fc00000| PB 0x000000063fc00000| Complete  |  0
|  256|0x0000000640000000, 0x0000000640400000, 0x0000000640400000|100%| E|CS|TAMS 0x0000000640000000| PB 0x0000000640000000| Complete  |  0
|  257|0x0000000640400000, 0x0000000640800000, 0x0000000640800000|100%| E|CS|TAMS 0x0000000640400000| PB 0x0000000640400000| Complete  |  0
|  258|0x0000000640800000, 0x0000000640c00000, 0x0000000640c00000|100%| E|CS|TAMS 0x0000000640800000| PB 0x0000000640800000| Complete  |  0
|  259|0x0000000640c00000, 0x0000000641000000, 0x0000000641000000|100%| E|CS|TAMS 0x0000000640c00000| PB 0x0000000640c00000| Complete  |  0
|  260|0x0000000641000000, 0x0000000641400000, 0x0000000641400000|100%| E|CS|TAMS 0x0000000641000000| PB 0x0000000641000000| Complete  |  0
|  261|0x0000000641400000, 0x0000000641800000, 0x0000000641800000|100%| E|CS|TAMS 0x0000000641400000| PB 0x0000000641400000| Complete  |  0
|  262|0x0000000641800000, 0x0000000641c00000, 0x0000000641c00000|100%| E|CS|TAMS 0x0000000641800000| PB 0x0000000641800000| Complete  |  0
|  263|0x0000000641c00000, 0x0000000642000000, 0x0000000642000000|100%| E|CS|TAMS 0x0000000641c00000| PB 0x0000000641c00000| Complete  |  0
|  264|0x0000000642000000, 0x0000000642400000, 0x0000000642400000|100%| E|CS|TAMS 0x0000000642000000| PB 0x0000000642000000| Complete  |  0
|  265|0x0000000642400000, 0x0000000642800000, 0x0000000642800000|100%| E|CS|TAMS 0x0000000642400000| PB 0x0000000642400000| Complete  |  0
|  266|0x0000000642800000, 0x0000000642c00000, 0x0000000642c00000|100%| E|CS|TAMS 0x0000000642800000| PB 0x0000000642800000| Complete  |  0
|  267|0x0000000642c00000, 0x0000000643000000, 0x0000000643000000|100%| E|CS|TAMS 0x0000000642c00000| PB 0x0000000642c00000| Complete  |  0
|  268|0x0000000643000000, 0x0000000643400000, 0x0000000643400000|100%| E|CS|TAMS 0x0000000643000000| PB 0x0000000643000000| Complete  |  0
|  269|0x0000000643400000, 0x0000000643800000, 0x0000000643800000|100%| E|CS|TAMS 0x0000000643400000| PB 0x0000000643400000| Complete  |  0
|  270|0x0000000643800000, 0x0000000643c00000, 0x0000000643c00000|100%| E|CS|TAMS 0x0000000643800000| PB 0x0000000643800000| Complete  |  0
|  271|0x0000000643c00000, 0x0000000644000000, 0x0000000644000000|100%| E|CS|TAMS 0x0000000643c00000| PB 0x0000000643c00000| Complete  |  0
|  272|0x0000000644000000, 0x0000000644400000, 0x0000000644400000|100%| E|CS|TAMS 0x0000000644000000| PB 0x0000000644000000| Complete  |  0
|  273|0x0000000644400000, 0x0000000644800000, 0x0000000644800000|100%| E|CS|TAMS 0x0000000644400000| PB 0x0000000644400000| Complete  |  0
|  274|0x0000000644800000, 0x0000000644c00000, 0x0000000644c00000|100%| E|CS|TAMS 0x0000000644800000| PB 0x0000000644800000| Complete  |  0
|  275|0x0000000644c00000, 0x0000000645000000, 0x0000000645000000|100%| E|CS|TAMS 0x0000000644c00000| PB 0x0000000644c00000| Complete  |  0
|  276|0x0000000645000000, 0x0000000645400000, 0x0000000645400000|100%| E|CS|TAMS 0x0000000645000000| PB 0x0000000645000000| Complete  |  0
|  277|0x0000000645400000, 0x0000000645800000, 0x0000000645800000|100%| E|CS|TAMS 0x0000000645400000| PB 0x0000000645400000| Complete  |  0
|  278|0x0000000645800000, 0x0000000645c00000, 0x0000000645c00000|100%| E|CS|TAMS 0x0000000645800000| PB 0x0000000645800000| Complete  |  0
|  279|0x0000000645c00000, 0x0000000646000000, 0x0000000646000000|100%| E|CS|TAMS 0x0000000645c00000| PB 0x0000000645c00000| Complete  |  0
|  280|0x0000000646000000, 0x0000000646400000, 0x0000000646400000|100%| E|CS|TAMS 0x0000000646000000| PB 0x0000000646000000| Complete  |  0
|  281|0x0000000646400000, 0x0000000646800000, 0x0000000646800000|100%| E|CS|TAMS 0x0000000646400000| PB 0x0000000646400000| Complete  |  0
|  282|0x0000000646800000, 0x0000000646c00000, 0x0000000646c00000|100%| E|CS|TAMS 0x0000000646800000| PB 0x0000000646800000| Complete  |  0
|  283|0x0000000646c00000, 0x0000000647000000, 0x0000000647000000|100%| E|CS|TAMS 0x0000000646c00000| PB 0x0000000646c00000| Complete  |  0
|  284|0x0000000647000000, 0x0000000647400000, 0x0000000647400000|100%| E|CS|TAMS 0x0000000647000000| PB 0x0000000647000000| Complete  |  0
|  285|0x0000000647400000, 0x0000000647800000, 0x0000000647800000|100%| E|CS|TAMS 0x0000000647400000| PB 0x0000000647400000| Complete  |  0
|  286|0x0000000647800000, 0x0000000647c00000, 0x0000000647c00000|100%| E|CS|TAMS 0x0000000647800000| PB 0x0000000647800000| Complete  |  0
|  287|0x0000000647c00000, 0x0000000648000000, 0x0000000648000000|100%| E|CS|TAMS 0x0000000647c00000| PB 0x0000000647c00000| Complete  |  0
|  288|0x0000000648000000, 0x0000000648400000, 0x0000000648400000|100%| E|CS|TAMS 0x0000000648000000| PB 0x0000000648000000| Complete  |  0
|  289|0x0000000648400000, 0x0000000648800000, 0x0000000648800000|100%| E|CS|TAMS 0x0000000648400000| PB 0x0000000648400000| Complete  |  0
|  290|0x0000000648800000, 0x0000000648c00000, 0x0000000648c00000|100%| E|CS|TAMS 0x0000000648800000| PB 0x0000000648800000| Complete  |  0
|  291|0x0000000648c00000, 0x0000000649000000, 0x0000000649000000|100%| E|CS|TAMS 0x0000000648c00000| PB 0x0000000648c00000| Complete  |  0
|  292|0x0000000649000000, 0x0000000649400000, 0x0000000649400000|100%| E|CS|TAMS 0x0000000649000000| PB 0x0000000649000000| Complete  |  0
|  293|0x0000000649400000, 0x0000000649800000, 0x0000000649800000|100%| E|CS|TAMS 0x0000000649400000| PB 0x0000000649400000| Complete  |  0
|  294|0x0000000649800000, 0x0000000649c00000, 0x0000000649c00000|100%| E|CS|TAMS 0x0000000649800000| PB 0x0000000649800000| Complete  |  0
|  295|0x0000000649c00000, 0x000000064a000000, 0x000000064a000000|100%| E|CS|TAMS 0x0000000649c00000| PB 0x0000000649c00000| Complete  |  0
|  296|0x000000064a000000, 0x000000064a400000, 0x000000064a400000|100%| E|CS|TAMS 0x000000064a000000| PB 0x000000064a000000| Complete  |  0
|  297|0x000000064a400000, 0x000000064a800000, 0x000000064a800000|100%| E|CS|TAMS 0x000000064a400000| PB 0x000000064a400000| Complete  |  0
|  298|0x000000064a800000, 0x000000064ac00000, 0x000000064ac00000|100%| E|CS|TAMS 0x000000064a800000| PB 0x000000064a800000| Complete  |  0
|  299|0x000000064ac00000, 0x000000064b000000, 0x000000064b000000|100%| E|CS|TAMS 0x000000064ac00000| PB 0x000000064ac00000| Complete  |  0
|  300|0x000000064b000000, 0x000000064b400000, 0x000000064b400000|100%| E|CS|TAMS 0x000000064b000000| PB 0x000000064b000000| Complete  |  0
|  301|0x000000064b400000, 0x000000064b800000, 0x000000064b800000|100%| E|CS|TAMS 0x000000064b400000| PB 0x000000064b400000| Complete  |  0
|  302|0x000000064b800000, 0x000000064bc00000, 0x000000064bc00000|100%| E|CS|TAMS 0x000000064b800000| PB 0x000000064b800000| Complete  |  0
|  303|0x000000064bc00000, 0x000000064c000000, 0x000000064c000000|100%| E|CS|TAMS 0x000000064bc00000| PB 0x000000064bc00000| Complete  |  0
|  304|0x000000064c000000, 0x000000064c400000, 0x000000064c400000|100%| E|CS|TAMS 0x000000064c000000| PB 0x000000064c000000| Complete  |  0
|  305|0x000000064c400000, 0x000000064c800000, 0x000000064c800000|100%| E|CS|TAMS 0x000000064c400000| PB 0x000000064c400000| Complete  |  0
|  306|0x000000064c800000, 0x000000064cc00000, 0x000000064cc00000|100%| E|CS|TAMS 0x000000064c800000| PB 0x000000064c800000| Complete  |  0
|  307|0x000000064cc00000, 0x000000064d000000, 0x000000064d000000|100%| E|CS|TAMS 0x000000064cc00000| PB 0x000000064cc00000| Complete  |  0
|  308|0x000000064d000000, 0x000000064d400000, 0x000000064d400000|100%| E|CS|TAMS 0x000000064d000000| PB 0x000000064d000000| Complete  |  0
|  309|0x000000064d400000, 0x000000064d800000, 0x000000064d800000|100%| E|CS|TAMS 0x000000064d400000| PB 0x000000064d400000| Complete  |  0
|  310|0x000000064d800000, 0x000000064dc00000, 0x000000064dc00000|100%| E|CS|TAMS 0x000000064d800000| PB 0x000000064d800000| Complete  |  0
|  311|0x000000064dc00000, 0x000000064e000000, 0x000000064e000000|100%| E|CS|TAMS 0x000000064dc00000| PB 0x000000064dc00000| Complete  |  0
|  312|0x000000064e000000, 0x000000064e400000, 0x000000064e400000|100%| E|CS|TAMS 0x000000064e000000| PB 0x000000064e000000| Complete  |  0
|  313|0x000000064e400000, 0x000000064e800000, 0x000000064e800000|100%| E|CS|TAMS 0x000000064e400000| PB 0x000000064e400000| Complete  |  0
|  314|0x000000064e800000, 0x000000064ec00000, 0x000000064ec00000|100%| E|CS|TAMS 0x000000064e800000| PB 0x000000064e800000| Complete  |  0
|  315|0x000000064ec00000, 0x000000064f000000, 0x000000064f000000|100%| E|CS|TAMS 0x000000064ec00000| PB 0x000000064ec00000| Complete  |  0
|  316|0x000000064f000000, 0x000000064f400000, 0x000000064f400000|100%| E|CS|TAMS 0x000000064f000000| PB 0x000000064f000000| Complete  |  0
|  317|0x000000064f400000, 0x000000064f800000, 0x000000064f800000|100%| E|CS|TAMS 0x000000064f400000| PB 0x000000064f400000| Complete  |  0
|  318|0x000000064f800000, 0x000000064fc00000, 0x000000064fc00000|100%| E|CS|TAMS 0x000000064f800000| PB 0x000000064f800000| Complete  |  0
|  319|0x000000064fc00000, 0x0000000650000000, 0x0000000650000000|100%| E|CS|TAMS 0x000000064fc00000| PB 0x000000064fc00000| Complete  |  0
|  320|0x0000000650000000, 0x0000000650400000, 0x0000000650400000|100%| E|CS|TAMS 0x0000000650000000| PB 0x0000000650000000| Complete  |  0
|  321|0x0000000650400000, 0x0000000650800000, 0x0000000650800000|100%| E|CS|TAMS 0x0000000650400000| PB 0x0000000650400000| Complete  |  0
|  322|0x0000000650800000, 0x0000000650c00000, 0x0000000650c00000|100%| E|CS|TAMS 0x0000000650800000| PB 0x0000000650800000| Complete  |  0
|  323|0x0000000650c00000, 0x0000000651000000, 0x0000000651000000|100%| E|CS|TAMS 0x0000000650c00000| PB 0x0000000650c00000| Complete  |  0
|  324|0x0000000651000000, 0x0000000651400000, 0x0000000651400000|100%| E|CS|TAMS 0x0000000651000000| PB 0x0000000651000000| Complete  |  0
|  325|0x0000000651400000, 0x0000000651800000, 0x0000000651800000|100%| E|CS|TAMS 0x0000000651400000| PB 0x0000000651400000| Complete  |  0
|  326|0x0000000651800000, 0x0000000651c00000, 0x0000000651c00000|100%| E|CS|TAMS 0x0000000651800000| PB 0x0000000651800000| Complete  |  0
|  327|0x0000000651c00000, 0x0000000652000000, 0x0000000652000000|100%| E|CS|TAMS 0x0000000651c00000| PB 0x0000000651c00000| Complete  |  0
|  328|0x0000000652000000, 0x0000000652400000, 0x0000000652400000|100%| E|CS|TAMS 0x0000000652000000| PB 0x0000000652000000| Complete  |  0
|  329|0x0000000652400000, 0x0000000652800000, 0x0000000652800000|100%| E|CS|TAMS 0x0000000652400000| PB 0x0000000652400000| Complete  |  0
|  330|0x0000000652800000, 0x0000000652c00000, 0x0000000652c00000|100%| E|CS|TAMS 0x0000000652800000| PB 0x0000000652800000| Complete  |  0
|  331|0x0000000652c00000, 0x0000000653000000, 0x0000000653000000|100%| E|CS|TAMS 0x0000000652c00000| PB 0x0000000652c00000| Complete  |  0
|  332|0x0000000653000000, 0x0000000653400000, 0x0000000653400000|100%| E|CS|TAMS 0x0000000653000000| PB 0x0000000653000000| Complete  |  0
|  333|0x0000000653400000, 0x0000000653800000, 0x0000000653800000|100%| E|CS|TAMS 0x0000000653400000| PB 0x0000000653400000| Complete  |  0
|  334|0x0000000653800000, 0x0000000653c00000, 0x0000000653c00000|100%| E|CS|TAMS 0x0000000653800000| PB 0x0000000653800000| Complete  |  0
|  335|0x0000000653c00000, 0x0000000654000000, 0x0000000654000000|100%| E|CS|TAMS 0x0000000653c00000| PB 0x0000000653c00000| Complete  |  0
|  336|0x0000000654000000, 0x0000000654400000, 0x0000000654400000|100%| E|CS|TAMS 0x0000000654000000| PB 0x0000000654000000| Complete  |  0
|  337|0x0000000654400000, 0x0000000654800000, 0x0000000654800000|100%| E|CS|TAMS 0x0000000654400000| PB 0x0000000654400000| Complete  |  0
|  338|0x0000000654800000, 0x0000000654c00000, 0x0000000654c00000|100%| E|CS|TAMS 0x0000000654800000| PB 0x0000000654800000| Complete  |  0
|  339|0x0000000654c00000, 0x0000000655000000, 0x0000000655000000|100%| E|CS|TAMS 0x0000000654c00000| PB 0x0000000654c00000| Complete  |  0
|  340|0x0000000655000000, 0x0000000655400000, 0x0000000655400000|100%| E|CS|TAMS 0x0000000655000000| PB 0x0000000655000000| Complete  |  0
|  341|0x0000000655400000, 0x0000000655800000, 0x0000000655800000|100%| E|CS|TAMS 0x0000000655400000| PB 0x0000000655400000| Complete  |  0
|  342|0x0000000655800000, 0x0000000655c00000, 0x0000000655c00000|100%| E|CS|TAMS 0x0000000655800000| PB 0x0000000655800000| Complete  |  0
|  343|0x0000000655c00000, 0x0000000656000000, 0x0000000656000000|100%| E|CS|TAMS 0x0000000655c00000| PB 0x0000000655c00000| Complete  |  0
|  344|0x0000000656000000, 0x0000000656400000, 0x0000000656400000|100%| E|CS|TAMS 0x0000000656000000| PB 0x0000000656000000| Complete  |  0
|  345|0x0000000656400000, 0x0000000656800000, 0x0000000656800000|100%| E|CS|TAMS 0x0000000656400000| PB 0x0000000656400000| Complete  |  0
|  346|0x0000000656800000, 0x0000000656c00000, 0x0000000656c00000|100%| E|CS|TAMS 0x0000000656800000| PB 0x0000000656800000| Complete  |  0
|  347|0x0000000656c00000, 0x0000000657000000, 0x0000000657000000|100%| E|CS|TAMS 0x0000000656c00000| PB 0x0000000656c00000| Complete  |  0
|  348|0x0000000657000000, 0x0000000657400000, 0x0000000657400000|100%| E|CS|TAMS 0x0000000657000000| PB 0x0000000657000000| Complete  |  0
|  349|0x0000000657400000, 0x0000000657800000, 0x0000000657800000|100%| E|CS|TAMS 0x0000000657400000| PB 0x0000000657400000| Complete  |  0
|  350|0x0000000657800000, 0x0000000657c00000, 0x0000000657c00000|100%| E|CS|TAMS 0x0000000657800000| PB 0x0000000657800000| Complete  |  0
|  351|0x0000000657c00000, 0x0000000658000000, 0x0000000658000000|100%| E|CS|TAMS 0x0000000657c00000| PB 0x0000000657c00000| Complete  |  0
|  352|0x0000000658000000, 0x0000000658400000, 0x0000000658400000|100%| E|CS|TAMS 0x0000000658000000| PB 0x0000000658000000| Complete  |  0
|  353|0x0000000658400000, 0x0000000658800000, 0x0000000658800000|100%| E|CS|TAMS 0x0000000658400000| PB 0x0000000658400000| Complete  |  0
|  354|0x0000000658800000, 0x0000000658c00000, 0x0000000658c00000|100%| E|CS|TAMS 0x0000000658800000| PB 0x0000000658800000| Complete  |  0
|  355|0x0000000658c00000, 0x0000000659000000, 0x0000000659000000|100%| E|CS|TAMS 0x0000000658c00000| PB 0x0000000658c00000| Complete  |  0
|  356|0x0000000659000000, 0x0000000659400000, 0x0000000659400000|100%| E|CS|TAMS 0x0000000659000000| PB 0x0000000659000000| Complete  |  0
|  357|0x0000000659400000, 0x0000000659800000, 0x0000000659800000|100%| E|CS|TAMS 0x0000000659400000| PB 0x0000000659400000| Complete  |  0
|  358|0x0000000659800000, 0x0000000659c00000, 0x0000000659c00000|100%| E|CS|TAMS 0x0000000659800000| PB 0x0000000659800000| Complete  |  0
|  359|0x0000000659c00000, 0x000000065a000000, 0x000000065a000000|100%| E|CS|TAMS 0x0000000659c00000| PB 0x0000000659c00000| Complete  |  0
|  360|0x000000065a000000, 0x000000065a400000, 0x000000065a400000|100%| E|CS|TAMS 0x000000065a000000| PB 0x000000065a000000| Complete  |  0
|  361|0x000000065a400000, 0x000000065a800000, 0x000000065a800000|100%| E|CS|TAMS 0x000000065a400000| PB 0x000000065a400000| Complete  |  0
|  362|0x000000065a800000, 0x000000065ac00000, 0x000000065ac00000|100%| E|CS|TAMS 0x000000065a800000| PB 0x000000065a800000| Complete  |  0
|  363|0x000000065ac00000, 0x000000065b000000, 0x000000065b000000|100%| E|CS|TAMS 0x000000065ac00000| PB 0x000000065ac00000| Complete  |  0
|  364|0x000000065b000000, 0x000000065b400000, 0x000000065b400000|100%| E|CS|TAMS 0x000000065b000000| PB 0x000000065b000000| Complete  |  0
|  365|0x000000065b400000, 0x000000065b800000, 0x000000065b800000|100%| E|CS|TAMS 0x000000065b400000| PB 0x000000065b400000| Complete  |  0
| 2039|0x00000007fdc00000, 0x00000007fe000000, 0x00000007fe000000|100%| O|  |TAMS 0x00000007fdc00000| PB 0x00000007fdc00000| Untracked |  0
| 2040|0x00000007fe000000, 0x00000007fe400000, 0x00000007fe400000|100%| E|CS|TAMS 0x00000007fe000000| PB 0x00000007fe000000| Complete  |  0
| 2041|0x00000007fe400000, 0x00000007fe800000, 0x00000007fe800000|100%| E|CS|TAMS 0x00000007fe400000| PB 0x00000007fe400000| Complete  |  0
| 2042|0x00000007fe800000, 0x00000007fec00000, 0x00000007fec00000|100%| O|  |TAMS 0x00000007fe800000| PB 0x00000007fe800000| Untracked |  0
| 2043|0x00000007fec00000, 0x00000007ff000000, 0x00000007ff000000|100%| O|  |TAMS 0x00000007fec00000| PB 0x00000007fec00000| Untracked |  0
| 2044|0x00000007ff000000, 0x00000007ff400000, 0x00000007ff400000|100%| E|CS|TAMS 0x00000007ff000000| PB 0x00000007ff000000| Complete  |  0
| 2045|0x00000007ff400000, 0x00000007ff800000, 0x00000007ff800000|100%| O|  |TAMS 0x00000007ff400000| PB 0x00000007ff400000| Untracked |  0
| 2046|0x00000007ff800000, 0x00000007ffc00000, 0x00000007ffc00000|100%| O|  |TAMS 0x00000007ff800000| PB 0x00000007ff800000| Untracked |  0
| 2047|0x00000007ffc00000, 0x0000000800000000, 0x0000000800000000|100%| O|  |TAMS 0x00000007ffc00000| PB 0x00000007ffc00000| Untracked |  0

Card table byte_map: [0x000001e82abf0000,0x000001e82bbf0000] _byte_map_base: 0x000001e827bf0000
Refinement table byte_map: [0x000001e829bf0000,0x000001e82abf0000] _byte_map_base: 0x000001e826bf0000

Marking Bits: (CMBitMap*) 0x000001e87eb80660
 Bits: [0x000001e82bbf0000, 0x000001e833bf0000)

Polling page: 0x000001e87c910000

Metaspace:
Metaspace        used 195214K, committed 197888K, reserved 1245184K
 class space     used 26446K, committed 27712K, reserved 1048576K

Usage:
  Non-class:    164.81 MB used.
      Class:     25.83 MB used.
       Both:    190.64 MB used.

Virtual space:
  Non-class space:      192.00 MB reserved,     166.19 MB ( 87%) committed,  3 nodes.
      Class space:        1.00 GB reserved,      27.06 MB (  3%) committed,  1 nodes.
             Both:        1.19 GB reserved,     193.25 MB ( 16%) committed. 

Chunk freelists:
   Non-Class:  9.49 MB
       Class:  4.97 MB
        Both:  14.46 MB

MaxMetaspaceSize: 4.00 GB
CompressedClassSpaceSize: 1.00 GB
Initial GC threshold: 21.00 MB
Current GC threshold: 294.31 MB
CDS: on
 - commit_granule_bytes: 65536.
 - commit_granule_words: 8192.
 - virtual_space_node_default_size: 8388608.
 - enlarge_chunks_in_place: 1.
UseCompressedClassPointers 1, UseCompactObjectHeaders 0
Narrow klass pointer bits 32, Max shift 3
Narrow klass base: 0x0000000025000000, Narrow klass shift: 0
Encoding Range: [0x0000000025000000 - 0x0000000125000000), (4294967296 bytes)
Klass Range:    [0x0000000025000000 - 0x0000000066000000), (1090519040 bytes)
Klass ID Range:  [8 - 1090519033) (1090519025)
Protection zone: [0x0000000025000000 - 0x0000000025010000), (65536 bytes)


Internal statistics:

num_allocs_failed_limit: 6.
num_arena_births: 4740.
num_arena_deaths: 0.
num_vsnodes_births: 4.
num_vsnodes_deaths: 0.
num_space_committed: 3090.
num_space_uncommitted: 0.
num_chunks_returned_to_freelist: 6.
num_chunks_taken_from_freelist: 12676.
num_chunk_merges: 6.
num_chunk_splits: 9110.
num_chunks_enlarged: 6720.
num_inconsistent_stats: 0.

CodeHeap 'non-profiled nmethods': size=258432Kb used=10309Kb max_used=10309Kb free=248122Kb
 bounds [0x000001e818f90000, 0x000001e8199b0000, 0x000001e828bf0000]
CodeHeap 'profiled nmethods': size=258432Kb used=43052Kb max_used=43052Kb free=215379Kb
 bounds [0x000001e808be0000, 0x000001e80b5f0000, 0x000001e818840000]
CodeHeap 'non-nmethods': size=7488Kb used=2418Kb max_used=3818Kb free=5070Kb
 bounds [0x000001e818840000, 0x000001e818c20000, 0x000001e818f90000]
CodeCache: size=524352Kb, used=55779Kb, max_used=57179Kb, free=468571Kb
 total_blobs=24846, nmethods=23632, adapters=1114, full_count=0
Compilation: enabled, stopped_count=0, restarted_count=0

Compilation events (20 events):
Event: 258.735 Thread 0x000001e835ec1a70 nmethod 27016 0x000001e81999fc88 code [0x000001e81999fd80, 0x000001e81999fe38]
Event: 258.755 Thread 0x000001e835ebf2f0 27017       4       org.gradle.util.internal.CollectionUtils::collect (53 bytes)
Event: 258.756 Thread 0x000001e835ec1a70 27018       3       java.lang.invoke.LambdaForm$MH/0x0000000026230800::invoke (36 bytes)
Event: 258.757 Thread 0x000001e835ec1a70 nmethod 27018 0x000001e80b5bbe08 code [0x000001e80b5bbf00, 0x000001e80b5bc5d8]
Event: 258.758 Thread 0x000001e835ec1a70 27020       3       java.lang.invoke.LambdaForm$MH/0x0000000027624000::invoke (61 bytes)
Event: 258.760 Thread 0x000001e835ec1a70 nmethod 27020 0x000001e80b5bc608 code [0x000001e80b5bc700, 0x000001e80b5bd378]
Event: 258.763 Thread 0x000001e835ec1a70 27021       3       com.google.common.collect.CollectPreconditions::checkNonnegative (37 bytes)
Event: 258.763 Thread 0x000001e835ec1a70 nmethod 27021 0x000001e80b5bd408 code [0x000001e80b5bd500, 0x000001e80b5bde20]
Event: 258.770 Thread 0x000001e835ec1a70 27022       3       com.google.common.cache.LocalCache::expiresAfterWrite (15 bytes)
Event: 258.770 Thread 0x000001e835ec1a70 nmethod 27022 0x000001e80b5bde88 code [0x000001e80b5bdf80, 0x000001e80b5be0d0]
Event: 258.785 Thread 0x000001e835ec1a70 27023       3       org.gradle.api.internal.DefaultNamedDomainObjectSet::<init> (32 bytes)
Event: 258.785 Thread 0x000001e835ec1a70 nmethod 27023 0x000001e80b5be188 code [0x000001e80b5be280, 0x000001e80b5be6d0]
Event: 258.785 Thread 0x000001e835ec1a70 27024       3       org.gradle.api.Namer$Comparator::<init> (10 bytes)
Event: 258.785 Thread 0x000001e835ec1a70 nmethod 27024 0x000001e80b5be708 code [0x000001e80b5be800, 0x000001e80b5be9b0]
Event: 258.785 Thread 0x000001e835ec1a70 27025       3       org.gradle.api.internal.collections.SortedSetElementSource::<init> (44 bytes)
Event: 258.788 Thread 0x000001e835ec1a70 nmethod 27025 0x000001e80b5bea08 code [0x000001e80b5beb00, 0x000001e80b5bfa28]
Event: 258.788 Thread 0x000001e835ec1a70 27026       1       com.google.common.cache.LocalCache$StrongValueReference::get (5 bytes)
Event: 258.788 Thread 0x000001e835ec1a70 nmethod 27026 0x000001e81999ff88 code [0x000001e8199a0080, 0x000001e8199a0138]
Event: 258.803 Thread 0x000001e835ec1a70 27027       3       org.gradle.api.internal.AbstractValidatingNamedDomainObjectContainer::create (16 bytes)
Event: 258.984 Thread 0x000001e835ec1a70 nmethod 27027 0x000001e80b5bfa88 code [0x000001e80b5bfb80, 0x000001e80b5c0558]

GC Heap Usage History (20 events):
Event: 212.707 {heap Before GC invocations=49 (full 0):
 garbage-first heap   total reserved 8388608K, committed 503808K, used 387754K [0x0000000600000000, 0x0000000800000000)
  region size 4M, 63 eden (252M), 1 survivor (4M), 30 old (120M), 1 humongous (4M), 28 free (112M)
}
Event: 212.735 {heap After GC invocations=50 (full 0):
 garbage-first heap   total reserved 8388608K, committed 503808K, used 164063K [0x0000000600000000, 0x0000000800000000)
  region size 4M, 0 eden (0M), 8 survivor (32M), 32 old (128M), 1 humongous (4M), 82 free (328M)
}
Event: 216.262 {heap Before GC invocations=50 (full 0):
 garbage-first heap   total reserved 8388608K, committed 503808K, used 356575K [0x0000000600000000, 0x0000000800000000)
  region size 4M, 47 eden (188M), 8 survivor (32M), 32 old (128M), 1 humongous (4M), 35 free (140M)
}
Event: 216.287 {heap After GC invocations=51 (full 0):
 garbage-first heap   total reserved 8388608K, committed 503808K, used 181773K [0x0000000600000000, 0x0000000800000000)
  region size 4M, 0 eden (0M), 4 survivor (16M), 40 old (160M), 1 humongous (4M), 78 free (312M)
}
Event: 221.475 {heap Before GC invocations=51 (full 0):
 garbage-first heap   total reserved 8388608K, committed 503808K, used 382477K [0x0000000600000000, 0x0000000800000000)
  region size 4M, 50 eden (200M), 4 survivor (16M), 40 old (160M), 1 humongous (4M), 28 free (112M)
}
Event: 221.496 {heap After GC invocations=52 (full 0):
 garbage-first heap   total reserved 8388608K, committed 503808K, used 197370K [0x0000000600000000, 0x0000000800000000)
  region size 4M, 0 eden (0M), 7 survivor (28M), 41 old (164M), 1 humongous (4M), 74 free (296M)
}
Event: 221.747 {heap Before GC invocations=52 (full 0):
 garbage-first heap   total reserved 8388608K, committed 503808K, used 205562K [0x0000000600000000, 0x0000000800000000)
  region size 4M, 3 eden (12M), 7 survivor (28M), 41 old (164M), 1 humongous (4M), 71 free (284M)
}
Event: 221.767 {heap After GC invocations=53 (full 0):
 garbage-first heap   total reserved 8388608K, committed 503808K, used 202616K [0x0000000600000000, 0x0000000800000000)
  region size 4M, 0 eden (0M), 5 survivor (20M), 44 old (176M), 1 humongous (4M), 73 free (292M)
}
Event: 225.059 {heap Before GC invocations=54 (full 0):
 garbage-first heap   total reserved 8388608K, committed 503808K, used 419704K [0x0000000600000000, 0x0000000800000000)
  region size 4M, 53 eden (212M), 5 survivor (20M), 44 old (176M), 1 humongous (4M), 20 free (80M)
}
Event: 225.157 {heap After GC invocations=55 (full 0):
 garbage-first heap   total reserved 8388608K, committed 512000K, used 271379K [0x0000000600000000, 0x0000000800000000)
  region size 4M, 0 eden (0M), 8 survivor (32M), 58 old (232M), 1 humongous (4M), 58 free (232M)
}
Event: 231.511 {heap Before GC invocations=55 (full 0):
 garbage-first heap   total reserved 8388608K, committed 512000K, used 427027K [0x0000000600000000, 0x0000000800000000)
  region size 4M, 38 eden (152M), 8 survivor (32M), 58 old (232M), 1 humongous (4M), 20 free (80M)
}
Event: 231.557 {heap After GC invocations=56 (full 0):
 garbage-first heap   total reserved 8388608K, committed 512000K, used 283550K [0x0000000600000000, 0x0000000800000000)
  region size 4M, 0 eden (0M), 3 survivor (12M), 66 old (264M), 1 humongous (4M), 55 free (220M)
}
Event: 235.692 {heap Before GC invocations=56 (full 0):
 garbage-first heap   total reserved 8388608K, committed 512000K, used 435102K [0x0000000600000000, 0x0000000800000000)
  region size 4M, 38 eden (152M), 3 survivor (12M), 66 old (264M), 1 humongous (4M), 17 free (68M)
}
Event: 235.713 {heap After GC invocations=57 (full 0):
 garbage-first heap   total reserved 8388608K, committed 512000K, used 290307K [0x0000000600000000, 0x0000000800000000)
  region size 4M, 0 eden (0M), 5 survivor (20M), 66 old (264M), 1 humongous (4M), 53 free (212M)
}
Event: 238.293 {heap Before GC invocations=58 (full 0):
 garbage-first heap   total reserved 8388608K, committed 512000K, used 433667K [0x0000000600000000, 0x0000000800000000)
  region size 4M, 38 eden (152M), 5 survivor (20M), 63 old (252M), 1 humongous (4M), 18 free (72M)
}
Event: 238.361 {heap After GC invocations=59 (full 0):
 garbage-first heap   total reserved 8388608K, committed 512000K, used 331108K [0x0000000600000000, 0x0000000800000000)
  region size 4M, 0 eden (0M), 6 survivor (24M), 74 old (296M), 1 humongous (4M), 44 free (176M)
}
Event: 239.572 {heap Before GC invocations=59 (full 0):
 garbage-first heap   total reserved 8388608K, committed 512000K, used 437604K [0x0000000600000000, 0x0000000800000000)
  region size 4M, 26 eden (104M), 6 survivor (24M), 74 old (296M), 1 humongous (4M), 18 free (72M)
}
Event: 239.608 {heap After GC invocations=60 (full 0):
 garbage-first heap   total reserved 8388608K, committed 512000K, used 323539K [0x0000000600000000, 0x0000000800000000)
  region size 4M, 0 eden (0M), 4 survivor (16M), 74 old (296M), 1 humongous (4M), 46 free (184M)
}
Event: 241.957 {heap Before GC invocations=60 (full 0):
 garbage-first heap   total reserved 8388608K, committed 512000K, used 430035K [0x0000000600000000, 0x0000000800000000)
  region size 4M, 27 eden (108M), 4 survivor (16M), 74 old (296M), 1 humongous (4M), 19 free (76M)
}
Event: 241.992 {heap After GC invocations=61 (full 0):
 garbage-first heap   total reserved 8388608K, committed 1536000K, used 352011K [0x0000000600000000, 0x0000000800000000)
  region size 4M, 0 eden (0M), 4 survivor (16M), 81 old (324M), 1 humongous (4M), 289 free (1156M)
}

Metaspace Usage History (20 events):
Event: 212.707 {metaspace Before GC invocations=49 (full 0):
 Metaspace       used 119202K, committed 121600K, reserved 1179648K
  class space    used 17090K, committed 18240K, reserved 1048576K
}
Event: 212.735 {metaspace After GC invocations=50 (full 0):
 Metaspace       used 119202K, committed 121600K, reserved 1179648K
  class space    used 17090K, committed 18240K, reserved 1048576K
}
Event: 216.262 {metaspace Before GC invocations=50 (full 0):
 Metaspace       used 142593K, committed 145024K, reserved 1179648K
  class space    used 19700K, committed 20864K, reserved 1048576K
}
Event: 216.287 {metaspace After GC invocations=51 (full 0):
 Metaspace       used 142593K, committed 145024K, reserved 1179648K
  class space    used 19700K, committed 20864K, reserved 1048576K
}
Event: 221.475 {metaspace Before GC invocations=51 (full 0):
 Metaspace       used 156790K, committed 159296K, reserved 1245184K
  class space    used 21543K, committed 22720K, reserved 1048576K
}
Event: 221.496 {metaspace After GC invocations=52 (full 0):
 Metaspace       used 156790K, committed 159296K, reserved 1245184K
  class space    used 21543K, committed 22720K, reserved 1048576K
}
Event: 221.747 {metaspace Before GC invocations=52 (full 0):
 Metaspace       used 157537K, committed 160000K, reserved 1245184K
  class space    used 21669K, committed 22848K, reserved 1048576K
}
Event: 221.767 {metaspace After GC invocations=53 (full 0):
 Metaspace       used 157537K, committed 160000K, reserved 1245184K
  class space    used 21669K, committed 22848K, reserved 1048576K
}
Event: 225.059 {metaspace Before GC invocations=54 (full 0):
 Metaspace       used 158937K, committed 161408K, reserved 1245184K
  class space    used 21746K, committed 22912K, reserved 1048576K
}
Event: 225.157 {metaspace After GC invocations=55 (full 0):
 Metaspace       used 158937K, committed 161408K, reserved 1245184K
  class space    used 21746K, committed 22912K, reserved 1048576K
}
Event: 231.511 {metaspace Before GC invocations=55 (full 0):
 Metaspace       used 169542K, committed 172096K, reserved 1245184K
  class space    used 23348K, committed 24576K, reserved 1048576K
}
Event: 231.557 {metaspace After GC invocations=56 (full 0):
 Metaspace       used 169542K, committed 172096K, reserved 1245184K
  class space    used 23348K, committed 24576K, reserved 1048576K
}
Event: 235.693 {metaspace Before GC invocations=56 (full 0):
 Metaspace       used 173005K, committed 175616K, reserved 1245184K
  class space    used 23799K, committed 25024K, reserved 1048576K
}
Event: 235.713 {metaspace After GC invocations=57 (full 0):
 Metaspace       used 173005K, committed 175616K, reserved 1245184K
  class space    used 23799K, committed 25024K, reserved 1048576K
}
Event: 238.294 {metaspace Before GC invocations=58 (full 0):
 Metaspace       used 173406K, committed 176000K, reserved 1245184K
  class space    used 23858K, committed 25088K, reserved 1048576K
}
Event: 238.361 {metaspace After GC invocations=59 (full 0):
 Metaspace       used 173406K, committed 176000K, reserved 1245184K
  class space    used 23858K, committed 25088K, reserved 1048576K
}
Event: 239.572 {metaspace Before GC invocations=59 (full 0):
 Metaspace       used 173855K, committed 176448K, reserved 1245184K
  class space    used 23879K, committed 25088K, reserved 1048576K
}
Event: 239.608 {metaspace After GC invocations=60 (full 0):
 Metaspace       used 173855K, committed 176448K, reserved 1245184K
  class space    used 23879K, committed 25088K, reserved 1048576K
}
Event: 241.957 {metaspace Before GC invocations=60 (full 0):
 Metaspace       used 177739K, committed 180352K, reserved 1245184K
  class space    used 24225K, committed 25472K, reserved 1048576K
}
Event: 241.992 {metaspace After GC invocations=61 (full 0):
 Metaspace       used 177739K, committed 180352K, reserved 1245184K
  class space    used 24225K, committed 25472K, reserved 1048576K
}

Dll operation events (20 events):
Event: 0.263 Attempting to load shared library C:\Program Files\Java\jdk-26.0.1\bin\zip.dll
Event: 0.263 Loaded shared library C:\Program Files\Java\jdk-26.0.1\bin\zip.dll
Event: 1.307 Attempting to load shared library C:\Program Files\Java\jdk-26.0.1\bin\jimage.dll
Event: 1.307 Loaded shared library C:\Program Files\Java\jdk-26.0.1\bin\jimage.dll
Event: 2.645 Attempting to load shared library C:\Program Files\Java\jdk-26.0.1\bin\verify.dll
Event: 2.699 Loaded shared library C:\Program Files\Java\jdk-26.0.1\bin\verify.dll
Event: 2.840 Attempting to load shared library C:\Users\Asus\.gradle\native\1def1411415f61bf3af743bc5b6707747c0891f09f0c88961ee8f79bc544acac\windows-amd64\native-platform.dll
Event: 2.845 Loaded shared library C:\Users\Asus\.gradle\native\1def1411415f61bf3af743bc5b6707747c0891f09f0c88961ee8f79bc544acac\windows-amd64\native-platform.dll
Event: 2.892 Attempting to load shared library C:\Users\Asus\.gradle\native\0.2.8\x86_64-windows-gnu\gradle-fileevents.dll
Event: 2.904 Loaded shared library C:\Users\Asus\.gradle\native\0.2.8\x86_64-windows-gnu\gradle-fileevents.dll
Event: 7.808 Attempting to load shared library C:\Program Files\Java\jdk-26.0.1\bin\management.dll
Event: 7.828 Loaded shared library C:\Program Files\Java\jdk-26.0.1\bin\management.dll
Event: 7.883 Attempting to load shared library C:\Program Files\Java\jdk-26.0.1\bin\management_ext.dll
Event: 7.903 Loaded shared library C:\Program Files\Java\jdk-26.0.1\bin\management_ext.dll
Event: 8.863 Attempting to load shared library C:\Program Files\Java\jdk-26.0.1\bin\extnet.dll
Event: 8.866 Loaded shared library C:\Program Files\Java\jdk-26.0.1\bin\extnet.dll
Event: 10.827 Attempting to load shared library C:\Program Files\Java\jdk-26.0.1\bin\sunmscapi.dll
Event: 11.204 Loaded shared library C:\Program Files\Java\jdk-26.0.1\bin\sunmscapi.dll
Event: 120.009 Attempting to load shared library C:\Program Files\Java\jdk-26.0.1\bin\rmi.dll
Event: 120.015 Loaded shared library C:\Program Files\Java\jdk-26.0.1\bin\rmi.dll

Deoptimization events (20 events):
Event: 258.174 Thread 0x000001e83b007440 Uncommon trap: trap_request=0xffffffd6 fr.pc=0x000001e819995ce4 relative=0x0000000000002064
Event: 258.174 Thread 0x000001e83b007440 Uncommon trap: reason=array_check action=maybe_recompile pc=0x000001e819995ce4 method=org.gradle.internal.service.DefaultServiceRegistry$FactoryService.bind()V @ 131 c2
Event: 258.174 Thread 0x000001e83b007440 DEOPT PACKING pc=0x000001e819995ce4 sp=0x0000000ee7ef68e0
Event: 258.174 Thread 0x000001e83b007440 DEOPT UNPACKING pc=0x000001e818962602 sp=0x0000000ee7ef68c0 mode 2
Event: 258.175 Thread 0x000001e83b007440 Uncommon trap: trap_request=0xffffffd6 fr.pc=0x000001e8199958d8 relative=0x0000000000001c58
Event: 258.175 Thread 0x000001e83b007440 Uncommon trap: reason=array_check action=maybe_recompile pc=0x000001e8199958d8 method=org.gradle.internal.service.DefaultServiceRegistry$FactoryService.bind()V @ 281 c2
Event: 258.175 Thread 0x000001e83b007440 DEOPT PACKING pc=0x000001e8199958d8 sp=0x0000000ee7ef6b20
Event: 258.175 Thread 0x000001e83b007440 DEOPT UNPACKING pc=0x000001e818962602 sp=0x0000000ee7ef6b00 mode 2
Event: 258.176 Thread 0x000001e83b007440 Uncommon trap: trap_request=0xffffffd6 fr.pc=0x000001e819995ce4 relative=0x0000000000002064
Event: 258.176 Thread 0x000001e83b007440 Uncommon trap: reason=array_check action=maybe_recompile pc=0x000001e819995ce4 method=org.gradle.internal.service.DefaultServiceRegistry$FactoryService.bind()V @ 131 c2
Event: 258.176 Thread 0x000001e83b007440 DEOPT PACKING pc=0x000001e819995ce4 sp=0x0000000ee7ef68e0
Event: 258.176 Thread 0x000001e83b007440 DEOPT UNPACKING pc=0x000001e818962602 sp=0x0000000ee7ef68c0 mode 2
Event: 258.698 Thread 0x000001e83b007440 Uncommon trap: trap_request=0xffffffde fr.pc=0x000001e819233cf4 relative=0x0000000000000074
Event: 258.698 Thread 0x000001e83b007440 Uncommon trap: reason=class_check action=maybe_recompile pc=0x000001e819233cf4 method=java.lang.invoke.Invokers$Holder.linkToTargetMethod(Ljava/lang/Object;Ljava/lang/Object;Ljava/lang/Object;Ljava/lang/Object;Ljava/lang/Object;)Ljava/lang/Object; @ 2 c2
Event: 258.698 Thread 0x000001e83b007440 DEOPT PACKING pc=0x000001e819233cf4 sp=0x0000000ee7ef47a0
Event: 258.698 Thread 0x000001e83b007440 DEOPT UNPACKING pc=0x000001e818962602 sp=0x0000000ee7ef4750 mode 2
Event: 258.703 Thread 0x000001e83b007440 Uncommon trap: trap_request=0xffffffde fr.pc=0x000001e819233cf4 relative=0x0000000000000074
Event: 258.703 Thread 0x000001e83b007440 Uncommon trap: reason=class_check action=maybe_recompile pc=0x000001e819233cf4 method=java.lang.invoke.Invokers$Holder.linkToTargetMethod(Ljava/lang/Object;Ljava/lang/Object;Ljava/lang/Object;Ljava/lang/Object;Ljava/lang/Object;)Ljava/lang/Object; @ 2 c2
Event: 258.703 Thread 0x000001e83b007440 DEOPT PACKING pc=0x000001e819233cf4 sp=0x0000000ee7ef47a0
Event: 258.703 Thread 0x000001e83b007440 DEOPT UNPACKING pc=0x000001e818962602 sp=0x0000000ee7ef4750 mode 2

Classes loaded (20 events):
Event: 247.881 Loading class java/util/HashMapCustomizer
Event: 247.881 Loading class java/util/HashMapCustomizer done
Event: 247.883 Loading class java/util/LinkedHashMapCustomizer
Event: 247.883 Loading class java/util/LinkedHashMapCustomizer done
Event: 247.883 Loading class java/util/LinkedHashMapCustomizer
Event: 247.883 Loading class java/util/LinkedHashMapCustomizer done
Event: 248.101 Loading class sun/reflect/misc/MethodUtil
Event: 248.103 Loading class sun/reflect/misc/MethodUtil done
Event: 248.103 Loading class sun/reflect/misc/MethodUtil$1
Event: 248.104 Loading class sun/reflect/misc/MethodUtil$1 done
Event: 248.495 Loading class java/nio/file/StandardCopyOption
Event: 248.496 Loading class java/nio/file/StandardCopyOption done
Event: 248.496 Loading class sun/nio/fs/WindowsFileCopy
Event: 248.497 Loading class sun/nio/fs/WindowsFileCopy done
Event: 248.907 Loading class java/net/UrlDeserializedState
Event: 248.910 Loading class java/net/UrlDeserializedState done
Event: 248.917 Loading class java/util/concurrent/CompletableFuture$AsyncRun
Event: 248.920 Loading class java/util/concurrent/CompletableFuture$AsyncRun done
Event: 253.995 Loading class jdk/internal/math/FormattedFPDecimal
Event: 254.002 Loading class jdk/internal/math/FormattedFPDecimal done

Classes unloaded (0 events):
No events

Classes redefined (0 events):
No events

Internal exceptions (20 events):
Event: 248.907 Thread 0x000001e83c0fbc40 Exception <a 'java/lang/NoSuchMethodError'{0x000000064b0c50e0}: static Lorg/gradle/internal/classloader/VisitableURLClassLoader$Spec;.<clinit>()V> (0x000000064b0c50e0) 
thrown [s\open\src\hotspot\share\prims\jni.cpp, line 1104]
Event: 248.913 Thread 0x000001e83c0fbc40 Exception <a 'java/lang/NoSuchMethodError'{0x000000064b0e2370}: static [Ljava/net/URL;.<clinit>()V> (0x000000064b0e2370) 
thrown [s\open\src\hotspot\share\prims\jni.cpp, line 1104]
Event: 248.925 Thread 0x000001e83f0a72d0 Exception <a 'sun/nio/fs/WindowsException'{0x000000064b140f80}> (0x000000064b140f80) 
thrown [s\open\src\hotspot\share\prims\jni.cpp, line 514]
Event: 254.185 Thread 0x000001e83b007440 Exception <a 'java/lang/NoSuchMethodError'{0x0000000648f85478}: static Lorg/gradle/tooling/internal/consumer/connection/InternalPhasedActionAdapter;.<clinit>()V> (0x0000000648f85478) 
thrown [s\open\src\hotspot\share\prims\jni.cpp, line 1104]
Event: 254.207 Thread 0x000001e83b007440 Exception <a 'java/lang/NoSuchMethodError'{0x0000000648fd1f70}: static [Lorg/gradle/tooling/BuildAction;.<clinit>()V> (0x0000000648fd1f70) 
thrown [s\open\src\hotspot\share\prims\jni.cpp, line 1104]
Event: 254.209 Thread 0x000001e83b007440 Exception <a 'java/lang/NoSuchMethodError'{0x0000000648fdf5e8}: static Lorg/eclipse/buildship/core/internal/workspace/TellGradleToRunSynchronizationTasks;.<clinit>()V> (0x0000000648fdf5e8) 
thrown [s\open\src\hotspot\share\prims\jni.cpp, line 1104]
Event: 254.362 Thread 0x000001e83b007440 Exception <a 'sun/nio/fs/WindowsException'{0x00000006488f5018}> (0x00000006488f5018) 
thrown [s\open\src\hotspot\share\prims\jni.cpp, line 514]
Event: 254.363 Thread 0x000001e83b007440 Exception <a 'sun/nio/fs/WindowsException'{0x00000006488f6770}> (0x00000006488f6770) 
thrown [s\open\src\hotspot\share\prims\jni.cpp, line 514]
Event: 254.364 Thread 0x000001e83b007440 Exception <a 'sun/nio/fs/WindowsException'{0x00000006488f7ec0}> (0x00000006488f7ec0) 
thrown [s\open\src\hotspot\share\prims\jni.cpp, line 514]
Event: 254.365 Thread 0x000001e83b007440 Exception <a 'sun/nio/fs/WindowsException'{0x00000006488f9228}> (0x00000006488f9228) 
thrown [s\open\src\hotspot\share\prims\jni.cpp, line 514]
Event: 254.471 Thread 0x000001e83b007440 Exception <a 'sun/nio/fs/WindowsException'{0x000000064845a0d8}> (0x000000064845a0d8) 
thrown [s\open\src\hotspot\share\prims\jni.cpp, line 514]
Event: 254.472 Thread 0x000001e83b007440 Exception <a 'sun/nio/fs/WindowsException'{0x000000064845c040}> (0x000000064845c040) 
thrown [s\open\src\hotspot\share\prims\jni.cpp, line 514]
Event: 254.473 Thread 0x000001e83b007440 Exception <a 'sun/nio/fs/WindowsException'{0x000000064845dfa0}> (0x000000064845dfa0) 
thrown [s\open\src\hotspot\share\prims\jni.cpp, line 514]
Event: 254.473 Thread 0x000001e83b007440 Exception <a 'sun/nio/fs/WindowsException'{0x000000064845fb18}> (0x000000064845fb18) 
thrown [s\open\src\hotspot\share\prims\jni.cpp, line 514]
Event: 256.536 Thread 0x000001e83f529d10 Exception <a 'sun/nio/fs/WindowsException'{0x0000000642097648}> (0x0000000642097648) 
thrown [s\open\src\hotspot\share\prims\jni.cpp, line 514]
Event: 256.537 Thread 0x000001e83f529d10 Exception <a 'sun/nio/fs/WindowsException'{0x0000000642099328}> (0x0000000642099328) 
thrown [s\open\src\hotspot\share\prims\jni.cpp, line 514]
Event: 256.537 Thread 0x000001e83f529d10 Exception <a 'sun/nio/fs/WindowsException'{0x000000064209af50}> (0x000000064209af50) 
thrown [s\open\src\hotspot\share\prims\jni.cpp, line 514]
Event: 256.537 Thread 0x000001e83f529d10 Exception <a 'sun/nio/fs/WindowsException'{0x000000064209c8b8}> (0x000000064209c8b8) 
thrown [s\open\src\hotspot\share\prims\jni.cpp, line 514]
Event: 256.543 Thread 0x000001e83f529d10 Exception <a 'sun/nio/fs/WindowsException'{0x000000064221c970}> (0x000000064221c970) 
thrown [s\open\src\hotspot\share\prims\jni.cpp, line 514]
Event: 256.544 Thread 0x000001e83f529d10 Exception <a 'sun/nio/fs/WindowsException'{0x000000064221e300}> (0x000000064221e300) 
thrown [s\open\src\hotspot\share\prims\jni.cpp, line 514]

VM Operations (20 events):
Event: 241.957 Executing safepoint VM operation: G1CollectForAllocation (G1 Evacuation Pause)
Event: 241.992 Executing safepoint VM operation: G1CollectForAllocation (G1 Evacuation Pause) done
Event: 242.134 Executing safepoint VM operation: G1PauseRemark
Event: 242.153 Executing safepoint VM operation: G1PauseRemark done
Event: 242.191 Executing safepoint VM operation: G1PauseCleanup
Event: 242.191 Executing safepoint VM operation: G1PauseCleanup done
Event: 244.437 Executing non-safepoint VM operation: HandshakeAllThreads (Deoptimize)
Event: 244.439 Executing non-safepoint VM operation: HandshakeAllThreads (Deoptimize) done
Event: 244.454 Executing non-safepoint VM operation: HandshakeAllThreads (Deoptimize)
Event: 244.455 Executing non-safepoint VM operation: HandshakeAllThreads (Deoptimize) done
Event: 244.462 Executing non-safepoint VM operation: HandshakeAllThreads (Deoptimize)
Event: 244.463 Executing non-safepoint VM operation: HandshakeAllThreads (Deoptimize) done
Event: 246.825 Executing non-safepoint VM operation: HandshakeAllThreads (Deoptimize)
Event: 246.825 Executing non-safepoint VM operation: HandshakeAllThreads (Deoptimize) done
Event: 247.943 Executing non-safepoint VM operation: HandshakeAllThreads (Deoptimize)
Event: 247.944 Executing non-safepoint VM operation: HandshakeAllThreads (Deoptimize) done
Event: 248.531 Executing non-safepoint VM operation: HandshakeAllThreads (Deoptimize)
Event: 248.532 Executing non-safepoint VM operation: HandshakeAllThreads (Deoptimize) done
Event: 249.485 Executing non-safepoint VM operation: HandshakeAllThreads (Deoptimize)
Event: 249.485 Executing non-safepoint VM operation: HandshakeAllThreads (Deoptimize) done

Memory protections (0 events):
No events

Nmethod flushes (20 events):
Event: 242.151 Thread 0x000001e835e79400 flushing  nmethod 0x000001e808f1b408
Event: 242.151 Thread 0x000001e835e79400 flushing  nmethod 0x000001e808f20588
Event: 242.151 Thread 0x000001e835e79400 flushing  nmethod 0x000001e808f9f488
Event: 242.151 Thread 0x000001e835e79400 flushing  nmethod 0x000001e808fa0b08
Event: 242.151 Thread 0x000001e835e79400 flushing  nmethod 0x000001e808fa3788
Event: 242.151 Thread 0x000001e835e79400 flushing  nmethod 0x000001e80919a908
Event: 242.151 Thread 0x000001e835e79400 flushing  nmethod 0x000001e80919d888
Event: 242.151 Thread 0x000001e835e79400 flushing  nmethod 0x000001e809322a88
Event: 242.151 Thread 0x000001e835e79400 flushing  nmethod 0x000001e809322d88
Event: 242.151 Thread 0x000001e835e79400 flushing  nmethod 0x000001e80940fc88
Event: 242.151 Thread 0x000001e835e79400 flushing  nmethod 0x000001e8094c4e88
Event: 242.151 Thread 0x000001e835e79400 flushing  nmethod 0x000001e8094fd908
Event: 242.151 Thread 0x000001e835e79400 flushing  nmethod 0x000001e8094fde08
Event: 242.151 Thread 0x000001e835e79400 flushing  nmethod 0x000001e8094feb88
Event: 242.151 Thread 0x000001e835e79400 flushing  nmethod 0x000001e809998588
Event: 242.151 Thread 0x000001e835e79400 flushing  nmethod 0x000001e809a58208
Event: 242.151 Thread 0x000001e835e79400 flushing  nmethod 0x000001e809de2788
Event: 242.151 Thread 0x000001e835e79400 flushing  nmethod 0x000001e809fe3a88
Event: 242.151 Thread 0x000001e835e79400 flushing  nmethod 0x000001e80a3c5688
Event: 242.151 Thread 0x000001e835e79400 flushing  nmethod 0x000001e80ad07708

Events (20 events):
Event: 257.030 Thread 0x000001e83b007440 Thread added: 0x000001e84005a6d0
Event: 257.030 Thread 0x000001e83b007440 Thread added: 0x000001e84005aea0
Event: 257.030 Thread 0x000001e83b007440 Thread added: 0x000001e840068960
Event: 257.030 Thread 0x000001e83b007440 Thread added: 0x000001e84006a8a0
Event: 257.031 Thread 0x000001e83b007440 Thread added: 0x000001e8400744e0
Event: 257.756 Thread 0x000001e83b007440 Thread added: 0x000001e840075c50
Event: 257.758 Thread 0x000001e83b007440 Thread added: 0x000001e840074cb0
Event: 257.759 Thread 0x000001e83b007440 Thread added: 0x000001e840076bf0
Event: 257.759 Thread 0x000001e83b007440 Thread added: 0x000001e8400773c0
Event: 257.760 Thread 0x000001e83b007440 Thread added: 0x000001e83dd5dcc0
Event: 257.760 Thread 0x000001e83b007440 Thread added: 0x000001e83dd61370
Event: 257.761 Thread 0x000001e83b007440 Thread added: 0x000001e83dd5e490
Event: 257.761 Thread 0x000001e83b007440 Thread added: 0x000001e83dd632b0
Event: 257.762 Thread 0x000001e83b007440 Thread added: 0x000001e83dd63a80
Event: 257.762 Thread 0x000001e83b007440 Thread added: 0x000001e83dd64250
Event: 257.763 Thread 0x000001e83b007440 Thread added: 0x000001e83dd60ba0
Event: 257.763 Thread 0x000001e83b007440 Thread added: 0x000001e83dd61b40
Event: 257.764 Thread 0x000001e83b007440 Thread added: 0x000001e83dd62310
Event: 257.765 Thread 0x000001e83b007440 Thread added: 0x000001e83dd62ae0
Event: 257.765 Thread 0x000001e83b007440 Thread added: 0x000001e83ce92050


Dynamic libraries:
0x00007ff6cead0000 - 0x00007ff6ceae0000 	C:\Program Files\Java\jdk-26.0.1\bin\java.exe
0x00007ffa18700000 - 0x00007ffa18966000 	C:\WINDOWS\SYSTEM32\ntdll.dll
0x00007ffa17aa0000 - 0x00007ffa17b69000 	C:\WINDOWS\System32\KERNEL32.DLL
0x00007ffa15e70000 - 0x00007ffa1626a000 	C:\WINDOWS\System32\KERNELBASE.dll
0x00007ffa15d20000 - 0x00007ffa15e6c000 	C:\WINDOWS\System32\ucrtbase.dll
0x00007ffa10540000 - 0x00007ffa1055e000 	C:\Program Files\Java\jdk-26.0.1\bin\VCRUNTIME140.dll
0x00007ffa08fd0000 - 0x00007ffa08fe7000 	C:\Program Files\Java\jdk-26.0.1\bin\jli.dll
0x00007ffa17d50000 - 0x00007ffa17f17000 	C:\WINDOWS\System32\USER32.dll
0x00007ffa15bc0000 - 0x00007ffa15be7000 	C:\WINDOWS\System32\win32u.dll
0x00007ffa03be0000 - 0x00007ffa03e72000 	C:\WINDOWS\WinSxS\amd64_microsoft.windows.common-controls_6595b64144ccf1df_6.0.26100.8521_none_3e08b75ce33403b3\COMCTL32.dll
0x00007ffa16dd0000 - 0x00007ffa16e79000 	C:\WINDOWS\System32\msvcrt.dll
0x00007ffa17760000 - 0x00007ffa1778b000 	C:\WINDOWS\System32\GDI32.dll
0x00007ffa15bf0000 - 0x00007ffa15d1b000 	C:\WINDOWS\System32\gdi32full.dll
0x00007ffa15990000 - 0x00007ffa15a33000 	C:\WINDOWS\System32\msvcp_win.dll
0x00007ffa16d00000 - 0x00007ffa16d32000 	C:\WINDOWS\System32\IMM32.DLL
0x00007ffa0cc00000 - 0x00007ffa0cc0c000 	C:\Program Files\Java\jdk-26.0.1\bin\vcruntime140_1.dll
0x00007ff9fe400000 - 0x00007ff9fe48d000 	C:\Program Files\Java\jdk-26.0.1\bin\msvcp140.dll
0x00007ff97abc0000 - 0x00007ff97ba8e000 	C:\Program Files\Java\jdk-26.0.1\bin\server\jvm.dll
0x00007ffa16e80000 - 0x00007ffa16f36000 	C:\WINDOWS\System32\ADVAPI32.dll
0x00007ffa16470000 - 0x00007ffa1651a000 	C:\WINDOWS\System32\sechost.dll
0x00007ffa177e0000 - 0x00007ffa178f8000 	C:\WINDOWS\System32\RPCRT4.dll
0x00007ffa183b0000 - 0x00007ffa18430000 	C:\WINDOWS\System32\WS2_32.dll
0x00007ffa157f0000 - 0x00007ffa1584e000 	C:\WINDOWS\SYSTEM32\POWRPROF.dll
0x00007ffa0f600000 - 0x00007ffa0f60b000 	C:\WINDOWS\SYSTEM32\VERSION.dll
0x00007ffa0d0b0000 - 0x00007ffa0d0e6000 	C:\WINDOWS\SYSTEM32\WINMM.dll
0x00007ffa157d0000 - 0x00007ffa157e4000 	C:\WINDOWS\SYSTEM32\UMPDC.dll
0x00007ffa14720000 - 0x00007ffa1473b000 	C:\WINDOWS\SYSTEM32\kernel.appcore.dll
0x00007ffa0be50000 - 0x00007ffa0be5a000 	C:\Program Files\Java\jdk-26.0.1\bin\jimage.dll
0x00007ffa13ad0000 - 0x00007ffa13d12000 	C:\WINDOWS\SYSTEM32\DBGHELP.DLL
0x00007ffa18020000 - 0x00007ffa183a3000 	C:\WINDOWS\System32\combase.dll
0x00007ffa16f40000 - 0x00007ffa17019000 	C:\WINDOWS\System32\OLEAUT32.dll
0x00007ff9f4ee0000 - 0x00007ff9f4f1b000 	C:\WINDOWS\SYSTEM32\dbgcore.DLL
0x00007ffa16270000 - 0x00007ffa16318000 	C:\WINDOWS\System32\bcryptPrimitives.dll
0x00007ffa09aa0000 - 0x00007ffa09ab0000 	C:\Program Files\Java\jdk-26.0.1\bin\instrument.dll
0x00007ffa064f0000 - 0x00007ffa0650f000 	C:\Program Files\Java\jdk-26.0.1\bin\java.dll
0x00007ffa17900000 - 0x00007ffa17a98000 	C:\WINDOWS\System32\ole32.dll
0x00007ffa16570000 - 0x00007ffa16cf4000 	C:\WINDOWS\System32\SHELL32.dll
0x00007ffa13240000 - 0x00007ffa13ac0000 	C:\WINDOWS\SYSTEM32\windows.storage.dll
0x00007ffa17520000 - 0x00007ffa17616000 	C:\WINDOWS\System32\SHCORE.dll
0x00007ffa174b0000 - 0x00007ffa17517000 	C:\WINDOWS\System32\shlwapi.dll
0x00007ffa158b0000 - 0x00007ffa158d9000 	C:\WINDOWS\SYSTEM32\profapi.dll
0x00007ffa00080000 - 0x00007ffa00097000 	C:\Program Files\Java\jdk-26.0.1\bin\zip.dll
0x00007ff9fe5a0000 - 0x00007ff9fe5b2000 	C:\Program Files\Java\jdk-26.0.1\bin\net.dll
0x00007ffa14c90000 - 0x00007ffa14cfc000 	C:\WINDOWS\system32\mswsock.dll
0x00007ff9ffeb0000 - 0x00007ff9ffec6000 	C:\Program Files\Java\jdk-26.0.1\bin\nio.dll
0x00007ffa090d0000 - 0x00007ffa090e0000 	C:\Program Files\Java\jdk-26.0.1\bin\verify.dll
0x00007ff9fdbc0000 - 0x00007ff9fdbe7000 	C:\Users\Asus\.gradle\native\1def1411415f61bf3af743bc5b6707747c0891f09f0c88961ee8f79bc544acac\windows-amd64\native-platform.dll
0x00007ff9e8000000 - 0x00007ff9e8077000 	C:\Users\Asus\.gradle\native\0.2.8\x86_64-windows-gnu\gradle-fileevents.dll
0x00007ffa092d0000 - 0x00007ffa092da000 	C:\Program Files\Java\jdk-26.0.1\bin\management.dll
0x00007ffa09090000 - 0x00007ffa0909c000 	C:\Program Files\Java\jdk-26.0.1\bin\management_ext.dll
0x00007ffa18620000 - 0x00007ffa18628000 	C:\WINDOWS\System32\PSAPI.DLL
0x00007ffa140e0000 - 0x00007ffa14113000 	C:\WINDOWS\SYSTEM32\IPHLPAPI.DLL
0x00007ffa17790000 - 0x00007ffa1779a000 	C:\WINDOWS\System32\NSI.dll
0x00007ffa000b0000 - 0x00007ffa000b9000 	C:\Program Files\Java\jdk-26.0.1\bin\extnet.dll
0x00007ffa14f70000 - 0x00007ffa14f8b000 	C:\WINDOWS\SYSTEM32\CRYPTSP.dll
0x00007ffa14680000 - 0x00007ffa146b9000 	C:\WINDOWS\system32\rsaenh.dll
0x00007ffa14d40000 - 0x00007ffa14d73000 	C:\WINDOWS\SYSTEM32\USERENV.dll
0x00007ffa15880000 - 0x00007ffa158aa000 	C:\WINDOWS\SYSTEM32\bcrypt.dll
0x00007ffa14f90000 - 0x00007ffa14f9c000 	C:\WINDOWS\SYSTEM32\CRYPTBASE.dll
0x00007ff9ffea0000 - 0x00007ff9ffeae000 	C:\Program Files\Java\jdk-26.0.1\bin\sunmscapi.dll
0x00007ffa15a40000 - 0x00007ffa15bb8000 	C:\WINDOWS\System32\CRYPT32.dll
0x00007ffa15190000 - 0x00007ffa151c0000 	C:\WINDOWS\SYSTEM32\ncrypt.dll
0x00007ffa15140000 - 0x00007ffa1517f000 	C:\WINDOWS\SYSTEM32\NTASN1.dll
0x00007ff9eafb0000 - 0x00007ff9eafb8000 	C:\WINDOWS\system32\wshunix.dll
0x00007ffa12670000 - 0x00007ffa12677000 	C:\Program Files\Java\jdk-26.0.1\bin\rmi.dll

JVMTI agents:
C:\Users\Asus\.gradle\wrapper\dists\gradle-9.1.0-all\7wzd0jkjit61aq2p43wpjgij9\gradle-9.1.0\lib\agents\gradle-instrumentation-agent-9.1.0.jar path:C:\Program Files\Java\jdk-26.0.1\bin\instrument.dll, loaded, initialized, instrumentlib options:none

dbghelp: loaded successfully - version: 4.0.5 - missing functions: none
symbol engine: initialized successfully - sym options: 0x614 - pdb path: .;C:\Program Files\Java\jdk-26.0.1\bin;C:\WINDOWS\SYSTEM32;C:\WINDOWS\WinSxS\amd64_microsoft.windows.common-controls_6595b64144ccf1df_6.0.26100.8521_none_3e08b75ce33403b3;C:\Program Files\Java\jdk-26.0.1\bin\server;C:\Users\Asus\.gradle\native\1def1411415f61bf3af743bc5b6707747c0891f09f0c88961ee8f79bc544acac\windows-amd64;C:\Users\Asus\.gradle\native\0.2.8\x86_64-windows-gnu

VM Arguments:
jvm_args: --add-opens=java.base/java.lang=ALL-UNNAMED --add-opens=java.base/java.lang.invoke=ALL-UNNAMED --add-opens=java.base/java.util=ALL-UNNAMED --add-opens=java.prefs/java.util.prefs=ALL-UNNAMED --add-exports=jdk.compiler/com.sun.tools.javac.api=ALL-UNNAMED --add-exports=jdk.compiler/com.sun.tools.javac.util=ALL-UNNAMED --add-opens=java.base/java.util=ALL-UNNAMED --add-opens=java.prefs/java.util.prefs=ALL-UNNAMED --add-opens=java.base/java.nio.charset=ALL-UNNAMED --add-opens=java.base/java.net=ALL-UNNAMED --add-opens=java.base/java.util.concurrent=ALL-UNNAMED --add-opens=java.base/java.util.concurrent.atomic=ALL-UNNAMED --add-opens=java.xml/javax.xml.namespace=ALL-UNNAMED --add-opens=java.base/java.time=ALL-UNNAMED --enable-native-access=ALL-UNNAMED -XX:MaxMetaspaceSize=4G -XX:ReservedCodeCacheSize=512m -XX:+HeapDumpOnOutOfMemoryError -Xmx8G -Dfile.encoding=UTF-8 -Duser.country=IN -Duser.language=en -Duser.variant -javaagent:C:\Users\Asus\.gradle\wrapper\dists\gradle-9.1.0-all\7wzd0jkjit61aq2p43wpjgij9\gradle-9.1.0\lib\agents\gradle-instrumentation-agent-9.1.0.jar 
java_command: org.gradle.launcher.daemon.bootstrap.GradleDaemon 9.1.0
java_class_path (initial): C:\Users\Asus\.gradle\wrapper\dists\gradle-9.1.0-all\7wzd0jkjit61aq2p43wpjgij9\gradle-9.1.0\lib\gradle-daemon-main-9.1.0.jar
Launcher Type: SUN_STANDARD

[Global flags]
     bool AOTAdapterCaching                        = false                                  {diagnostic} {ergonomic}
     bool AOTInvokeDynamicLinking                  = false                                  {diagnostic} {ergonomic}
     bool AOTRecordTraining                        = false                                  {diagnostic} {ergonomic}
     bool AOTReplayTraining                        = false                                  {diagnostic} {ergonomic}
     bool AOTStubCaching                           = false                                  {diagnostic} {ergonomic}
     intx CICompilerCount                          = 12                                        {product} {ergonomic}
     uint ConcGCThreads                            = 3                                         {product} {ergonomic}
     uint G1ConcRefinementThreads                  = 13                                        {product} {ergonomic}
     uint G1EagerReclaimRemSetThreshold            = 32                                   {experimental} {ergonomic}
   size_t G1HeapRegionSize                         = 4194304                                   {product} {ergonomic}
     uint G1RemSetArrayOfCardsEntries              = 32                                   {experimental} {ergonomic}
     uint G1RemSetHowlMaxNumBuckets                = 8                                    {experimental} {ergonomic}
     uint G1RemSetHowlNumBuckets                   = 8                                    {experimental} {ergonomic}
     bool HeapDumpOnOutOfMemoryError               = true                                   {manageable} {command line}
   size_t InitialHeapSize                          = 8388608                                   {product} {ergonomic}
     bool IntelJccErratumMitigation                = false                             {ARCH diagnostic} {ergonomic}
   size_t MarkStackSize                            = 4194304                                   {product} {ergonomic}
   size_t MarkStackSizeMax                         = 536870912                                 {product} {ergonomic}
   size_t MaxHeapSize                              = 8589934592                                {product} {command line}
   size_t MaxMetaspaceSize                         = 4294967296                                {product} {command line}
   size_t MaxNewSize                               = 5150605312                                {product} {ergonomic}
 uint64_t MaxRAM                                   = 7968243712                                {product} {ergonomic}
   size_t MinHeapDeltaBytes                        = 4194304                                   {product} {ergonomic}
   size_t MinHeapSize                              = 8388608                                   {product} {ergonomic}
   size_t NonNMethodCodeHeapSize                   = 7667712                                {pd product} {ergonomic}
   size_t NonProfiledCodeHeapSize                  = 264634368                              {pd product} {ergonomic}
   size_t ProfiledCodeHeapSize                     = 264634368                              {pd product} {ergonomic}
   size_t ReservedCodeCacheSize                    = 536936448                              {pd product} {command line, ergonomic}
     bool SegmentedCodeCache                       = true                                      {product} {ergonomic}
   size_t SoftMaxHeapSize                          = 8589934592                             {manageable} {ergonomic}
     bool UseCompressedOops                        = true                           {product lp64_product} {ergonomic}
     bool UseCondCardMark                          = true                                      {product} {ergonomic}
     bool UseFastUnorderedTimeStamps               = true                                 {experimental} {ergonomic}
     bool UseG1GC                                  = true                                      {product} {ergonomic}
     bool UseLargePagesIndividualAllocation        = false                                  {pd product} {ergonomic}
      int X86ICacheSync                            = 3                                 {ARCH diagnostic} {ergonomic}

Logging:
Log output configuration:
 #0: stdout all=warning uptime,level,tags foldmultilines=false
 #1: stderr all=off uptime,level,tags foldmultilines=false

Release file:
IMPLEMENTOR="Oracle Corporation" 
JAVA_RUNTIME_VERSION="26.0.1+8-34" 
JAVA_VERSION="26.0.1" 
JAVA_VERSION_DATE="2026-04-21" 
LIBC="default" 
MODULES="java.base java.compiler java.datatransfer java.xml java.prefs java.desktop java.instrument java.logging java.management java.security.sasl java.naming java.rmi java.management.rmi java.net.http java.scripting java.security.jgss java.transaction.xa java.sql java.sql.rowset java.xml.crypto java.se java.smartcardio jdk.accessibility jdk.internal.jvmstat jdk.attach jdk.charsets jdk.internal.opt jdk.zipfs jdk.compiler jdk.crypto.cryptoki jdk.crypto.ec jdk.crypto.mscapi jdk.dynalink jdk.internal.ed jdk.editpad jdk.internal.vm.ci jdk.graal.compiler jdk.graal.compiler.management jdk.hotspot.agent jdk.httpserver jdk.incubator.vector jdk.internal.le jdk.internal.md jdk.jartool jdk.javadoc jdk.jcmd jdk.management jdk.management.agent jdk.jconsole jdk.jdeps jdk.jdwp.agent jdk.jdi jdk.jfr jdk.jlink jdk.jpackage jdk.jshell jdk.jstatd jdk.localedata jdk.management.jfr jdk.naming.dns jdk.naming.rmi jdk.net jdk.nio.mapmode jdk.sctp jdk.security.auth jdk.security.jgss jdk.unsupported jdk.unsupported.desktop jdk.xml.dom" 
OS_ARCH="x86_64" 
OS_NAME="Windows" 
SOURCE=".:git:8fcde8268d22 open:git:fcc00fc4aee7" 

Environment Variables:
PATH=C:\Program Files\Common Files\Oracle\Java\javapath;C:\WINDOWS\system32;C:\WINDOWS;C:\WINDOWS\System32\Wbem;C:\WINDOWS\System32\WindowsPowerShell\v1.0\;C:\WINDOWS\System32\OpenSSH\;C:\Program Files\dotnet\;C:\Program Files\NVIDIA Corporation\NVIDIA App\NvDLISR;C:\Program Files (x86)\NVIDIA Corporation\PhysX\Common;C:\Program Files\Git\cmd;C:\Program Files\Docker\Docker\resources\bin;C:\Program Files\nodejs\;C:\Program Files\PostgreSQL\18\bin;C:\src\flutter\bin;C:\Program Files\GitHub CLI\;C:\Program Files (x86)\Windows Kits\10\Windows Performance Toolkit\;C:\Users\Asus\.local\bin;C:\Users\Asus\AppData\Local\Microsoft\WindowsApps;C:\Users\Asus\AppData\Local\Programs\Microsoft VS Code\bin;C:\Users\Asus\AppData\Local\Python\bin;C:\Users\Asus\AppData\Local\Python\pythoncore-3.14-64\Scripts;C:\ProgramData\Asus\GitHubDesktop\bin;C:\Users\Asus\AppData\Local\GitHubDesktop\bin;C:\Users\Asus\AppData\Local\Programs\cursor\resources\app\bin;C:\Users\Asus\AppData\Roaming\npm;C:\Users\Asus\AppData\Local\Programs\Ollama
USERNAME=Asus
OS=Windows_NT
PROCESSOR_IDENTIFIER=AMD64 Family 23 Model 96 Stepping 1, AuthenticAMD
TMP=C:\Users\Asus\AppData\Local\Temp
TEMP=C:\Users\Asus\AppData\Local\Temp




Compilation memory statistics disabled.

Periodic native trim disabled

---------------  S Y S T E M  ---------------

OS:
 Windows 11 , 64 bit Build 26100 (10.0.26100.8521)
OS uptime: 1 days 6:52 hours
Hyper-V role detected

CPU: total 16 (initial active 16) (8 cores per cpu, 2 threads per core) family 23 model 96 stepping 1 microcode 0x8600106, cx8, cmov, fxsr, ht, mmx, 3dnowpref, sse, sse2, sse3, ssse3, sse4a, sse4.1, sse4.2, popcnt, lzcnt, tsc, tscinvbit, avx, avx2, aes, clmul, bmi1, bmi2, adx, sha, fma, vzeroupper, clflush, clflushopt, clwb, hv, rdtscp, rdpid, f16c
Processor Information for the first 16 processors :
  Max Mhz: 2901, Current Mhz: 2901, Mhz Limit: 2901

Memory: 4k page, system-wide physical 7599M (3M free)
TotalPageFile size 31151M (AvailPageFile size 31M)
current process WorkingSet (physical memory assigned to process): 218M, peak: 755M
current process commit charge ("private bytes"): 2034M, peak: 2055M

vm_info: Java HotSpot(TM) 64-Bit Server VM (26.0.1+8-34) for windows-amd64 JRE (26.0.1+8-34), built on 2026-03-10T17:24:10Z with MS VC++ 17.13 (VS2022)

END.
