#
# There is insufficient memory for the Java Runtime Environment to continue.
# Native memory allocation (malloc) failed to allocate 3292312 bytes. Error detail: Chunk::new
# Possible reasons:
#   The system is out of physical RAM or swap space
#   This process is running with CompressedOops enabled, and the Java Heap may be blocking the growth of the native heap
# Possible solutions:
#   Reduce memory load on the system
#   Increase physical memory or swap space
#   Check if swap backing store is full
#   Decrease Java heap size (-Xmx/-Xms)
#   Decrease number of Java threads
#   Decrease Java thread stack sizes (-Xss)
#   Set larger code cache with -XX:ReservedCodeCacheSize=
#   JVM is running with Zero Based Compressed Oops mode in which the Java heap is
#     placed in the first 32GB address space. The Java Heap base address is the
#     maximum limit for the native heap growth. Please use -XX:HeapBaseMinAddress
#     to set the Java Heap base and to place the Java Heap above 32GB virtual address.
# This output file may be truncated or incomplete.
#
#  Out of Memory Error (arena.cpp:193), pid=25796, tid=3660
#
# JRE version: Java(TM) SE Runtime Environment (26.0.1+8) (build 26.0.1+8-34)
# Java VM: Java HotSpot(TM) 64-Bit Server VM (26.0.1+8-34, mixed mode, sharing, tiered, compressed oops, compressed class ptrs, g1 gc, windows-amd64)
# No core dump will be written. Minidumps are not enabled by default on client versions of Windows
#

---------------  S U M M A R Y ------------

Command Line: --add-opens=java.base/java.lang=ALL-UNNAMED --add-opens=java.base/java.lang.invoke=ALL-UNNAMED --add-opens=java.base/java.util=ALL-UNNAMED --add-opens=java.prefs/java.util.prefs=ALL-UNNAMED --add-exports=jdk.compiler/com.sun.tools.javac.api=ALL-UNNAMED --add-exports=jdk.compiler/com.sun.tools.javac.util=ALL-UNNAMED --add-opens=java.base/java.util=ALL-UNNAMED --add-opens=java.prefs/java.util.prefs=ALL-UNNAMED --add-opens=java.base/java.nio.charset=ALL-UNNAMED --add-opens=java.base/java.net=ALL-UNNAMED --add-opens=java.base/java.util.concurrent=ALL-UNNAMED --add-opens=java.base/java.util.concurrent.atomic=ALL-UNNAMED --add-opens=java.xml/javax.xml.namespace=ALL-UNNAMED --add-opens=java.base/java.time=ALL-UNNAMED --enable-native-access=ALL-UNNAMED -XX:MaxMetaspaceSize=4G -XX:ReservedCodeCacheSize=512m -XX:+HeapDumpOnOutOfMemoryError -Xmx8G -Dfile.encoding=UTF-8 -Duser.country=IN -Duser.language=en -Duser.variant -javaagent:C:\Users\Asus\.gradle\wrapper\dists\gradle-9.1.0-all\7wzd0jkjit61aq2p43wpjgij9\gradle-9.1.0\lib\agents\gradle-instrumentation-agent-9.1.0.jar org.gradle.launcher.daemon.bootstrap.GradleDaemon 9.1.0

Host: AMD Ryzen 7 4800H with Radeon Graphics         , 16 cores, 7G,  Windows 11 , 64 bit Build 26100 (10.0.26100.8875)
Time: Sun Jul 19 00:35:44 2026 India Standard Time elapsed time: 132.165920 seconds (0d 0h 2m 12s)

---------------  T H R E A D  ---------------

Current thread (0x00000236c4df4940):  JavaThread "C2 CompilerThread0" daemon [_thread_in_native, id=3660, stack(0x0000008d95200000,0x0000008d95300000) (1024K)]


Current CompileTask:
C2:132166 16285       4       org.gradle.internal.operations.DefaultBuildOperationRunner$BuildOperationTrackingListener::start (53 bytes)

Stack: [0x0000008d95200000,0x0000008d95300000]
Native frames: (J=compiled Java code, j=interpreted, Vv=VM code, C=native code)
V  [jvm.dll+0x7d5879]  (no source info available)
V  [jvm.dll+0x7a37dd]  (no source info available)
V  [jvm.dll+0x9b0c10]  (no source info available)
V  [jvm.dll+0x9b3061]  (no source info available)
V  [jvm.dll+0x9b3773]  (no source info available)
V  [jvm.dll+0x30df76]  (no source info available)
V  [jvm.dll+0x11d8a6]  (no source info available)
V  [jvm.dll+0x11dbce]  (no source info available)
V  [jvm.dll+0x1afbe6]  (no source info available)
V  [jvm.dll+0x3ca822]  (no source info available)
V  [jvm.dll+0x7de462]  (no source info available)
V  [jvm.dll+0x2d1647]  (no source info available)
V  [jvm.dll+0x2d05bf]  (no source info available)
V  [jvm.dll+0x246820]  (no source info available)
V  [jvm.dll+0x2e06dc]  (no source info available)
V  [jvm.dll+0x2de8bd]  (no source info available)
V  [jvm.dll+0x4a3ff1]  (no source info available)
V  [jvm.dll+0x94f649]  (no source info available)
V  [jvm.dll+0x7d7358]  (no source info available)
C  [ucrtbase.dll+0x2cd30]  (no source info available)
C  [KERNEL32.DLL+0x2e957]  (no source info available)
C  [ntdll.dll+0xaad6c]  (no source info available)

Lock stack of current Java thread (top to bottom):


---------------  P R O C E S S  ---------------

Threads class SMR info:
_java_thread_list=0x00000236cf7bbaf0, length=239, elements={
0x000002368dd76f70, 0x00000236c4dcf7a0, 0x00000236c4dd1f60, 0x00000236c4dd6060,
0x00000236c4ddfc30, 0x00000236c4ddec90, 0x00000236c4de0400, 0x00000236c4df4940,
0x00000236c4dfb0d0, 0x00000236c4de1b70, 0x00000236c4de2340, 0x00000236ca7c7840,
0x00000236ca7c60d0, 0x00000236ca7ca720, 0x00000236ca7cb6c0, 0x00000236ca7cc660,
0x00000236cbd4d7a0, 0x00000236cbd53d30, 0x00000236cbd54500, 0x00000236cbabd830,
0x00000236cbabf770, 0x00000236cbabe000, 0x00000236cbe7eb00, 0x00000236cbe80a40,
0x00000236cbe7db60, 0x00000236cbe821b0, 0x00000236cbe7f2d0, 0x00000236cbe83150,
0x00000236cbe840f0, 0x00000236cd0eb370, 0x00000236cd0ebb40, 0x00000236cd0ed2b0,
0x00000236cd0eaba0, 0x00000236ca7c9780, 0x00000236cd62dd40, 0x00000236cd62e510,
0x00000236cd62fc80, 0x00000236cd630450, 0x00000236cd62d570, 0x00000236cd632b60,
0x00000236cd632390, 0x00000236cbe7e330, 0x00000236cc11aa40, 0x00000236cc117b60,
0x00000236cc11a270, 0x00000236cc11c1b0, 0x00000236cc11c980, 0x00000236cc11e8c0,
0x00000236cc11d150, 0x00000236cab854b0, 0x00000236cab83d40, 0x00000236cab84ce0,
0x00000236cc246bc0, 0x00000236cc248330, 0x00000236cc245c20, 0x00000236cc245450,
0x00000236cc24aa40, 0x00000236cc24b210, 0x00000236cc24c1b0, 0x00000236cc2492d0,
0x00000236ccfaeee0, 0x00000236ccfae710, 0x00000236ccfac7d0, 0x00000236ccfad770,
0x00000236ccfb15f0, 0x00000236ccfb3d00, 0x00000236ccfb44d0, 0x00000236ccfb2590,
0x00000236ccfb4ca0, 0x00000236ccfb6410, 0x00000236ccfb8b20, 0x00000236ccfb7b80,
0x00000236ccfb8350, 0x00000236ccfba290, 0x00000236ccfbaa60, 0x00000236ccfbb230,
0x00000236c58c7ef0, 0x00000236c58c86c0, 0x00000236c58c9660, 0x00000236c58ccd10,
0x00000236c58cd4e0, 0x00000236c58cec50, 0x00000236c58ce480, 0x00000236c58cfbf0,
0x00000236c58d2ad0, 0x00000236c58d3a70, 0x00000236c58d32a0, 0x00000236c58d51e0,
0x00000236c58d4a10, 0x00000236c58d59b0, 0x00000236c58d6180, 0x00000236cc0cf630,
0x00000236cc0d1570, 0x00000236cc0d05d0, 0x00000236cc0d5bc0, 0x00000236cc0d3c80,
0x00000236cc0d8aa0, 0x00000236cc0db1b0, 0x00000236cc0db980, 0x00000236cc0d9a40,
0x00000236cc0da9e0, 0x00000236cc0d82d0, 0x00000236cc0dc920, 0x00000236c58c6f50,
0x00000236cae0f9a0, 0x00000236cae10170, 0x00000236cae13820, 0x00000236cae147c0,
0x00000236cae15760, 0x00000236cae120b0, 0x00000236cae15f30, 0x00000236cae13050,
0x00000236cae16ed0, 0x00000236cae18640, 0x00000236cae1c4c0, 0x00000236cae1ad50,
0x00000236cae1cc90, 0x00000236cae1dc30, 0x00000236cc0d6b60, 0x00000236cea57dd0,
0x00000236cea585a0, 0x00000236cea58d70, 0x00000236ce30b270, 0x00000236ce30ba40,
0x00000236ce30c210, 0x00000236ce30aaa0, 0x00000236ce8c67a0, 0x00000236ce8c38c0,
0x00000236cee33a50, 0x00000236cee33280, 0x00000236cee5eea0, 0x00000236cee5cf60,
0x00000236cee5df00, 0x00000236cee5d730, 0x00000236cee5f670, 0x00000236ce5fda20,
0x00000236ce5fe1f0, 0x00000236ce5fd250, 0x00000236ce5fca80, 0x00000236ce9dd2c0,
0x00000236ce9dcaf0, 0x00000236ce9dda90, 0x00000236cea123c0, 0x00000236cea10c50,
0x00000236ce30e220, 0x00000236ce30cab0, 0x00000236cec854d0, 0x00000236cec85ca0,
0x00000236cec86c40, 0x00000236cec86470, 0x00000236cec83d60, 0x00000236cec87410,
0x00000236cec84530, 0x00000236cea09390, 0x00000236cea07c20, 0x00000236ce3b8070,
0x00000236ce3bb720, 0x00000236ce8c5fd0, 0x00000236cede9760, 0x00000236cede9f30,
0x00000236ce8cf8c0, 0x00000236c58fa5c0, 0x00000236c58f9620, 0x00000236c58f76e0,
0x00000236c58fbec0, 0x00000236cec84d00, 0x00000236cab99eb0, 0x00000236cab9cd90,
0x00000236cab9c5c0, 0x00000236cab996e0, 0x00000236cab9ae50, 0x00000236cab9b620,
0x00000236cab9bdf0, 0x00000236cab9a680, 0x00000236cbb7a0b0, 0x00000236cbb7a880,
0x00000236cbb79110, 0x00000236cbb798e0, 0x00000236cbb7f910, 0x00000236cbb7d9d0,
0x00000236cbb760a0, 0x00000236cbb74160, 0x00000236cbb758d0, 0x00000236cbb77040,
0x00000236cbb73990, 0x00000236ce3cc2a0, 0x00000236ce3ce1e0, 0x00000236cbb779a0,
0x00000236cbb78940, 0x00000236cbb78170, 0x00000236ccbf9f00, 0x00000236ce8c88e0,
0x00000236cca3a660, 0x00000236cca3bdd0, 0x00000236cca3c5a0, 0x00000236cbb800e0,
0x00000236cbb7e1a0, 0x00000236cbb7e970, 0x00000236cd94a390, 0x00000236cd94b330,
0x00000236cd948450, 0x00000236cd94ab60, 0x00000236cd948c20, 0x00000236cd9493f0,
0x00000236cd94bb00, 0x00000236cd949bc0, 0x00000236ccb5bfe0, 0x00000236ce54a320,
0x00000236ce549380, 0x00000236ce549b50, 0x00000236cd9436e0, 0x00000236ccbf77f0,
0x00000236cea5d3c0, 0x00000236cf7f6140, 0x00000236ccbf7fc0, 0x00000236ccbfa6d0,
0x00000236ccbf8790, 0x00000236ccbf8f60, 0x00000236d41ca020, 0x00000236d41ccf00,
0x00000236d41c9850, 0x00000236d41cafc0, 0x00000236d41ca7f0, 0x00000236d41cb790,
0x00000236d41cc730, 0x00000236d41cbf60, 0x00000236cf254cb0, 0x00000236cf255c50,
0x00000236cf253d10, 0x00000236ce6ab260, 0x00000236cf3f3940, 0x00000236cf3f1230,
0x00000236cf3f0a60, 0x00000236cf3f1a00, 0x00000236cf3f21d0, 0x00000236cf3f29a0,
0x00000236cf3f0290, 0x00000236ceb0de40, 0x00000236cdfdf410
}

Java Threads: ( => current thread )
  0x000002368dd76f70 JavaThread "main"                              [_thread_blocked, id=26428, stack(0x0000008d94300000,0x0000008d94400000) (1024K)]
  0x00000236c4dcf7a0 JavaThread "Reference Handler"          daemon [_thread_blocked, id=12256, stack(0x0000008d94c00000,0x0000008d94d00000) (1024K)]
  0x00000236c4dd1f60 JavaThread "Finalizer"                  daemon [_thread_blocked, id=12120, stack(0x0000008d94d00000,0x0000008d94e00000) (1024K)]
  0x00000236c4dd6060 JavaThread "Signal Dispatcher"          daemon [_thread_blocked, id=32140, stack(0x0000008d94e00000,0x0000008d94f00000) (1024K)]
  0x00000236c4ddfc30 JavaThread "Attach Listener"            daemon [_thread_blocked, id=27400, stack(0x0000008d94f00000,0x0000008d95000000) (1024K)]
  0x00000236c4ddec90 JavaThread "Service Thread"             daemon [_thread_blocked, id=25724, stack(0x0000008d95000000,0x0000008d95100000) (1024K)]
  0x00000236c4de0400 JavaThread "Monitor Deflation Thread"   daemon [_thread_blocked, id=18016, stack(0x0000008d95100000,0x0000008d95200000) (1024K)]
=>0x00000236c4df4940 JavaThread "C2 CompilerThread0"         daemon [_thread_in_native, id=3660, stack(0x0000008d95200000,0x0000008d95300000) (1024K)]
  0x00000236c4dfb0d0 JavaThread "C1 CompilerThread0"         daemon [_thread_blocked, id=21080, stack(0x0000008d95300000,0x0000008d95400000) (1024K)]
  0x00000236c4de1b70 JavaThread "Common-Cleaner"             daemon [_thread_blocked, id=17436, stack(0x0000008d95400000,0x0000008d95500000) (1024K)]
  0x00000236c4de2340 JavaThread "Notification Thread"        daemon [_thread_blocked, id=456, stack(0x0000008d95500000,0x0000008d95600000) (1024K)]
  0x00000236ca7c7840 JavaThread "Daemon health stats"               [_thread_blocked, id=28160, stack(0x0000008d95b00000,0x0000008d95c00000) (1024K)]
  0x00000236ca7c60d0 JavaThread "Incoming local TCP Connector on port 49692"        [_thread_in_native, id=32404, stack(0x0000008d95c00000,0x0000008d95d00000) (1024K)]
  0x00000236ca7ca720 JavaThread "Daemon periodic checks"            [_thread_blocked, id=34492, stack(0x0000008d95d00000,0x0000008d95e00000) (1024K)]
  0x00000236ca7cb6c0 JavaThread "InnocuousThread-1"          daemon [_thread_blocked, id=22640, stack(0x0000008d95e00000,0x0000008d95f00000) (1024K)]
  0x00000236ca7cc660 JavaThread "Daemon"                            [_thread_blocked, id=14396, stack(0x0000008d95f00000,0x0000008d96000000) (1024K)]
  0x00000236cbd4d7a0 JavaThread "Handler for socket connection from /127.0.0.1:49692 to /127.0.0.1:49693"        [_thread_in_native, id=34412, stack(0x0000008d96000000,0x0000008d96100000) (1024K)]
  0x00000236cbd53d30 JavaThread "Cancel handler"                    [_thread_blocked, id=2620, stack(0x0000008d96a00000,0x0000008d96b00000) (1024K)]
  0x00000236cbd54500 JavaThread "Daemon worker"                     [_thread_in_native, id=9652, stack(0x0000008d96b00000,0x0000008d96c00000) (1024K)]
  0x00000236cbabd830 JavaThread "Asynchronous log dispatcher for DefaultDaemonConnection: socket connection from /127.0.0.1:49692 to /127.0.0.1:49693"        [_thread_blocked, id=18444, stack(0x0000008d96c00000,0x0000008d96d00000) (1024K)]
  0x00000236cbabf770 JavaThread "Stdin handler"                     [_thread_blocked, id=23236, stack(0x0000008d96d00000,0x0000008d96e00000) (1024K)]
  0x00000236cbabe000 JavaThread "Daemon client event forwarder"        [_thread_blocked, id=23868, stack(0x0000008d96e00000,0x0000008d96f00000) (1024K)]
  0x00000236cbe7eb00 JavaThread "Cache worker for journal cache (C:\Users\Asus\.gradle\caches\journal-1)"        [_thread_blocked, id=6676, stack(0x0000008d97000000,0x0000008d97100000) (1024K)]
  0x00000236cbe80a40 JavaThread "File lock request listener"        [_thread_in_native, id=33080, stack(0x0000008d97100000,0x0000008d97200000) (1024K)]
  0x00000236cbe7db60 JavaThread "Cache worker for file hash cache (C:\Users\Asus\.gradle\caches\9.1.0\fileHashes)"        [_thread_blocked, id=20092, stack(0x0000008d97200000,0x0000008d97300000) (1024K)]
  0x00000236cbe821b0 JavaThread "Cache worker for file hash cache (C:\Users\Asus\Desktop\dash\apps\mobile\android\.gradle\9.1.0\fileHashes)"        [_thread_blocked, id=31776, stack(0x0000008d97300000,0x0000008d97400000) (1024K)]
  0x00000236cbe7f2d0 JavaThread "Cache worker for Build Output Cleanup Cache (C:\Users\Asus\Desktop\dash\apps\mobile\android\.gradle\buildOutputCleanup)"        [_thread_blocked, id=23524, stack(0x0000008d97400000,0x0000008d97500000) (1024K)]
  0x00000236cbe83150 JavaThread "File watcher server"        daemon [_thread_in_native, id=6908, stack(0x0000008d97500000,0x0000008d97600000) (1024K)]
  0x00000236cbe840f0 JavaThread "File watcher consumer"      daemon [_thread_blocked, id=32344, stack(0x0000008d97600000,0x0000008d97700000) (1024K)]
  0x00000236cd0eb370 JavaThread "jar transforms"                    [_thread_blocked, id=27360, stack(0x0000008d97700000,0x0000008d97800000) (1024K)]
  0x00000236cd0ebb40 JavaThread "jar transforms Thread 2"           [_thread_blocked, id=34076, stack(0x0000008d97800000,0x0000008d97900000) (1024K)]
  0x00000236cd0ed2b0 JavaThread "jar transforms Thread 3"           [_thread_blocked, id=19136, stack(0x0000008d97900000,0x0000008d97a00000) (1024K)]
  0x00000236cd0eaba0 JavaThread "Cache worker for checksums cache (C:\Users\Asus\Desktop\dash\apps\mobile\android\.gradle\9.1.0\checksums)"        [_thread_blocked, id=31076, stack(0x0000008d97a00000,0x0000008d97b00000) (1024K)]
  0x00000236ca7c9780 JavaThread "Cache worker for file content cache (C:\Users\Asus\.gradle\caches\9.1.0\fileContent)"        [_thread_blocked, id=30804, stack(0x0000008d97b00000,0x0000008d97c00000) (1024K)]
  0x00000236cd62dd40 JavaThread "Cache worker for cache directory md-supplier (C:\Users\Asus\.gradle\caches\9.1.0\md-supplier)"        [_thread_blocked, id=29428, stack(0x0000008d97c00000,0x0000008d97d00000) (1024K)]
  0x00000236cd62e510 JavaThread "Cache worker for cache directory md-rule (C:\Users\Asus\.gradle\caches\9.1.0\md-rule)"        [_thread_blocked, id=23760, stack(0x0000008d97d00000,0x0000008d97e00000) (1024K)]
  0x00000236cd62fc80 JavaThread "jar transforms Thread 4"           [_thread_blocked, id=34008, stack(0x0000008d97e00000,0x0000008d97f00000) (1024K)]
  0x00000236cd630450 JavaThread "jar transforms Thread 5"           [_thread_blocked, id=18012, stack(0x0000008d97f00000,0x0000008d98000000) (1024K)]
  0x00000236cd62d570 JavaThread "jar transforms Thread 6"           [_thread_blocked, id=14772, stack(0x0000008d98000000,0x0000008d98100000) (1024K)]
  0x00000236cd632b60 JavaThread "jar transforms Thread 7"           [_thread_blocked, id=32964, stack(0x0000008d98100000,0x0000008d98200000) (1024K)]
  0x00000236cd632390 JavaThread "jar transforms Thread 8"           [_thread_blocked, id=30996, stack(0x0000008d98200000,0x0000008d98300000) (1024K)]
  0x00000236cbe7e330 JavaThread "jar transforms Thread 9"           [_thread_blocked, id=23624, stack(0x0000008d98300000,0x0000008d98400000) (1024K)]
  0x00000236cc11aa40 JavaThread "jar transforms Thread 10"          [_thread_blocked, id=18324, stack(0x0000008d98400000,0x0000008d98500000) (1024K)]
  0x00000236cc117b60 JavaThread "jar transforms Thread 11"          [_thread_blocked, id=4292, stack(0x0000008d98500000,0x0000008d98600000) (1024K)]
  0x00000236cc11a270 JavaThread "jar transforms Thread 12"          [_thread_blocked, id=27912, stack(0x0000008d98600000,0x0000008d98700000) (1024K)]
  0x00000236cc11c1b0 JavaThread "jar transforms Thread 13"          [_thread_blocked, id=16268, stack(0x0000008d98700000,0x0000008d98800000) (1024K)]
  0x00000236cc11c980 JavaThread "jar transforms Thread 14"          [_thread_blocked, id=10668, stack(0x0000008d98800000,0x0000008d98900000) (1024K)]
  0x00000236cc11e8c0 JavaThread "jar transforms Thread 15"          [_thread_blocked, id=31928, stack(0x0000008d98900000,0x0000008d98a00000) (1024K)]
  0x00000236cc11d150 JavaThread "Cache worker for Build Output Cleanup Cache (C:\src\flutter\packages\flutter_tools\gradle\.gradle\buildOutputCleanup)"        [_thread_blocked, id=33640, stack(0x0000008d98a00000,0x0000008d98b00000) (1024K)]
  0x00000236cab854b0 JavaThread "Unconstrained build operations"        [_thread_blocked, id=22136, stack(0x0000008d98b00000,0x0000008d98c00000) (1024K)]
  0x00000236cab83d40 JavaThread "Unconstrained build operations Thread 2"        [_thread_blocked, id=6092, stack(0x0000008d98c00000,0x0000008d98d00000) (1024K)]
  0x00000236cab84ce0 JavaThread "Unconstrained build operations Thread 3"        [_thread_blocked, id=300, stack(0x0000008d98d00000,0x0000008d98e00000) (1024K)]
  0x00000236cc246bc0 JavaThread "Unconstrained build operations Thread 4"        [_thread_blocked, id=32804, stack(0x0000008d98e00000,0x0000008d98f00000) (1024K)]
  0x00000236cc248330 JavaThread "Unconstrained build operations Thread 5"        [_thread_blocked, id=14704, stack(0x0000008d98f00000,0x0000008d99000000) (1024K)]
  0x00000236cc245c20 JavaThread "Unconstrained build operations Thread 6"        [_thread_blocked, id=22856, stack(0x0000008d99000000,0x0000008d99100000) (1024K)]
  0x00000236cc245450 JavaThread "Unconstrained build operations Thread 7"        [_thread_blocked, id=2424, stack(0x0000008d99100000,0x0000008d99200000) (1024K)]
  0x00000236cc24aa40 JavaThread "Unconstrained build operations Thread 8"        [_thread_blocked, id=21832, stack(0x0000008d99200000,0x0000008d99300000) (1024K)]
  0x00000236cc24b210 JavaThread "Unconstrained build operations Thread 9"        [_thread_blocked, id=34712, stack(0x0000008d99300000,0x0000008d99400000) (1024K)]
  0x00000236cc24c1b0 JavaThread "Unconstrained build operations Thread 10"        [_thread_blocked, id=4180, stack(0x0000008d99400000,0x0000008d99500000) (1024K)]
  0x00000236cc2492d0 JavaThread "Unconstrained build operations Thread 11"        [_thread_blocked, id=32020, stack(0x0000008d99500000,0x0000008d99600000) (1024K)]
  0x00000236ccfaeee0 JavaThread "Unconstrained build operations Thread 12"        [_thread_blocked, id=5060, stack(0x0000008d99600000,0x0000008d99700000) (1024K)]
  0x00000236ccfae710 JavaThread "Unconstrained build operations Thread 13"        [_thread_blocked, id=34556, stack(0x0000008d99700000,0x0000008d99800000) (1024K)]
  0x00000236ccfac7d0 JavaThread "Unconstrained build operations Thread 14"        [_thread_blocked, id=21152, stack(0x0000008d99800000,0x0000008d99900000) (1024K)]
  0x00000236ccfad770 JavaThread "Unconstrained build operations Thread 15"        [_thread_blocked, id=30676, stack(0x0000008d99900000,0x0000008d99a00000) (1024K)]
  0x00000236ccfb15f0 JavaThread "Unconstrained build operations Thread 16"        [_thread_blocked, id=15776, stack(0x0000008d99a00000,0x0000008d99b00000) (1024K)]
  0x00000236ccfb3d00 JavaThread "Unconstrained build operations Thread 17"        [_thread_blocked, id=28156, stack(0x0000008d99b00000,0x0000008d99c00000) (1024K)]
  0x00000236ccfb44d0 JavaThread "Unconstrained build operations Thread 18"        [_thread_blocked, id=33928, stack(0x0000008d99c00000,0x0000008d99d00000) (1024K)]
  0x00000236ccfb2590 JavaThread "Unconstrained build operations Thread 19"        [_thread_blocked, id=9072, stack(0x0000008d99d00000,0x0000008d99e00000) (1024K)]
  0x00000236ccfb4ca0 JavaThread "Unconstrained build operations Thread 20"        [_thread_blocked, id=31880, stack(0x0000008d99e00000,0x0000008d99f00000) (1024K)]
  0x00000236ccfb6410 JavaThread "Unconstrained build operations Thread 21"        [_thread_blocked, id=15140, stack(0x0000008d99f00000,0x0000008d9a000000) (1024K)]
  0x00000236ccfb8b20 JavaThread "Unconstrained build operations Thread 22"        [_thread_blocked, id=34332, stack(0x0000008d9a000000,0x0000008d9a100000) (1024K)]
  0x00000236ccfb7b80 JavaThread "Unconstrained build operations Thread 23"        [_thread_blocked, id=27740, stack(0x0000008d9a100000,0x0000008d9a200000) (1024K)]
  0x00000236ccfb8350 JavaThread "Unconstrained build operations Thread 24"        [_thread_blocked, id=31052, stack(0x0000008d9a200000,0x0000008d9a300000) (1024K)]
  0x00000236ccfba290 JavaThread "Unconstrained build operations Thread 25"        [_thread_blocked, id=27116, stack(0x0000008d9a300000,0x0000008d9a400000) (1024K)]
  0x00000236ccfbaa60 JavaThread "Unconstrained build operations Thread 26"        [_thread_blocked, id=14192, stack(0x0000008d9a400000,0x0000008d9a500000) (1024K)]
  0x00000236ccfbb230 JavaThread "Unconstrained build operations Thread 27"        [_thread_blocked, id=20660, stack(0x0000008d9a500000,0x0000008d9a600000) (1024K)]
  0x00000236c58c7ef0 JavaThread "Unconstrained build operations Thread 28"        [_thread_blocked, id=31852, stack(0x0000008d9a600000,0x0000008d9a700000) (1024K)]
  0x00000236c58c86c0 JavaThread "Unconstrained build operations Thread 29"        [_thread_blocked, id=28620, stack(0x0000008d9a700000,0x0000008d9a800000) (1024K)]
  0x00000236c58c9660 JavaThread "Unconstrained build operations Thread 30"        [_thread_blocked, id=33168, stack(0x0000008d9a800000,0x0000008d9a900000) (1024K)]
  0x00000236c58ccd10 JavaThread "Unconstrained build operations Thread 31"        [_thread_blocked, id=3004, stack(0x0000008d9aa00000,0x0000008d9ab00000) (1024K)]
  0x00000236c58cd4e0 JavaThread "Unconstrained build operations Thread 32"        [_thread_blocked, id=31952, stack(0x0000008d9ab00000,0x0000008d9ac00000) (1024K)]
  0x00000236c58cec50 JavaThread "Unconstrained build operations Thread 33"        [_thread_blocked, id=31312, stack(0x0000008d9ac00000,0x0000008d9ad00000) (1024K)]
  0x00000236c58ce480 JavaThread "Unconstrained build operations Thread 34"        [_thread_blocked, id=10724, stack(0x0000008d9ad00000,0x0000008d9ae00000) (1024K)]
  0x00000236c58cfbf0 JavaThread "Unconstrained build operations Thread 35"        [_thread_blocked, id=27420, stack(0x0000008d9ae00000,0x0000008d9af00000) (1024K)]
  0x00000236c58d2ad0 JavaThread "Unconstrained build operations Thread 36"        [_thread_blocked, id=34232, stack(0x0000008d9af00000,0x0000008d9b000000) (1024K)]
  0x00000236c58d3a70 JavaThread "Unconstrained build operations Thread 37"        [_thread_blocked, id=15624, stack(0x0000008d9b000000,0x0000008d9b100000) (1024K)]
  0x00000236c58d32a0 JavaThread "Unconstrained build operations Thread 38"        [_thread_blocked, id=33276, stack(0x0000008d9b100000,0x0000008d9b200000) (1024K)]
  0x00000236c58d51e0 JavaThread "Unconstrained build operations Thread 39"        [_thread_blocked, id=27252, stack(0x0000008d9b200000,0x0000008d9b300000) (1024K)]
  0x00000236c58d4a10 JavaThread "Unconstrained build operations Thread 40"        [_thread_blocked, id=27132, stack(0x0000008d9b300000,0x0000008d9b400000) (1024K)]
  0x00000236c58d59b0 JavaThread "Unconstrained build operations Thread 41"        [_thread_blocked, id=24628, stack(0x0000008d9b400000,0x0000008d9b500000) (1024K)]
  0x00000236c58d6180 JavaThread "Unconstrained build operations Thread 42"        [_thread_blocked, id=28148, stack(0x0000008d9b500000,0x0000008d9b600000) (1024K)]
  0x00000236cc0cf630 JavaThread "Unconstrained build operations Thread 43"        [_thread_blocked, id=15352, stack(0x0000008d9b600000,0x0000008d9b700000) (1024K)]
  0x00000236cc0d1570 JavaThread "Unconstrained build operations Thread 44"        [_thread_blocked, id=12852, stack(0x0000008d9b700000,0x0000008d9b800000) (1024K)]
  0x00000236cc0d05d0 JavaThread "Unconstrained build operations Thread 45"        [_thread_blocked, id=14536, stack(0x0000008d9b800000,0x0000008d9b900000) (1024K)]
  0x00000236cc0d5bc0 JavaThread "Memory manager"                    [_thread_blocked, id=2960, stack(0x0000008d9bc00000,0x0000008d9bd00000) (1024K)]
  0x00000236cc0d3c80 JavaThread "build event listener"              [_thread_blocked, id=28132, stack(0x0000008d9bb00000,0x0000008d9bc00000) (1024K)]
  0x00000236cc0d8aa0 JavaThread "included builds"                   [_thread_blocked, id=404, stack(0x0000008d9bd00000,0x0000008d9be00000) (1024K)]
  0x00000236cc0db1b0 JavaThread "Execution worker"                  [_thread_blocked, id=13368, stack(0x0000008d9be00000,0x0000008d9bf00000) (1024K)]
  0x00000236cc0db980 JavaThread "Execution worker Thread 2"         [_thread_blocked, id=30940, stack(0x0000008d9bf00000,0x0000008d9c000000) (1024K)]
  0x00000236cc0d9a40 JavaThread "Execution worker Thread 3"         [_thread_blocked, id=11572, stack(0x0000008d9c000000,0x0000008d9c100000) (1024K)]
  0x00000236cc0da9e0 JavaThread "Execution worker Thread 4"         [_thread_blocked, id=5880, stack(0x0000008d9c100000,0x0000008d9c200000) (1024K)]
  0x00000236cc0d82d0 JavaThread "Execution worker Thread 5"         [_thread_blocked, id=20416, stack(0x0000008d9c200000,0x0000008d9c300000) (1024K)]
  0x00000236cc0dc920 JavaThread "Execution worker Thread 6"         [_thread_blocked, id=9164, stack(0x0000008d9c300000,0x0000008d9c400000) (1024K)]
  0x00000236c58c6f50 JavaThread "Execution worker Thread 7"         [_thread_blocked, id=23668, stack(0x0000008d9c400000,0x0000008d9c500000) (1024K)]
  0x00000236cae0f9a0 JavaThread "Execution worker Thread 8"         [_thread_blocked, id=29076, stack(0x0000008d9c500000,0x0000008d9c600000) (1024K)]
  0x00000236cae10170 JavaThread "Execution worker Thread 9"         [_thread_blocked, id=33996, stack(0x0000008d9c600000,0x0000008d9c700000) (1024K)]
  0x00000236cae13820 JavaThread "Execution worker Thread 10"        [_thread_blocked, id=27936, stack(0x0000008d9c700000,0x0000008d9c800000) (1024K)]
  0x00000236cae147c0 JavaThread "Execution worker Thread 11"        [_thread_blocked, id=18280, stack(0x0000008d9c800000,0x0000008d9c900000) (1024K)]
  0x00000236cae15760 JavaThread "Execution worker Thread 12"        [_thread_blocked, id=13508, stack(0x0000008d9c900000,0x0000008d9ca00000) (1024K)]
  0x00000236cae120b0 JavaThread "Execution worker Thread 13"        [_thread_blocked, id=34720, stack(0x0000008d9ca00000,0x0000008d9cb00000) (1024K)]
  0x00000236cae15f30 JavaThread "Execution worker Thread 14"        [_thread_blocked, id=14788, stack(0x0000008d9cb00000,0x0000008d9cc00000) (1024K)]
  0x00000236cae13050 JavaThread "Execution worker Thread 15"        [_thread_blocked, id=32224, stack(0x0000008d9cc00000,0x0000008d9cd00000) (1024K)]
  0x00000236cae16ed0 JavaThread "Cache worker for execution history cache (C:\src\flutter\packages\flutter_tools\gradle\.gradle\9.1.0\executionHistory)"        [_thread_blocked, id=7704, stack(0x0000008d9cd00000,0x0000008d9ce00000) (1024K)]
  0x00000236cae18640 JavaThread "Unconstrained build operations Thread 46"        [_thread_blocked, id=26992, stack(0x0000008d9ba00000,0x0000008d9bb00000) (1024K)]
  0x00000236cae1c4c0 JavaThread "Unconstrained build operations Thread 47"        [_thread_blocked, id=26788, stack(0x0000008d9ce00000,0x0000008d9cf00000) (1024K)]
  0x00000236cae1ad50 JavaThread "Unconstrained build operations Thread 48"        [_thread_blocked, id=8748, stack(0x0000008d9cf00000,0x0000008d9d000000) (1024K)]
  0x00000236cae1cc90 JavaThread "Unconstrained build operations Thread 49"        [_thread_blocked, id=29424, stack(0x0000008d9d000000,0x0000008d9d100000) (1024K)]
  0x00000236cae1dc30 JavaThread "Unconstrained build operations Thread 50"        [_thread_blocked, id=2188, stack(0x0000008d9d100000,0x0000008d9d200000) (1024K)]
  0x00000236cc0d6b60 JavaThread "Unconstrained build operations Thread 51"        [_thread_blocked, id=6404, stack(0x0000008d9d200000,0x0000008d9d300000) (1024K)]
  0x00000236cea57dd0 JavaThread "Unconstrained build operations Thread 52"        [_thread_blocked, id=25612, stack(0x0000008d9d300000,0x0000008d9d400000) (1024K)]
  0x00000236cea585a0 JavaThread "Unconstrained build operations Thread 53"        [_thread_blocked, id=33260, stack(0x0000008d9d400000,0x0000008d9d500000) (1024K)]
  0x00000236cea58d70 JavaThread "Unconstrained build operations Thread 54"        [_thread_blocked, id=34728, stack(0x0000008d9d500000,0x0000008d9d600000) (1024K)]
  0x00000236ce30b270 JavaThread "Unconstrained build operations Thread 55"        [_thread_blocked, id=30308, stack(0x0000008d9d600000,0x0000008d9d700000) (1024K)]
  0x00000236ce30ba40 JavaThread "Unconstrained build operations Thread 56"        [_thread_blocked, id=17564, stack(0x0000008d9d700000,0x0000008d9d800000) (1024K)]
  0x00000236ce30c210 JavaThread "Unconstrained build operations Thread 57"        [_thread_blocked, id=28592, stack(0x0000008d9d800000,0x0000008d9d900000) (1024K)]
  0x00000236ce30aaa0 JavaThread "Unconstrained build operations Thread 58"        [_thread_blocked, id=30508, stack(0x0000008d9d900000,0x0000008d9da00000) (1024K)]
  0x00000236ce8c67a0 JavaThread "Unconstrained build operations Thread 59"        [_thread_blocked, id=22816, stack(0x0000008d9da00000,0x0000008d9db00000) (1024K)]
  0x00000236ce8c38c0 JavaThread "Unconstrained build operations Thread 60"        [_thread_blocked, id=20280, stack(0x0000008d9db00000,0x0000008d9dc00000) (1024K)]
  0x00000236cee33a50 JavaThread "Unconstrained build operations Thread 61"        [_thread_blocked, id=23680, stack(0x0000008d9dc00000,0x0000008d9dd00000) (1024K)]
  0x00000236cee33280 JavaThread "Unconstrained build operations Thread 62"        [_thread_blocked, id=17180, stack(0x0000008d9dd00000,0x0000008d9de00000) (1024K)]
  0x00000236cee5eea0 JavaThread "Unconstrained build operations Thread 63"        [_thread_blocked, id=1768, stack(0x0000008d9de00000,0x0000008d9df00000) (1024K)]
  0x00000236cee5cf60 JavaThread "Unconstrained build operations Thread 64"        [_thread_blocked, id=29140, stack(0x0000008d9df00000,0x0000008d9e000000) (1024K)]
  0x00000236cee5df00 JavaThread "Unconstrained build operations Thread 65"        [_thread_blocked, id=22704, stack(0x0000008d9e000000,0x0000008d9e100000) (1024K)]
  0x00000236cee5d730 JavaThread "Unconstrained build operations Thread 66"        [_thread_blocked, id=17704, stack(0x0000008d9e100000,0x0000008d9e200000) (1024K)]
  0x00000236cee5f670 JavaThread "Unconstrained build operations Thread 67"        [_thread_blocked, id=34396, stack(0x0000008d9e200000,0x0000008d9e300000) (1024K)]
  0x00000236ce5fda20 JavaThread "Unconstrained build operations Thread 68"        [_thread_blocked, id=27488, stack(0x0000008d9e300000,0x0000008d9e400000) (1024K)]
  0x00000236ce5fe1f0 JavaThread "Unconstrained build operations Thread 69"        [_thread_blocked, id=25704, stack(0x0000008d9e400000,0x0000008d9e500000) (1024K)]
  0x00000236ce5fd250 JavaThread "Unconstrained build operations Thread 70"        [_thread_blocked, id=32936, stack(0x0000008d9e500000,0x0000008d9e600000) (1024K)]
  0x00000236ce5fca80 JavaThread "Unconstrained build operations Thread 71"        [_thread_blocked, id=34744, stack(0x0000008d9e600000,0x0000008d9e700000) (1024K)]
  0x00000236ce9dd2c0 JavaThread "Unconstrained build operations Thread 72"        [_thread_blocked, id=30916, stack(0x0000008d9e700000,0x0000008d9e800000) (1024K)]
  0x00000236ce9dcaf0 JavaThread "Unconstrained build operations Thread 73"        [_thread_blocked, id=32276, stack(0x0000008d9e800000,0x0000008d9e900000) (1024K)]
  0x00000236ce9dda90 JavaThread "Unconstrained build operations Thread 74"        [_thread_blocked, id=8328, stack(0x0000008d9e900000,0x0000008d9ea00000) (1024K)]
  0x00000236cea123c0 JavaThread "Unconstrained build operations Thread 75"        [_thread_blocked, id=23416, stack(0x0000008d9ea00000,0x0000008d9eb00000) (1024K)]
  0x00000236cea10c50 JavaThread "Unconstrained build operations Thread 76"        [_thread_blocked, id=25924, stack(0x0000008d9eb00000,0x0000008d9ec00000) (1024K)]
  0x00000236ce30e220 JavaThread "Unconstrained build operations Thread 77"        [_thread_blocked, id=25648, stack(0x0000008d9ec00000,0x0000008d9ed00000) (1024K)]
  0x00000236ce30cab0 JavaThread "Unconstrained build operations Thread 78"        [_thread_blocked, id=1352, stack(0x0000008d9ed00000,0x0000008d9ee00000) (1024K)]
  0x00000236cec854d0 JavaThread "Unconstrained build operations Thread 79"        [_thread_blocked, id=11820, stack(0x0000008d9ee00000,0x0000008d9ef00000) (1024K)]
  0x00000236cec85ca0 JavaThread "Unconstrained build operations Thread 80"        [_thread_blocked, id=19328, stack(0x0000008d9ef00000,0x0000008d9f000000) (1024K)]
  0x00000236cec86c40 JavaThread "Unconstrained build operations Thread 81"        [_thread_blocked, id=33932, stack(0x0000008d9f000000,0x0000008d9f100000) (1024K)]
  0x00000236cec86470 JavaThread "Unconstrained build operations Thread 82"        [_thread_blocked, id=13340, stack(0x0000008d9f100000,0x0000008d9f200000) (1024K)]
  0x00000236cec83d60 JavaThread "Unconstrained build operations Thread 83"        [_thread_blocked, id=32776, stack(0x0000008d9f200000,0x0000008d9f300000) (1024K)]
  0x00000236cec87410 JavaThread "Unconstrained build operations Thread 84"        [_thread_blocked, id=31644, stack(0x0000008d9f300000,0x0000008d9f400000) (1024K)]
  0x00000236cec84530 JavaThread "Unconstrained build operations Thread 85"        [_thread_blocked, id=4172, stack(0x0000008d9f400000,0x0000008d9f500000) (1024K)]
  0x00000236cea09390 JavaThread "Unconstrained build operations Thread 86"        [_thread_blocked, id=32756, stack(0x0000008d9f500000,0x0000008d9f600000) (1024K)]
  0x00000236cea07c20 JavaThread "Unconstrained build operations Thread 87"        [_thread_blocked, id=32192, stack(0x0000008d9f600000,0x0000008d9f700000) (1024K)]
  0x00000236ce3b8070 JavaThread "Unconstrained build operations Thread 88"        [_thread_blocked, id=29472, stack(0x0000008d9f700000,0x0000008d9f800000) (1024K)]
  0x00000236ce3bb720 JavaThread "Unconstrained build operations Thread 89"        [_thread_blocked, id=32808, stack(0x0000008d9f800000,0x0000008d9f900000) (1024K)]
  0x00000236ce8c5fd0 JavaThread "Unconstrained build operations Thread 90"        [_thread_blocked, id=2904, stack(0x0000008d9f900000,0x0000008d9fa00000) (1024K)]
  0x00000236cede9760 JavaThread "Unconstrained build operations Thread 91"        [_thread_blocked, id=27724, stack(0x0000008d9fa00000,0x0000008d9fb00000) (1024K)]
  0x00000236cede9f30 JavaThread "WorkerExecutor Queue"              [_thread_blocked, id=33768, stack(0x0000008d9fb00000,0x0000008d9fc00000) (1024K)]
  0x00000236ce8cf8c0 JavaThread "RMI Scheduler(0)"           daemon [_thread_blocked, id=27060, stack(0x0000008d95900000,0x0000008d95a00000) (1024K)]
  0x00000236c58fa5c0 JavaThread "RMI GC Daemon"              daemon [_thread_blocked, id=25516, stack(0x0000008d9b900000,0x0000008d9ba00000) (1024K)]
  0x00000236c58f9620 JavaThread "RMI TCP Accept-0"           daemon [_thread_in_native, id=34648, stack(0x0000008d94000000,0x0000008d94100000) (1024K)]
  0x00000236c58f76e0 JavaThread "RMI Reaper"                        [_thread_blocked, id=19276, stack(0x0000008d94100000,0x0000008d94200000) (1024K)]
  0x00000236c58fbec0 JavaThread "RMI TCP Connection(idle)"   daemon [_thread_blocked, id=6916, stack(0x0000008d94200000,0x0000008d94300000) (1024K)]
  0x00000236cec84d00 JavaThread "Unconstrained build operations Thread 92"        [_thread_blocked, id=5496, stack(0x0000008d9a900000,0x0000008d9aa00000) (1024K)]
  0x00000236cab99eb0 JavaThread "Unconstrained build operations Thread 93"        [_thread_blocked, id=19284, stack(0x0000008d9fc00000,0x0000008d9fd00000) (1024K)]
  0x00000236cab9cd90 JavaThread "Unconstrained build operations Thread 94"        [_thread_blocked, id=27372, stack(0x0000008d9fd00000,0x0000008d9fe00000) (1024K)]
  0x00000236cab9c5c0 JavaThread "Unconstrained build operations Thread 95"        [_thread_blocked, id=31620, stack(0x0000008d9fe00000,0x0000008d9ff00000) (1024K)]
  0x00000236cab996e0 JavaThread "Unconstrained build operations Thread 96"        [_thread_blocked, id=10104, stack(0x0000008d9ff00000,0x0000008da0000000) (1024K)]
  0x00000236cab9ae50 JavaThread "Unconstrained build operations Thread 97"        [_thread_blocked, id=20452, stack(0x0000008da0000000,0x0000008da0100000) (1024K)]
  0x00000236cab9b620 JavaThread "Unconstrained build operations Thread 98"        [_thread_blocked, id=17780, stack(0x0000008da0100000,0x0000008da0200000) (1024K)]
  0x00000236cab9bdf0 JavaThread "Unconstrained build operations Thread 99"        [_thread_blocked, id=34260, stack(0x0000008da0200000,0x0000008da0300000) (1024K)]
  0x00000236cab9a680 JavaThread "Unconstrained build operations Thread 100"        [_thread_blocked, id=22808, stack(0x0000008da0300000,0x0000008da0400000) (1024K)]
  0x00000236cbb7a0b0 JavaThread "Unconstrained build operations Thread 101"        [_thread_blocked, id=34136, stack(0x0000008da0400000,0x0000008da0500000) (1024K)]
  0x00000236cbb7a880 JavaThread "Unconstrained build operations Thread 102"        [_thread_blocked, id=33532, stack(0x0000008da0500000,0x0000008da0600000) (1024K)]
  0x00000236cbb79110 JavaThread "Unconstrained build operations Thread 103"        [_thread_blocked, id=34796, stack(0x0000008da0600000,0x0000008da0700000) (1024K)]
  0x00000236cbb798e0 JavaThread "Unconstrained build operations Thread 104"        [_thread_blocked, id=21136, stack(0x0000008da0700000,0x0000008da0800000) (1024K)]
  0x00000236cbb7f910 JavaThread "Unconstrained build operations Thread 105"        [_thread_blocked, id=25916, stack(0x0000008da0800000,0x0000008da0900000) (1024K)]
  0x00000236cbb7d9d0 JavaThread "Unconstrained build operations Thread 106"        [_thread_blocked, id=10640, stack(0x0000008da0900000,0x0000008da0a00000) (1024K)]
  0x00000236cbb760a0 JavaThread "Unconstrained build operations Thread 107"        [_thread_blocked, id=22852, stack(0x0000008da0a00000,0x0000008da0b00000) (1024K)]
  0x00000236cbb74160 JavaThread "Unconstrained build operations Thread 108"        [_thread_blocked, id=25356, stack(0x0000008da0b00000,0x0000008da0c00000) (1024K)]
  0x00000236cbb758d0 JavaThread "Unconstrained build operations Thread 109"        [_thread_blocked, id=14900, stack(0x0000008da0c00000,0x0000008da0d00000) (1024K)]
  0x00000236cbb77040 JavaThread "Unconstrained build operations Thread 110"        [_thread_blocked, id=6008, stack(0x0000008da0d00000,0x0000008da0e00000) (1024K)]
  0x00000236cbb73990 JavaThread "Unconstrained build operations Thread 111"        [_thread_blocked, id=31248, stack(0x0000008da0e00000,0x0000008da0f00000) (1024K)]
  0x00000236ce3cc2a0 JavaThread "Unconstrained build operations Thread 112"        [_thread_blocked, id=33372, stack(0x0000008da0f00000,0x0000008da1000000) (1024K)]
  0x00000236ce3ce1e0 JavaThread "Unconstrained build operations Thread 113"        [_thread_blocked, id=27688, stack(0x0000008da1000000,0x0000008da1100000) (1024K)]
  0x00000236cbb779a0 JavaThread "Unconstrained build operations Thread 114"        [_thread_blocked, id=23020, stack(0x0000008da1100000,0x0000008da1200000) (1024K)]
  0x00000236cbb78940 JavaThread "Unconstrained build operations Thread 115"        [_thread_blocked, id=25692, stack(0x0000008da1200000,0x0000008da1300000) (1024K)]
  0x00000236cbb78170 JavaThread "Unconstrained build operations Thread 116"        [_thread_blocked, id=34252, stack(0x0000008da1300000,0x0000008da1400000) (1024K)]
  0x00000236ccbf9f00 JavaThread "Unconstrained build operations Thread 117"        [_thread_blocked, id=10148, stack(0x0000008da1400000,0x0000008da1500000) (1024K)]
  0x00000236ce8c88e0 JavaThread "Unconstrained build operations Thread 118"        [_thread_blocked, id=25788, stack(0x0000008da1500000,0x0000008da1600000) (1024K)]
  0x00000236cca3a660 JavaThread "Unconstrained build operations Thread 119"        [_thread_blocked, id=7348, stack(0x0000008da1600000,0x0000008da1700000) (1024K)]
  0x00000236cca3bdd0 JavaThread "Unconstrained build operations Thread 120"        [_thread_blocked, id=22272, stack(0x0000008da1700000,0x0000008da1800000) (1024K)]
  0x00000236cca3c5a0 JavaThread "Unconstrained build operations Thread 121"        [_thread_blocked, id=15304, stack(0x0000008da1800000,0x0000008da1900000) (1024K)]
  0x00000236cbb800e0 JavaThread "Unconstrained build operations Thread 122"        [_thread_blocked, id=19376, stack(0x0000008da1900000,0x0000008da1a00000) (1024K)]
  0x00000236cbb7e1a0 JavaThread "Unconstrained build operations Thread 123"        [_thread_blocked, id=4128, stack(0x0000008da1a00000,0x0000008da1b00000) (1024K)]
  0x00000236cbb7e970 JavaThread "Unconstrained build operations Thread 124"        [_thread_blocked, id=34496, stack(0x0000008da1b00000,0x0000008da1c00000) (1024K)]
  0x00000236cd94a390 JavaThread "Unconstrained build operations Thread 125"        [_thread_blocked, id=5604, stack(0x0000008da1c00000,0x0000008da1d00000) (1024K)]
  0x00000236cd94b330 JavaThread "Unconstrained build operations Thread 126"        [_thread_blocked, id=33568, stack(0x0000008da1d00000,0x0000008da1e00000) (1024K)]
  0x00000236cd948450 JavaThread "Unconstrained build operations Thread 127"        [_thread_blocked, id=31968, stack(0x0000008da1e00000,0x0000008da1f00000) (1024K)]
  0x00000236cd94ab60 JavaThread "Unconstrained build operations Thread 128"        [_thread_blocked, id=11396, stack(0x0000008da1f00000,0x0000008da2000000) (1024K)]
  0x00000236cd948c20 JavaThread "Unconstrained build operations Thread 129"        [_thread_blocked, id=33312, stack(0x0000008da2000000,0x0000008da2100000) (1024K)]
  0x00000236cd9493f0 JavaThread "Unconstrained build operations Thread 130"        [_thread_blocked, id=24092, stack(0x0000008da2100000,0x0000008da2200000) (1024K)]
  0x00000236cd94bb00 JavaThread "Unconstrained build operations Thread 131"        [_thread_blocked, id=25100, stack(0x0000008da2200000,0x0000008da2300000) (1024K)]
  0x00000236cd949bc0 JavaThread "Unconstrained build operations Thread 132"        [_thread_blocked, id=27328, stack(0x0000008da2300000,0x0000008da2400000) (1024K)]
  0x00000236ccb5bfe0 JavaThread "Unconstrained build operations Thread 133"        [_thread_blocked, id=9980, stack(0x0000008da2400000,0x0000008da2500000) (1024K)]
  0x00000236ce54a320 JavaThread "Unconstrained build operations Thread 134"        [_thread_blocked, id=17700, stack(0x0000008da2500000,0x0000008da2600000) (1024K)]
  0x00000236ce549380 JavaThread "Unconstrained build operations Thread 135"        [_thread_blocked, id=9524, stack(0x0000008da2600000,0x0000008da2700000) (1024K)]
  0x00000236ce549b50 JavaThread "Unconstrained build operations Thread 136"        [_thread_blocked, id=20120, stack(0x0000008da2700000,0x0000008da2800000) (1024K)]
  0x00000236cd9436e0 JavaThread "build event listener"              [_thread_blocked, id=13280, stack(0x0000008da2900000,0x0000008da2a00000) (1024K)]
  0x00000236ccbf77f0 JavaThread "build event listener"              [_thread_blocked, id=33324, stack(0x0000008da2c00000,0x0000008da2d00000) (1024K)]
  0x00000236cea5d3c0 JavaThread "Problems report writer"            [_thread_blocked, id=22124, stack(0x0000008da2800000,0x0000008da2900000) (1024K)]
  0x00000236cf7f6140 JavaThread "C1 CompilerThread1"         daemon [_thread_blocked, id=33452, stack(0x0000008da2a00000,0x0000008da2b00000) (1024K)]
  0x00000236ccbf7fc0 JavaThread "Unconstrained build operations Thread 137"        [_thread_blocked, id=28276, stack(0x0000008da2b00000,0x0000008da2c00000) (1024K)]
  0x00000236ccbfa6d0 JavaThread "Unconstrained build operations Thread 138"        [_thread_blocked, id=2208, stack(0x0000008da2d00000,0x0000008da2e00000) (1024K)]
  0x00000236ccbf8790 JavaThread "Unconstrained build operations Thread 139"        [_thread_blocked, id=32548, stack(0x0000008da2e00000,0x0000008da2f00000) (1024K)]
  0x00000236ccbf8f60 JavaThread "Unconstrained build operations Thread 140"        [_thread_blocked, id=32532, stack(0x0000008da2f00000,0x0000008da3000000) (1024K)]
  0x00000236d41ca020 JavaThread "Unconstrained build operations Thread 141"        [_thread_blocked, id=15076, stack(0x0000008da3000000,0x0000008da3100000) (1024K)]
  0x00000236d41ccf00 JavaThread "Unconstrained build operations Thread 142"        [_thread_blocked, id=31772, stack(0x0000008da3100000,0x0000008da3200000) (1024K)]
  0x00000236d41c9850 JavaThread "Unconstrained build operations Thread 143"        [_thread_blocked, id=14008, stack(0x0000008da3200000,0x0000008da3300000) (1024K)]
  0x00000236d41cafc0 JavaThread "Unconstrained build operations Thread 144"        [_thread_blocked, id=10164, stack(0x0000008da3300000,0x0000008da3400000) (1024K)]
  0x00000236d41ca7f0 JavaThread "Unconstrained build operations Thread 145"        [_thread_blocked, id=23436, stack(0x0000008da3400000,0x0000008da3500000) (1024K)]
  0x00000236d41cb790 JavaThread "Unconstrained build operations Thread 146"        [_thread_blocked, id=19124, stack(0x0000008da3500000,0x0000008da3600000) (1024K)]
  0x00000236d41cc730 JavaThread "Unconstrained build operations Thread 147"        [_thread_blocked, id=11200, stack(0x0000008da3600000,0x0000008da3700000) (1024K)]
  0x00000236d41cbf60 JavaThread "Unconstrained build operations Thread 148"        [_thread_blocked, id=33732, stack(0x0000008da3700000,0x0000008da3800000) (1024K)]
  0x00000236cf254cb0 JavaThread "Unconstrained build operations Thread 149"        [_thread_blocked, id=26372, stack(0x0000008da3800000,0x0000008da3900000) (1024K)]
  0x00000236cf255c50 JavaThread "Unconstrained build operations Thread 150"        [_thread_blocked, id=22164, stack(0x0000008da3900000,0x0000008da3a00000) (1024K)]
  0x00000236cf253d10 JavaThread "Unconstrained build operations Thread 151"        [_thread_blocked, id=34368, stack(0x0000008da3a00000,0x0000008da3b00000) (1024K)]
  0x00000236ce6ab260 JavaThread "Unconstrained build operations Thread 152"        [_thread_blocked, id=31188, stack(0x0000008da3b00000,0x0000008da3c00000) (1024K)]
  0x00000236cf3f3940 JavaThread "Unconstrained build operations Thread 153"        [_thread_blocked, id=4424, stack(0x0000008da3c00000,0x0000008da3d00000) (1024K)]
  0x00000236cf3f1230 JavaThread "Unconstrained build operations Thread 154"        [_thread_blocked, id=30164, stack(0x0000008da3d00000,0x0000008da3e00000) (1024K)]
  0x00000236cf3f0a60 JavaThread "Unconstrained build operations Thread 155"        [_thread_blocked, id=33036, stack(0x0000008da3e00000,0x0000008da3f00000) (1024K)]
  0x00000236cf3f1a00 JavaThread "Unconstrained build operations Thread 156"        [_thread_blocked, id=25076, stack(0x0000008da3f00000,0x0000008da4000000) (1024K)]
  0x00000236cf3f21d0 JavaThread "Unconstrained build operations Thread 157"        [_thread_blocked, id=31060, stack(0x0000008da4200000,0x0000008da4300000) (1024K)]
  0x00000236cf3f29a0 JavaThread "Unconstrained build operations Thread 158"        [_thread_blocked, id=22024, stack(0x0000008da4300000,0x0000008da4400000) (1024K)]
  0x00000236cf3f0290 JavaThread "Unconstrained build operations Thread 159"        [_thread_blocked, id=31124, stack(0x0000008da4400000,0x0000008da4500000) (1024K)]
  0x00000236ceb0de40 JavaThread "Unconstrained build operations Thread 160"        [_thread_blocked, id=27128, stack(0x0000008da4500000,0x0000008da4600000) (1024K)]
  0x00000236cdfdf410 JavaThread "C2 CompilerThread1"         daemon [_thread_in_native, id=18060, stack(0x0000008da4600000,0x0000008da4700000) (1024K)]
Total: 239

Other Threads:
  0x00000236c4dc0850 VMThread "VM Thread"                           [id=30272, stack(0x0000008d94b00000,0x0000008d94c00000) (1024K)]
  0x00000236c4c8fb00 WatcherThread "VM Periodic Task Thread"        [id=14048, stack(0x0000008d94a00000,0x0000008d94b00000) (1024K)]
  0x000002368dde6620 WorkerThread "GC Thread#0"                     [id=32384, stack(0x0000008d94400000,0x0000008d94500000) (1024K)]
  0x00000236c5820250 WorkerThread "GC Thread#1"                     [id=22764, stack(0x0000008d95600000,0x0000008d95700000) (1024K)]
  0x00000236cb7bae10 WorkerThread "GC Thread#2"                     [id=30864, stack(0x0000008d95a00000,0x0000008d95b00000) (1024K)]
  0x00000236cba2bfc0 WorkerThread "GC Thread#3"                     [id=4104, stack(0x0000008d96100000,0x0000008d96200000) (1024K)]
  0x00000236cba2c410 WorkerThread "GC Thread#4"                     [id=25872, stack(0x0000008d96200000,0x0000008d96300000) (1024K)]
  0x00000236cba2c860 WorkerThread "GC Thread#5"                     [id=33656, stack(0x0000008d96300000,0x0000008d96400000) (1024K)]
  0x00000236cba294a0 WorkerThread "GC Thread#6"                     [id=24940, stack(0x0000008d96400000,0x0000008d96500000) (1024K)]
  0x00000236cba2b720 WorkerThread "GC Thread#7"                     [id=21392, stack(0x0000008d96500000,0x0000008d96600000) (1024K)]
  0x00000236cba2a190 WorkerThread "GC Thread#8"                     [id=27776, stack(0x0000008d96600000,0x0000008d96700000) (1024K)]
  0x00000236cba298f0 WorkerThread "GC Thread#9"                     [id=32524, stack(0x0000008d96700000,0x0000008d96800000) (1024K)]
  0x00000236cba2a5e0 WorkerThread "GC Thread#10"                    [id=4548, stack(0x0000008d96800000,0x0000008d96900000) (1024K)]
  0x00000236cba2aa30 WorkerThread "GC Thread#11"                    [id=25448, stack(0x0000008d96900000,0x0000008d96a00000) (1024K)]
  0x00000236cba29d40 WorkerThread "GC Thread#12"                    [id=33128, stack(0x0000008d96f00000,0x0000008d97000000) (1024K)]
  0x000002368bacdfc0 ConcurrentGCThread "G1 Main Marker"            [id=10380, stack(0x0000008d94500000,0x0000008d94600000) (1024K)]
  0x000002368ddfc240 WorkerThread "G1 Conc#0"                       [id=30812, stack(0x0000008d94600000,0x0000008d94700000) (1024K)]
  0x00000236c5859320 WorkerThread "G1 Conc#1"                       [id=13784, stack(0x0000008d95700000,0x0000008d95800000) (1024K)]
  0x00000236c5859740 WorkerThread "G1 Conc#2"                       [id=13248, stack(0x0000008d95800000,0x0000008d95900000) (1024K)]
  0x00000236c4c813d0 WorkerThread "G1 Refinement Workers#0"         [id=15196, stack(0x0000008d94800000,0x0000008d94900000) (1024K)]
  0x00000236c4c80b60 ConcurrentGCThread "G1 Refine Control"         [id=31000, stack(0x0000008d94700000,0x0000008d94800000) (1024K)]
  0x00000236c4c828c0 ConcurrentGCThread "G1 Service"                [id=16140, stack(0x0000008d94900000,0x0000008d94a00000) (1024K)]
Total: 22

Threads with active compile tasks:
C2 CompilerThread0  132290 16285       4       org.gradle.internal.operations.DefaultBuildOperationRunner$BuildOperationTrackingListener::start (53 bytes)
C1 CompilerThread0  132290 16720       3       org.gradle.api.internal.file.pattern.PatternMatcher::<init> (5 bytes)
C2 CompilerThread1  132290 16272       4       java.beans.MethodRef::set (58 bytes)
Total: 3

VM state: not at safepoint (normal execution)

VM Mutex/Monitor currently owned by a thread: None

Heap address: 0x0000000600000000, size: 8192 MB, Compressed Oops mode: Zero based, Oop shift amount: 3

CDS archive(s) mapped at: [0x0000000090000000-0x0000000090de0000-0x0000000090de0000), size 14548992, SharedBaseAddress: 0x0000000090000000, ArchiveRelocationMode: 1.
Compressed class space mapped at: 0x0000000091000000-0x00000000d1000000, reserved size: 1073741824
UseCompressedClassPointers 1, UseCompactObjectHeaders 0
Narrow klass pointer bits 32, Max shift 3
Narrow klass base: 0x0000000090000000, Narrow klass shift: 0
Encoding Range: [0x0000000090000000 - 0x0000000190000000), (4294967296 bytes)
Klass Range:    [0x0000000090000000 - 0x00000000d1000000), (1090519040 bytes)
Klass ID Range:  [8 - 1090519033) (1090519025)
Protection zone: [0x0000000090000000 - 0x0000000090010000), (65536 bytes)

GC Precious Log:
 CardTable entry size: 512
 Card Set container configuration: InlinePtr #cards 4 size 8 Array Of Cards #cards 32 size 80 Howl #buckets 8 coarsen threshold 7372 Howl Bitmap #cards 1024 size 144 coarsen threshold 921 Card regions per heap region 1 cards per card region 8192
 CPUs: 16 total, 16 available
 Memory: 7599M
 Large Page Support: Disabled
 NUMA Support: Disabled
 Compressed Oops: Enabled (Zero based)
 Heap Region Size: 4M
 Heap Min Capacity: 8M
 Heap Initial Capacity: 8M
 Heap Max Capacity: 8G
 Pre-touch: Disabled
 Parallel Workers: 13
 Concurrent Workers: 3
 Concurrent Refinement Workers: 13
 Periodic GC: Disabled

Heap:
 garbage-first heap   total reserved 8388608K, committed 589824K, used 170501K [0x0000000600000000, 0x0000000800000000)
  region size 4M, 8 eden (32M), 7 survivor (28M), 27 old (108M), 1 humongous (4M), 101 free (404M)

Heap Regions: E=young(eden), S=young(survivor), O=old, HS=humongous(starts), HC=humongous(continues), CS=collection set, F=free, TAMS=top-at-mark-start, PB=parsable bottom
|    0|0x0000000600000000, 0x0000000600400000, 0x0000000600400000|100%|HS|  |TAMS 0x0000000600000000| PB 0x0000000600000000| Complete  |  0
|    1|0x0000000600400000, 0x0000000600800000, 0x0000000600800000|100%| O|  |TAMS 0x0000000600400000| PB 0x0000000600400000| Untracked |  0
|    2|0x0000000600800000, 0x0000000600c00000, 0x0000000600c00000|100%| O|  |TAMS 0x0000000600800000| PB 0x0000000600800000| Untracked |  0
|    3|0x0000000600c00000, 0x0000000601000000, 0x0000000601000000|100%| O|  |TAMS 0x0000000600c00000| PB 0x0000000600c00000| Untracked |  0
|    4|0x0000000601000000, 0x0000000601400000, 0x0000000601400000|100%| O|  |TAMS 0x0000000601000000| PB 0x0000000601000000| Untracked |  0
|    5|0x0000000601400000, 0x0000000601800000, 0x0000000601800000|100%| O|  |TAMS 0x0000000601400000| PB 0x0000000601400000| Untracked |  0
|    6|0x0000000601800000, 0x0000000601c00000, 0x0000000601c00000|100%| O|  |TAMS 0x0000000601800000| PB 0x0000000601800000| Untracked |  0
|    7|0x0000000601c00000, 0x0000000602000000, 0x0000000602000000|100%| O|  |TAMS 0x0000000601c00000| PB 0x0000000601c00000| Untracked |  0
|    8|0x0000000602000000, 0x0000000602400000, 0x0000000602400000|100%| O|  |TAMS 0x0000000602000000| PB 0x0000000602000000| Untracked |  0
|    9|0x0000000602400000, 0x0000000602800000, 0x0000000602800000|100%| O|  |TAMS 0x0000000602400000| PB 0x0000000602400000| Untracked |  0
|   10|0x0000000602800000, 0x0000000602c00000, 0x0000000602c00000|100%| O|  |TAMS 0x0000000602800000| PB 0x0000000602800000| Untracked |  0
|   11|0x0000000602c00000, 0x0000000603000000, 0x0000000603000000|100%| O|  |TAMS 0x0000000602c00000| PB 0x0000000602c00000| Untracked |  0
|   12|0x0000000603000000, 0x0000000603400000, 0x0000000603400000|100%| O|  |TAMS 0x0000000603000000| PB 0x0000000603000000| Untracked |  0
|   13|0x0000000603400000, 0x0000000603800000, 0x0000000603800000|100%| O|  |TAMS 0x0000000603400000| PB 0x0000000603400000| Untracked |  0
|   14|0x0000000603800000, 0x0000000603c00000, 0x0000000603c00000|100%| O|  |TAMS 0x0000000603800000| PB 0x0000000603800000| Untracked |  0
|   15|0x0000000603c00000, 0x0000000604000000, 0x0000000604000000|100%| O|  |TAMS 0x0000000603c00000| PB 0x0000000603c00000| Untracked |  0
|   16|0x0000000604000000, 0x0000000604400000, 0x0000000604400000|100%| O|  |TAMS 0x0000000604000000| PB 0x0000000604000000| Untracked |  0
|   17|0x0000000604400000, 0x0000000604800000, 0x0000000604800000|100%| O|  |TAMS 0x0000000604400000| PB 0x0000000604400000| Untracked |  0
|   18|0x0000000604800000, 0x0000000604c00000, 0x0000000604c00000|100%| O|  |TAMS 0x0000000604800000| PB 0x0000000604800000| Untracked |  0
|   19|0x0000000604c00000, 0x0000000605000000, 0x0000000605000000|100%| O|  |TAMS 0x0000000604c00000| PB 0x0000000604c00000| Untracked |  0
|   20|0x0000000605000000, 0x00000006052c2018, 0x0000000605400000| 68%| O|  |TAMS 0x0000000605000000| PB 0x0000000605000000| Untracked |  0
|   21|0x0000000605400000, 0x0000000605800000, 0x0000000605800000|100%| O|  |TAMS 0x0000000605400000| PB 0x0000000605400000| Untracked |  0
|   22|0x0000000605800000, 0x0000000605c00000, 0x0000000605c00000|100%| O|  |TAMS 0x0000000605800000| PB 0x0000000605800000| Untracked |  0
|   23|0x0000000605c00000, 0x0000000606000000, 0x0000000606000000|100%| O|  |TAMS 0x0000000605c00000| PB 0x0000000605c00000| Untracked |  0
|   24|0x0000000606000000, 0x0000000606400000, 0x0000000606400000|100%| O|  |TAMS 0x0000000606000000| PB 0x0000000606000000| Untracked |  0
|   25|0x0000000606400000, 0x0000000606400000, 0x0000000606800000|  0%| F|  |TAMS 0x0000000606400000| PB 0x0000000606400000| Untracked |  0
|   26|0x0000000606800000, 0x0000000606800000, 0x0000000606c00000|  0%| F|  |TAMS 0x0000000606800000| PB 0x0000000606800000| Untracked |  0
|   27|0x0000000606c00000, 0x0000000606c00000, 0x0000000607000000|  0%| F|  |TAMS 0x0000000606c00000| PB 0x0000000606c00000| Untracked |  0
|   28|0x0000000607000000, 0x0000000607000000, 0x0000000607400000|  0%| F|  |TAMS 0x0000000607000000| PB 0x0000000607000000| Untracked |  0
|   29|0x0000000607400000, 0x0000000607400000, 0x0000000607800000|  0%| F|  |TAMS 0x0000000607400000| PB 0x0000000607400000| Untracked |  0
|   30|0x0000000607800000, 0x0000000607800000, 0x0000000607c00000|  0%| F|  |TAMS 0x0000000607800000| PB 0x0000000607800000| Untracked |  0
|   31|0x0000000607c00000, 0x0000000607c00000, 0x0000000608000000|  0%| F|  |TAMS 0x0000000607c00000| PB 0x0000000607c00000| Untracked |  0
|   32|0x0000000608000000, 0x0000000608000000, 0x0000000608400000|  0%| F|  |TAMS 0x0000000608000000| PB 0x0000000608000000| Untracked |  0
|   33|0x0000000608400000, 0x0000000608400000, 0x0000000608800000|  0%| F|  |TAMS 0x0000000608400000| PB 0x0000000608400000| Untracked |  0
|   34|0x0000000608800000, 0x0000000608800000, 0x0000000608c00000|  0%| F|  |TAMS 0x0000000608800000| PB 0x0000000608800000| Untracked |  0
|   35|0x0000000608c00000, 0x0000000608c00000, 0x0000000609000000|  0%| F|  |TAMS 0x0000000608c00000| PB 0x0000000608c00000| Untracked |  0
|   36|0x0000000609000000, 0x0000000609000000, 0x0000000609400000|  0%| F|  |TAMS 0x0000000609000000| PB 0x0000000609000000| Untracked |  0
|   37|0x0000000609400000, 0x0000000609400000, 0x0000000609800000|  0%| F|  |TAMS 0x0000000609400000| PB 0x0000000609400000| Untracked |  0
|   38|0x0000000609800000, 0x0000000609800000, 0x0000000609c00000|  0%| F|  |TAMS 0x0000000609800000| PB 0x0000000609800000| Untracked |  0
|   39|0x0000000609c00000, 0x0000000609c00000, 0x000000060a000000|  0%| F|  |TAMS 0x0000000609c00000| PB 0x0000000609c00000| Untracked |  0
|   40|0x000000060a000000, 0x000000060a000000, 0x000000060a400000|  0%| F|  |TAMS 0x000000060a000000| PB 0x000000060a000000| Untracked |  0
|   41|0x000000060a400000, 0x000000060a400000, 0x000000060a800000|  0%| F|  |TAMS 0x000000060a400000| PB 0x000000060a400000| Untracked |  0
|   42|0x000000060a800000, 0x000000060a800000, 0x000000060ac00000|  0%| F|  |TAMS 0x000000060a800000| PB 0x000000060a800000| Untracked |  0
|   43|0x000000060ac00000, 0x000000060ac00000, 0x000000060b000000|  0%| F|  |TAMS 0x000000060ac00000| PB 0x000000060ac00000| Untracked |  0
|   44|0x000000060b000000, 0x000000060b000000, 0x000000060b400000|  0%| F|  |TAMS 0x000000060b000000| PB 0x000000060b000000| Untracked |  0
|   45|0x000000060b400000, 0x000000060b400000, 0x000000060b800000|  0%| F|  |TAMS 0x000000060b400000| PB 0x000000060b400000| Untracked |  0
|   46|0x000000060b800000, 0x000000060b800000, 0x000000060bc00000|  0%| F|  |TAMS 0x000000060b800000| PB 0x000000060b800000| Untracked |  0
|   47|0x000000060bc00000, 0x000000060bc00000, 0x000000060c000000|  0%| F|  |TAMS 0x000000060bc00000| PB 0x000000060bc00000| Untracked |  0
|   48|0x000000060c000000, 0x000000060c000000, 0x000000060c400000|  0%| F|  |TAMS 0x000000060c000000| PB 0x000000060c000000| Untracked |  0
|   49|0x000000060c400000, 0x000000060c400000, 0x000000060c800000|  0%| F|  |TAMS 0x000000060c400000| PB 0x000000060c400000| Untracked |  0
|   50|0x000000060c800000, 0x000000060c800000, 0x000000060cc00000|  0%| F|  |TAMS 0x000000060c800000| PB 0x000000060c800000| Untracked |  0
|   51|0x000000060cc00000, 0x000000060cc00000, 0x000000060d000000|  0%| F|  |TAMS 0x000000060cc00000| PB 0x000000060cc00000| Untracked |  0
|   52|0x000000060d000000, 0x000000060d000000, 0x000000060d400000|  0%| F|  |TAMS 0x000000060d000000| PB 0x000000060d000000| Untracked |  0
|   53|0x000000060d400000, 0x000000060d400000, 0x000000060d800000|  0%| F|  |TAMS 0x000000060d400000| PB 0x000000060d400000| Untracked |  0
|   54|0x000000060d800000, 0x000000060d800000, 0x000000060dc00000|  0%| F|  |TAMS 0x000000060d800000| PB 0x000000060d800000| Untracked |  0
|   55|0x000000060dc00000, 0x000000060dc00000, 0x000000060e000000|  0%| F|  |TAMS 0x000000060dc00000| PB 0x000000060dc00000| Untracked |  0
|   56|0x000000060e000000, 0x000000060e000000, 0x000000060e400000|  0%| F|  |TAMS 0x000000060e000000| PB 0x000000060e000000| Untracked |  0
|   57|0x000000060e400000, 0x000000060e400000, 0x000000060e800000|  0%| F|  |TAMS 0x000000060e400000| PB 0x000000060e400000| Untracked |  0
|   58|0x000000060e800000, 0x000000060e800000, 0x000000060ec00000|  0%| F|  |TAMS 0x000000060e800000| PB 0x000000060e800000| Untracked |  0
|   59|0x000000060ec00000, 0x000000060ec00000, 0x000000060f000000|  0%| F|  |TAMS 0x000000060ec00000| PB 0x000000060ec00000| Untracked |  0
|   60|0x000000060f000000, 0x000000060f000000, 0x000000060f400000|  0%| F|  |TAMS 0x000000060f000000| PB 0x000000060f000000| Untracked |  0
|   61|0x000000060f400000, 0x000000060f400000, 0x000000060f800000|  0%| F|  |TAMS 0x000000060f400000| PB 0x000000060f400000| Untracked |  0
|   62|0x000000060f800000, 0x000000060f800000, 0x000000060fc00000|  0%| F|  |TAMS 0x000000060f800000| PB 0x000000060f800000| Untracked |  0
|   63|0x000000060fc00000, 0x000000060fc00000, 0x0000000610000000|  0%| F|  |TAMS 0x000000060fc00000| PB 0x000000060fc00000| Untracked |  0
|   64|0x0000000610000000, 0x0000000610000000, 0x0000000610400000|  0%| F|  |TAMS 0x0000000610000000| PB 0x0000000610000000| Untracked |  0
|   65|0x0000000610400000, 0x0000000610400000, 0x0000000610800000|  0%| F|  |TAMS 0x0000000610400000| PB 0x0000000610400000| Untracked |  0
|   66|0x0000000610800000, 0x0000000610800000, 0x0000000610c00000|  0%| F|  |TAMS 0x0000000610800000| PB 0x0000000610800000| Untracked |  0
|   67|0x0000000610c00000, 0x0000000610c00000, 0x0000000611000000|  0%| F|  |TAMS 0x0000000610c00000| PB 0x0000000610c00000| Untracked |  0
|   68|0x0000000611000000, 0x0000000611000000, 0x0000000611400000|  0%| F|  |TAMS 0x0000000611000000| PB 0x0000000611000000| Untracked |  0
|   69|0x0000000611400000, 0x0000000611400000, 0x0000000611800000|  0%| F|  |TAMS 0x0000000611400000| PB 0x0000000611400000| Untracked |  0
|   70|0x0000000611800000, 0x0000000611800000, 0x0000000611c00000|  0%| F|  |TAMS 0x0000000611800000| PB 0x0000000611800000| Untracked |  0
|   71|0x0000000611c00000, 0x0000000611c00000, 0x0000000612000000|  0%| F|  |TAMS 0x0000000611c00000| PB 0x0000000611c00000| Untracked |  0
|   72|0x0000000612000000, 0x0000000612000000, 0x0000000612400000|  0%| F|  |TAMS 0x0000000612000000| PB 0x0000000612000000| Untracked |  0
|   73|0x0000000612400000, 0x0000000612400000, 0x0000000612800000|  0%| F|  |TAMS 0x0000000612400000| PB 0x0000000612400000| Untracked |  0
|   74|0x0000000612800000, 0x0000000612800000, 0x0000000612c00000|  0%| F|  |TAMS 0x0000000612800000| PB 0x0000000612800000| Untracked |  0
|   75|0x0000000612c00000, 0x0000000612c00000, 0x0000000613000000|  0%| F|  |TAMS 0x0000000612c00000| PB 0x0000000612c00000| Untracked |  0
|   76|0x0000000613000000, 0x0000000613000000, 0x0000000613400000|  0%| F|  |TAMS 0x0000000613000000| PB 0x0000000613000000| Untracked |  0
|   77|0x0000000613400000, 0x0000000613400000, 0x0000000613800000|  0%| F|  |TAMS 0x0000000613400000| PB 0x0000000613400000| Untracked |  0
|   78|0x0000000613800000, 0x0000000613800000, 0x0000000613c00000|  0%| F|  |TAMS 0x0000000613800000| PB 0x0000000613800000| Untracked |  0
|   79|0x0000000613c00000, 0x0000000613c00000, 0x0000000614000000|  0%| F|  |TAMS 0x0000000613c00000| PB 0x0000000613c00000| Untracked |  0
|   80|0x0000000614000000, 0x0000000614000000, 0x0000000614400000|  0%| F|  |TAMS 0x0000000614000000| PB 0x0000000614000000| Untracked |  0
|   81|0x0000000614400000, 0x0000000614400000, 0x0000000614800000|  0%| F|  |TAMS 0x0000000614400000| PB 0x0000000614400000| Untracked |  0
|   82|0x0000000614800000, 0x0000000614bbf528, 0x0000000614c00000| 93%| S|CS|TAMS 0x0000000614800000| PB 0x0000000614800000| Complete  |  0
|   83|0x0000000614c00000, 0x0000000615000000, 0x0000000615000000|100%| S|CS|TAMS 0x0000000614c00000| PB 0x0000000614c00000| Complete  |  0
|   84|0x0000000615000000, 0x0000000615400000, 0x0000000615400000|100%| S|CS|TAMS 0x0000000615000000| PB 0x0000000615000000| Complete  |  0
|   85|0x0000000615400000, 0x0000000615800000, 0x0000000615800000|100%| S|CS|TAMS 0x0000000615400000| PB 0x0000000615400000| Complete  |  0
|   86|0x0000000615800000, 0x0000000615c00000, 0x0000000615c00000|100%| S|CS|TAMS 0x0000000615800000| PB 0x0000000615800000| Complete  |  0
|   87|0x0000000615c00000, 0x0000000616000000, 0x0000000616000000|100%| S|CS|TAMS 0x0000000615c00000| PB 0x0000000615c00000| Complete  |  0
|   88|0x0000000616000000, 0x0000000616400000, 0x0000000616400000|100%| S|CS|TAMS 0x0000000616000000| PB 0x0000000616000000| Complete  |  0
|   89|0x0000000616400000, 0x0000000616400000, 0x0000000616800000|  0%| F|  |TAMS 0x0000000616400000| PB 0x0000000616400000| Untracked |  0
|   90|0x0000000616800000, 0x0000000616800000, 0x0000000616c00000|  0%| F|  |TAMS 0x0000000616800000| PB 0x0000000616800000| Untracked |  0
|   91|0x0000000616c00000, 0x0000000616c00000, 0x0000000617000000|  0%| F|  |TAMS 0x0000000616c00000| PB 0x0000000616c00000| Untracked |  0
|   92|0x0000000617000000, 0x0000000617000000, 0x0000000617400000|  0%| F|  |TAMS 0x0000000617000000| PB 0x0000000617000000| Untracked |  0
|   93|0x0000000617400000, 0x0000000617400000, 0x0000000617800000|  0%| F|  |TAMS 0x0000000617400000| PB 0x0000000617400000| Untracked |  0
|   94|0x0000000617800000, 0x0000000617800000, 0x0000000617c00000|  0%| F|  |TAMS 0x0000000617800000| PB 0x0000000617800000| Untracked |  0
|   95|0x0000000617c00000, 0x0000000617c00000, 0x0000000618000000|  0%| F|  |TAMS 0x0000000617c00000| PB 0x0000000617c00000| Untracked |  0
|   96|0x0000000618000000, 0x0000000618000000, 0x0000000618400000|  0%| F|  |TAMS 0x0000000618000000| PB 0x0000000618000000| Untracked |  0
|   97|0x0000000618400000, 0x0000000618400000, 0x0000000618800000|  0%| F|  |TAMS 0x0000000618400000| PB 0x0000000618400000| Untracked |  0
|   98|0x0000000618800000, 0x0000000618800000, 0x0000000618c00000|  0%| F|  |TAMS 0x0000000618800000| PB 0x0000000618800000| Untracked |  0
|   99|0x0000000618c00000, 0x0000000618c00000, 0x0000000619000000|  0%| F|  |TAMS 0x0000000618c00000| PB 0x0000000618c00000| Untracked |  0
|  100|0x0000000619000000, 0x0000000619000000, 0x0000000619400000|  0%| F|  |TAMS 0x0000000619000000| PB 0x0000000619000000| Untracked |  0
|  101|0x0000000619400000, 0x0000000619400000, 0x0000000619800000|  0%| F|  |TAMS 0x0000000619400000| PB 0x0000000619400000| Untracked |  0
|  102|0x0000000619800000, 0x0000000619800000, 0x0000000619c00000|  0%| F|  |TAMS 0x0000000619800000| PB 0x0000000619800000| Untracked |  0
|  103|0x0000000619c00000, 0x0000000619c00000, 0x000000061a000000|  0%| F|  |TAMS 0x0000000619c00000| PB 0x0000000619c00000| Untracked |  0
|  104|0x000000061a000000, 0x000000061a000000, 0x000000061a400000|  0%| F|  |TAMS 0x000000061a000000| PB 0x000000061a000000| Untracked |  0
|  105|0x000000061a400000, 0x000000061a400000, 0x000000061a800000|  0%| F|  |TAMS 0x000000061a400000| PB 0x000000061a400000| Untracked |  0
|  106|0x000000061a800000, 0x000000061a800000, 0x000000061ac00000|  0%| F|  |TAMS 0x000000061a800000| PB 0x000000061a800000| Untracked |  0
|  107|0x000000061ac00000, 0x000000061ac00000, 0x000000061b000000|  0%| F|  |TAMS 0x000000061ac00000| PB 0x000000061ac00000| Untracked |  0
|  108|0x000000061b000000, 0x000000061b000000, 0x000000061b400000|  0%| F|  |TAMS 0x000000061b000000| PB 0x000000061b000000| Untracked |  0
|  109|0x000000061b400000, 0x000000061b400000, 0x000000061b800000|  0%| F|  |TAMS 0x000000061b400000| PB 0x000000061b400000| Untracked |  0
|  110|0x000000061b800000, 0x000000061b800000, 0x000000061bc00000|  0%| F|  |TAMS 0x000000061b800000| PB 0x000000061b800000| Untracked |  0
|  111|0x000000061bc00000, 0x000000061bc00000, 0x000000061c000000|  0%| F|  |TAMS 0x000000061bc00000| PB 0x000000061bc00000| Untracked |  0
|  112|0x000000061c000000, 0x000000061c000000, 0x000000061c400000|  0%| F|  |TAMS 0x000000061c000000| PB 0x000000061c000000| Untracked |  0
|  113|0x000000061c400000, 0x000000061c400000, 0x000000061c800000|  0%| F|  |TAMS 0x000000061c400000| PB 0x000000061c400000| Untracked |  0
|  114|0x000000061c800000, 0x000000061c800000, 0x000000061cc00000|  0%| F|  |TAMS 0x000000061c800000| PB 0x000000061c800000| Untracked |  0
|  115|0x000000061cc00000, 0x000000061cc00000, 0x000000061d000000|  0%| F|  |TAMS 0x000000061cc00000| PB 0x000000061cc00000| Untracked |  0
|  116|0x000000061d000000, 0x000000061d000000, 0x000000061d400000|  0%| F|  |TAMS 0x000000061d000000| PB 0x000000061d000000| Untracked |  0
|  117|0x000000061d400000, 0x000000061d400000, 0x000000061d800000|  0%| F|  |TAMS 0x000000061d400000| PB 0x000000061d400000| Untracked |  0
|  118|0x000000061d800000, 0x000000061d800000, 0x000000061dc00000|  0%| F|  |TAMS 0x000000061d800000| PB 0x000000061d800000| Untracked |  0
|  119|0x000000061dc00000, 0x000000061dc00000, 0x000000061e000000|  0%| F|  |TAMS 0x000000061dc00000| PB 0x000000061dc00000| Untracked |  0
|  120|0x000000061e000000, 0x000000061e000000, 0x000000061e400000|  0%| F|  |TAMS 0x000000061e000000| PB 0x000000061e000000| Untracked |  0
|  121|0x000000061e400000, 0x000000061e400000, 0x000000061e800000|  0%| F|  |TAMS 0x000000061e400000| PB 0x000000061e400000| Untracked |  0
|  122|0x000000061e800000, 0x000000061e800000, 0x000000061ec00000|  0%| F|  |TAMS 0x000000061e800000| PB 0x000000061e800000| Untracked |  0
|  123|0x000000061ec00000, 0x000000061ec00000, 0x000000061f000000|  0%| F|  |TAMS 0x000000061ec00000| PB 0x000000061ec00000| Untracked |  0
|  124|0x000000061f000000, 0x000000061f000000, 0x000000061f400000|  0%| F|  |TAMS 0x000000061f000000| PB 0x000000061f000000| Untracked |  0
|  125|0x000000061f400000, 0x000000061f400000, 0x000000061f800000|  0%| F|  |TAMS 0x000000061f400000| PB 0x000000061f400000| Untracked |  0
|  126|0x000000061f800000, 0x000000061f800000, 0x000000061fc00000|  0%| F|  |TAMS 0x000000061f800000| PB 0x000000061f800000| Untracked |  0
|  127|0x000000061fc00000, 0x000000061fc00000, 0x0000000620000000|  0%| F|  |TAMS 0x000000061fc00000| PB 0x000000061fc00000| Untracked |  0
|  128|0x0000000620000000, 0x0000000620000000, 0x0000000620400000|  0%| F|  |TAMS 0x0000000620000000| PB 0x0000000620000000| Untracked |  0
|  129|0x0000000620400000, 0x0000000620400000, 0x0000000620800000|  0%| F|  |TAMS 0x0000000620400000| PB 0x0000000620400000| Untracked |  0
|  130|0x0000000620800000, 0x0000000620800000, 0x0000000620c00000|  0%| F|  |TAMS 0x0000000620800000| PB 0x0000000620800000| Untracked |  0
|  131|0x0000000620c00000, 0x0000000620c00000, 0x0000000621000000|  0%| F|  |TAMS 0x0000000620c00000| PB 0x0000000620c00000| Untracked |  0
|  132|0x0000000621000000, 0x0000000621000000, 0x0000000621400000|  0%| F|  |TAMS 0x0000000621000000| PB 0x0000000621000000| Untracked |  0
|  133|0x0000000621400000, 0x0000000621690d28, 0x0000000621800000| 64%| E|CS|TAMS 0x0000000621400000| PB 0x0000000621400000| Complete  |  0
|  134|0x0000000621800000, 0x0000000621c00000, 0x0000000621c00000|100%| E|CS|TAMS 0x0000000621800000| PB 0x0000000621800000| Complete  |  0
|  135|0x0000000621c00000, 0x0000000622000000, 0x0000000622000000|100%| E|CS|TAMS 0x0000000621c00000| PB 0x0000000621c00000| Complete  |  0
|  136|0x0000000622000000, 0x0000000622400000, 0x0000000622400000|100%| E|CS|TAMS 0x0000000622000000| PB 0x0000000622000000| Complete  |  0
|  137|0x0000000622400000, 0x0000000622800000, 0x0000000622800000|100%| E|CS|TAMS 0x0000000622400000| PB 0x0000000622400000| Complete  |  0
|  138|0x0000000622800000, 0x0000000622c00000, 0x0000000622c00000|100%| E|CS|TAMS 0x0000000622800000| PB 0x0000000622800000| Complete  |  0
|  139|0x0000000622c00000, 0x0000000623000000, 0x0000000623000000|100%| E|CS|TAMS 0x0000000622c00000| PB 0x0000000622c00000| Complete  |  0
| 2044|0x00000007ff000000, 0x00000007ff400000, 0x00000007ff400000|100%| O|  |TAMS 0x00000007ff000000| PB 0x00000007ff000000| Untracked |  0
| 2045|0x00000007ff400000, 0x00000007ff800000, 0x00000007ff800000|100%| O|  |TAMS 0x00000007ff400000| PB 0x00000007ff400000| Untracked |  0
| 2046|0x00000007ff800000, 0x00000007ffc00000, 0x00000007ffc00000|100%| O|  |TAMS 0x00000007ff800000| PB 0x00000007ff800000| Untracked |  0
| 2047|0x00000007ffc00000, 0x0000000800000000, 0x0000000800000000|100%| E|CS|TAMS 0x00000007ffc00000| PB 0x00000007ffc00000| Complete  |  0

Card table byte_map: [0x00000236b95f0000,0x00000236ba5f0000] _byte_map_base: 0x00000236b65f0000
Refinement table byte_map: [0x00000236b85f0000,0x00000236b95f0000] _byte_map_base: 0x00000236b55f0000

Marking Bits: (CMBitMap*) 0x000002368dde6da0
 Bits: [0x00000236ba5f0000, 0x00000236c25f0000)

Polling page: 0x000002368bbb0000

Metaspace:
Metaspace        used 111562K, committed 114112K, reserved 1179648K
 class space     used 16373K, committed 17600K, reserved 1048576K

Usage:
  Non-class:     92.96 MB used.
      Class:     15.99 MB used.
       Both:    108.95 MB used.

Virtual space:
  Non-class space:      128.00 MB reserved,      94.25 MB ( 74%) committed,  2 nodes.
      Class space:        1.00 GB reserved,      17.19 MB (  2%) committed,  1 nodes.
             Both:        1.12 GB reserved,     111.44 MB ( 10%) committed. 

Chunk freelists:
   Non-Class:  1.14 MB
       Class:  14.78 MB
        Both:  15.92 MB

MaxMetaspaceSize: 4.00 GB
CompressedClassSpaceSize: 1.00 GB
Initial GC threshold: 21.00 MB
Current GC threshold: 117.94 MB
CDS: on
 - commit_granule_bytes: 65536.
 - commit_granule_words: 8192.
 - virtual_space_node_default_size: 8388608.
 - enlarge_chunks_in_place: 1.
UseCompressedClassPointers 1, UseCompactObjectHeaders 0
Narrow klass pointer bits 32, Max shift 3
Narrow klass base: 0x0000000090000000, Narrow klass shift: 0
Encoding Range: [0x0000000090000000 - 0x0000000190000000), (4294967296 bytes)
Klass Range:    [0x0000000090000000 - 0x00000000d1000000), (1090519040 bytes)
Klass ID Range:  [8 - 1090519033) (1090519025)
Protection zone: [0x0000000090000000 - 0x0000000090010000), (65536 bytes)


Internal statistics:

num_allocs_failed_limit: 10.
num_arena_births: 4440.
num_arena_deaths: 0.
num_vsnodes_births: 3.
num_vsnodes_deaths: 0.
num_space_committed: 1783.
num_space_uncommitted: 0.
num_chunks_returned_to_freelist: 10.
num_chunks_taken_from_freelist: 9409.
num_chunk_merges: 10.
num_chunk_splits: 6328.
num_chunks_enlarged: 4217.
num_inconsistent_stats: 0.

CodeHeap 'non-profiled nmethods': size=258432Kb used=6808Kb max_used=6808Kb free=251623Kb
 bounds [0x00000236a6dc0000, 0x00000236a7470000, 0x00000236b6a20000]
CodeHeap 'profiled nmethods': size=258432Kb used=25050Kb max_used=25050Kb free=233381Kb
 bounds [0x0000023696a10000, 0x0000023698290000, 0x00000236a6670000]
CodeHeap 'non-nmethods': size=7488Kb used=2681Kb max_used=3831Kb free=4806Kb
 bounds [0x00000236a6670000, 0x00000236a6a40000, 0x00000236a6dc0000]
CodeCache: size=524352Kb, used=34539Kb, max_used=35689Kb, free=489810Kb
 total_blobs=16747, nmethods=15801, adapters=848, full_count=0
Compilation: enabled, stopped_count=0, restarted_count=0

Compilation events (20 events):
Event: 131.101 Thread 0x00000236c4dfb0d0 16612       3       com.google.common.collect.Iterators$ConcatenatedIterator::next (33 bytes)
Event: 131.101 Thread 0x00000236c4dfb0d0 nmethod 16612 0x0000023698255788 code [0x0000023698255880, 0x0000023698255c00]
Event: 131.102 Thread 0x00000236c4dfb0d0 16613       3       org.gradle.kotlin.dsl.provider.plugins.DefaultProjectSchemaProviderKt::toConfigurationEntry (42 bytes)
Event: 131.102 Thread 0x00000236cf7f6140 16614       3       org.gradle.kotlin.dsl.accessors.ConfigurationEntry::<init> (21 bytes)
Event: 131.102 Thread 0x00000236cf7f6140 nmethod 16614 0x0000023698255c88 code [0x0000023698255d80, 0x0000023698256488]
Event: 131.102 Thread 0x00000236cf7f6140 16615       3       org.gradle.api.internal.artifacts.configurations.DefaultLegacyConfiguration_Decorated::getDeclarationAlternatives (40 bytes)
Event: 131.103 Thread 0x00000236c4df4940 nmethod 16605 0x00000236a7457e08 code [0x00000236a7457f00, 0x00000236a74588c0]
Event: 131.103 Thread 0x00000236c4df4940 16606       4       java.security.MessageDigest$Delegate::clone (51 bytes)
Event: 131.103 Thread 0x00000236c4dfb0d0 nmethod 16613 0x0000023698256508 code [0x0000023698256600, 0x00000236982574f8]
Event: 131.103 Thread 0x00000236cf7f6140 nmethod 16615 0x0000023698257588 code [0x0000023698257680, 0x0000023698257cd0]
Event: 131.108 Thread 0x00000236c4df4940 nmethod 16606 0x00000236a7458908 code [0x00000236a7458a00, 0x00000236a74592e8]
Event: 131.108 Thread 0x00000236c4df4940 16607       4       org.gradle.internal.hash.Hashing$MessageDigestHasher::<init> (25 bytes)
Event: 131.112 Thread 0x00000236c4df4940 nmethod 16607 0x00000236a7459308 code [0x00000236a7459400, 0x00000236a7459798]
Event: 131.112 Thread 0x00000236c4df4940 16608       4       sun.security.provider.MD5::clone (24 bytes)
Event: 131.115 Thread 0x00000236c4df4940 nmethod 16608 0x00000236a7459808 code [0x00000236a7459900, 0x00000236a7459e20]
Event: 131.115 Thread 0x00000236c4df4940 16616       4       java.security.MessageDigestSpi::clone (46 bytes)
Event: 131.117 Thread 0x00000236c4df4940 nmethod 16616 0x00000236a7459e88 code [0x00000236a7459f80, 0x00000236a745a0c8]
Event: 131.117 Thread 0x00000236c4df4940 16285       4       org.gradle.internal.operations.DefaultBuildOperationRunner$BuildOperationTrackingListener::start (53 bytes)
Event: 131.143 Thread 0x00000236c4dfb0d0 16618       3       java.net.URLClassLoader::getPermissions (13 bytes)
Event: 131.144 Thread 0x00000236c4dfb0d0 nmethod 16618 0x0000023698257d08 code [0x0000023698257e20, 0x0000023698258398]

GC Heap Usage History (20 events):
Event: 75.343 {heap Before GC invocations=37 (full 0):
 garbage-first heap   total reserved 8388608K, committed 196608K, used 168537K [0x0000000600000000, 0x0000000800000000)
  region size 4M, 26 eden (104M), 2 survivor (8M), 14 old (56M), 1 humongous (4M), 5 free (20M)
}
Event: 75.437 {heap After GC invocations=38 (full 0):
 garbage-first heap   total reserved 8388608K, committed 196608K, used 73948K [0x0000000600000000, 0x0000000800000000)
  region size 4M, 0 eden (0M), 4 survivor (16M), 14 old (56M), 1 humongous (4M), 29 free (116M)
}
Event: 112.575 {heap Before GC invocations=38 (full 0):
 garbage-first heap   total reserved 8388608K, committed 196608K, used 168156K [0x0000000600000000, 0x0000000800000000)
  region size 4M, 24 eden (96M), 4 survivor (16M), 14 old (56M), 1 humongous (4M), 5 free (20M)
}
Event: 113.950 {heap After GC invocations=39 (full 0):
 garbage-first heap   total reserved 8388608K, committed 196608K, used 80142K [0x0000000600000000, 0x0000000800000000)
  region size 4M, 0 eden (0M), 4 survivor (16M), 15 old (60M), 1 humongous (4M), 28 free (112M)
}
Event: 114.006 {heap Before GC invocations=39 (full 0):
 garbage-first heap   total reserved 8388608K, committed 196608K, used 84238K [0x0000000600000000, 0x0000000800000000)
  region size 4M, 1 eden (4M), 4 survivor (16M), 15 old (60M), 1 humongous (4M), 27 free (108M)
}
Event: 114.021 {heap After GC invocations=40 (full 0):
 garbage-first heap   total reserved 8388608K, committed 196608K, used 82504K [0x0000000600000000, 0x0000000800000000)
  region size 4M, 0 eden (0M), 1 survivor (4M), 19 old (76M), 1 humongous (4M), 27 free (108M)
}
Event: 117.296 {heap Before GC invocations=40 (full 0):
 garbage-first heap   total reserved 8388608K, committed 196608K, used 172616K [0x0000000600000000, 0x0000000800000000)
  region size 4M, 23 eden (92M), 1 survivor (4M), 19 old (76M), 1 humongous (4M), 4 free (16M)
}
Event: 117.310 {heap After GC invocations=41 (full 0):
 garbage-first heap   total reserved 8388608K, committed 196608K, used 97723K [0x0000000600000000, 0x0000000800000000)
  region size 4M, 0 eden (0M), 3 survivor (12M), 20 old (80M), 1 humongous (4M), 24 free (96M)
}
Event: 117.881 {heap Before GC invocations=41 (full 0):
 garbage-first heap   total reserved 8388608K, committed 196608K, used 122299K [0x0000000600000000, 0x0000000800000000)
  region size 4M, 7 eden (28M), 3 survivor (12M), 20 old (80M), 1 humongous (4M), 17 free (68M)
}
Event: 117.987 {heap After GC invocations=42 (full 0):
 garbage-first heap   total reserved 8388608K, committed 589824K, used 99691K [0x0000000600000000, 0x0000000800000000)
  region size 4M, 0 eden (0M), 1 survivor (4M), 24 old (96M), 1 humongous (4M), 118 free (472M)
}
Event: 120.409 {heap Before GC invocations=42 (full 0):
 garbage-first heap   total reserved 8388608K, committed 589824K, used 185707K [0x0000000600000000, 0x0000000800000000)
  region size 4M, 22 eden (88M), 1 survivor (4M), 24 old (96M), 1 humongous (4M), 96 free (384M)
}
Event: 120.418 {heap After GC invocations=43 (full 0):
 garbage-first heap   total reserved 8388608K, committed 589824K, used 107062K [0x0000000600000000, 0x0000000800000000)
  region size 4M, 0 eden (0M), 3 survivor (12M), 24 old (96M), 1 humongous (4M), 116 free (464M)
}
Event: 121.569 {heap Before GC invocations=43 (full 0):
 garbage-first heap   total reserved 8388608K, committed 589824K, used 172598K [0x0000000600000000, 0x0000000800000000)
  region size 4M, 16 eden (64M), 3 survivor (12M), 24 old (96M), 1 humongous (4M), 100 free (400M)
}
Event: 121.576 {heap After GC invocations=44 (full 0):
 garbage-first heap   total reserved 8388608K, committed 589824K, used 113821K [0x0000000600000000, 0x0000000800000000)
  region size 4M, 0 eden (0M), 2 survivor (8M), 26 old (104M), 1 humongous (4M), 115 free (460M)
}
Event: 123.208 {heap Before GC invocations=44 (full 0):
 garbage-first heap   total reserved 8388608K, committed 589824K, used 212125K [0x0000000600000000, 0x0000000800000000)
  region size 4M, 24 eden (96M), 2 survivor (8M), 26 old (104M), 1 humongous (4M), 91 free (364M)
}
Event: 123.217 {heap After GC invocations=45 (full 0):
 garbage-first heap   total reserved 8388608K, committed 589824K, used 117829K [0x0000000600000000, 0x0000000800000000)
  region size 4M, 0 eden (0M), 3 survivor (12M), 26 old (104M), 1 humongous (4M), 114 free (456M)
}
Event: 128.436 {heap Before GC invocations=45 (full 0):
 garbage-first heap   total reserved 8388608K, committed 589824K, used 236613K [0x0000000600000000, 0x0000000800000000)
  region size 4M, 29 eden (116M), 3 survivor (12M), 26 old (104M), 1 humongous (4M), 85 free (340M)
}
Event: 128.447 {heap After GC invocations=46 (full 0):
 garbage-first heap   total reserved 8388608K, committed 589824K, used 123691K [0x0000000600000000, 0x0000000800000000)
  region size 4M, 0 eden (0M), 3 survivor (12M), 27 old (108M), 1 humongous (4M), 113 free (452M)
}
Event: 130.963 {heap Before GC invocations=46 (full 0):
 garbage-first heap   total reserved 8388608K, committed 589824K, used 320299K [0x0000000600000000, 0x0000000800000000)
  region size 4M, 49 eden (196M), 3 survivor (12M), 27 old (108M), 1 humongous (4M), 64 free (256M)
}
Event: 130.982 {heap After GC invocations=47 (full 0):
 garbage-first heap   total reserved 8388608K, committed 589824K, used 141829K [0x0000000600000000, 0x0000000800000000)
  region size 4M, 0 eden (0M), 7 survivor (28M), 27 old (108M), 1 humongous (4M), 109 free (436M)
}

Metaspace Usage History (20 events):
Event: 75.343 {metaspace Before GC invocations=37 (full 0):
 Metaspace       used 77765K, committed 80128K, reserved 1179648K
  class space    used 11764K, committed 12864K, reserved 1048576K
}
Event: 75.437 {metaspace After GC invocations=38 (full 0):
 Metaspace       used 77765K, committed 80128K, reserved 1179648K
  class space    used 11764K, committed 12864K, reserved 1048576K
}
Event: 112.654 {metaspace Before GC invocations=38 (full 0):
 Metaspace       used 78845K, committed 81152K, reserved 1179648K
  class space    used 11850K, committed 12928K, reserved 1048576K
}
Event: 113.950 {metaspace After GC invocations=39 (full 0):
 Metaspace       used 78845K, committed 81152K, reserved 1179648K
  class space    used 11850K, committed 12928K, reserved 1048576K
}
Event: 114.006 {metaspace Before GC invocations=39 (full 0):
 Metaspace       used 78845K, committed 81152K, reserved 1179648K
  class space    used 11850K, committed 12928K, reserved 1048576K
}
Event: 114.021 {metaspace After GC invocations=40 (full 0):
 Metaspace       used 78845K, committed 81152K, reserved 1179648K
  class space    used 11850K, committed 12928K, reserved 1048576K
}
Event: 117.297 {metaspace Before GC invocations=40 (full 0):
 Metaspace       used 82231K, committed 84608K, reserved 1179648K
  class space    used 12207K, committed 13312K, reserved 1048576K
}
Event: 117.310 {metaspace After GC invocations=41 (full 0):
 Metaspace       used 82231K, committed 84608K, reserved 1179648K
  class space    used 12207K, committed 13312K, reserved 1048576K
}
Event: 117.881 {metaspace Before GC invocations=41 (full 0):
 Metaspace       used 85313K, committed 87616K, reserved 1179648K
  class space    used 12534K, committed 13632K, reserved 1048576K
}
Event: 117.987 {metaspace After GC invocations=42 (full 0):
 Metaspace       used 85313K, committed 87616K, reserved 1179648K
  class space    used 12534K, committed 13632K, reserved 1048576K
}
Event: 120.409 {metaspace Before GC invocations=42 (full 0):
 Metaspace       used 90287K, committed 92736K, reserved 1179648K
  class space    used 13220K, committed 14400K, reserved 1048576K
}
Event: 120.418 {metaspace After GC invocations=43 (full 0):
 Metaspace       used 90287K, committed 92736K, reserved 1179648K
  class space    used 13220K, committed 14400K, reserved 1048576K
}
Event: 121.569 {metaspace Before GC invocations=43 (full 0):
 Metaspace       used 94756K, committed 97152K, reserved 1179648K
  class space    used 13872K, committed 15040K, reserved 1048576K
}
Event: 121.576 {metaspace After GC invocations=44 (full 0):
 Metaspace       used 94756K, committed 97152K, reserved 1179648K
  class space    used 13872K, committed 15040K, reserved 1048576K
}
Event: 123.209 {metaspace Before GC invocations=44 (full 0):
 Metaspace       used 101351K, committed 103872K, reserved 1179648K
  class space    used 14915K, committed 16128K, reserved 1048576K
}
Event: 123.217 {metaspace After GC invocations=45 (full 0):
 Metaspace       used 101351K, committed 103872K, reserved 1179648K
  class space    used 14915K, committed 16128K, reserved 1048576K
}
Event: 128.436 {metaspace Before GC invocations=45 (full 0):
 Metaspace       used 109450K, committed 111936K, reserved 1179648K
  class space    used 16065K, committed 17280K, reserved 1048576K
}
Event: 128.447 {metaspace After GC invocations=46 (full 0):
 Metaspace       used 109450K, committed 111936K, reserved 1179648K
  class space    used 16065K, committed 17280K, reserved 1048576K
}
Event: 130.964 {metaspace Before GC invocations=46 (full 0):
 Metaspace       used 111412K, committed 113984K, reserved 1179648K
  class space    used 16356K, committed 17600K, reserved 1048576K
}
Event: 130.982 {metaspace After GC invocations=47 (full 0):
 Metaspace       used 111412K, committed 113984K, reserved 1179648K
  class space    used 16356K, committed 17600K, reserved 1048576K
}

Dll operation events (20 events):
Event: 0.133 Attempting to load shared library C:\Program Files\Java\jdk-26.0.1\bin\zip.dll
Event: 0.133 Loaded shared library C:\Program Files\Java\jdk-26.0.1\bin\zip.dll
Event: 0.584 Attempting to load shared library C:\Program Files\Java\jdk-26.0.1\bin\jimage.dll
Event: 0.584 Loaded shared library C:\Program Files\Java\jdk-26.0.1\bin\jimage.dll
Event: 0.980 Attempting to load shared library C:\Program Files\Java\jdk-26.0.1\bin\verify.dll
Event: 0.985 Loaded shared library C:\Program Files\Java\jdk-26.0.1\bin\verify.dll
Event: 1.072 Attempting to load shared library C:\Users\Asus\.gradle\native\1def1411415f61bf3af743bc5b6707747c0891f09f0c88961ee8f79bc544acac\windows-amd64\native-platform.dll
Event: 1.077 Loaded shared library C:\Users\Asus\.gradle\native\1def1411415f61bf3af743bc5b6707747c0891f09f0c88961ee8f79bc544acac\windows-amd64\native-platform.dll
Event: 1.119 Attempting to load shared library C:\Users\Asus\.gradle\native\0.2.8\x86_64-windows-gnu\gradle-fileevents.dll
Event: 1.133 Loaded shared library C:\Users\Asus\.gradle\native\0.2.8\x86_64-windows-gnu\gradle-fileevents.dll
Event: 3.589 Attempting to load shared library C:\Program Files\Java\jdk-26.0.1\bin\management.dll
Event: 3.591 Loaded shared library C:\Program Files\Java\jdk-26.0.1\bin\management.dll
Event: 3.593 Attempting to load shared library C:\Program Files\Java\jdk-26.0.1\bin\management_ext.dll
Event: 3.595 Loaded shared library C:\Program Files\Java\jdk-26.0.1\bin\management_ext.dll
Event: 3.785 Attempting to load shared library C:\Program Files\Java\jdk-26.0.1\bin\extnet.dll
Event: 3.786 Loaded shared library C:\Program Files\Java\jdk-26.0.1\bin\extnet.dll
Event: 4.078 Attempting to load shared library C:\Program Files\Java\jdk-26.0.1\bin\sunmscapi.dll
Event: 4.089 Loaded shared library C:\Program Files\Java\jdk-26.0.1\bin\sunmscapi.dll
Event: 59.581 Attempting to load shared library C:\Program Files\Java\jdk-26.0.1\bin\rmi.dll
Event: 59.589 Loaded shared library C:\Program Files\Java\jdk-26.0.1\bin\rmi.dll

Deoptimization events (20 events):
Event: 130.993 Thread 0x00000236cbabe000 DEOPT PACKING pc=0x00000236a72333fc sp=0x0000008d96eff220
Event: 130.993 Thread 0x00000236cbabe000 DEOPT UNPACKING pc=0x00000236a6792602 sp=0x0000008d96eff118 mode 2
Event: 130.998 Thread 0x00000236cbabe000 Uncommon trap: trap_request=0xffffffc6 fr.pc=0x00000236a72333fc relative=0x00000000000005fc
Event: 130.998 Thread 0x00000236cbabe000 Uncommon trap: reason=bimorphic_or_optimized_type_check action=maybe_recompile pc=0x00000236a72333fc method=java.util.HashMap.removeNode(ILjava/lang/Object;Ljava/lang/Object;ZZ)Ljava/util/HashMap$Node; @ 68 c2
Event: 130.998 Thread 0x00000236cbabe000 DEOPT PACKING pc=0x00000236a72333fc sp=0x0000008d96eff220
Event: 130.998 Thread 0x00000236cbabe000 DEOPT UNPACKING pc=0x00000236a6792602 sp=0x0000008d96eff118 mode 2
Event: 130.999 Thread 0x00000236cbd54500 Uncommon trap: trap_request=0xffffffc6 fr.pc=0x00000236a7200030 relative=0x0000000000000fb0
Event: 130.999 Thread 0x00000236cbd54500 Uncommon trap: reason=bimorphic_or_optimized_type_check action=maybe_recompile pc=0x00000236a7200030 method=java.util.concurrent.ConcurrentHashMap.putVal(Ljava/lang/Object;Ljava/lang/Object;Z)Ljava/lang/Object; @ 159 c2
Event: 130.999 Thread 0x00000236cbd54500 DEOPT PACKING pc=0x00000236a7200030 sp=0x0000008d96bf76e0
Event: 130.999 Thread 0x00000236cbd54500 DEOPT UNPACKING pc=0x00000236a6792602 sp=0x0000008d96bf7660 mode 2
Event: 131.005 Thread 0x00000236cbabe000 Uncommon trap: trap_request=0xffffffc6 fr.pc=0x00000236a72333fc relative=0x00000000000005fc
Event: 131.005 Thread 0x00000236cbabe000 Uncommon trap: reason=bimorphic_or_optimized_type_check action=maybe_recompile pc=0x00000236a72333fc method=java.util.HashMap.removeNode(ILjava/lang/Object;Ljava/lang/Object;ZZ)Ljava/util/HashMap$Node; @ 68 c2
Event: 131.005 Thread 0x00000236cbabe000 DEOPT PACKING pc=0x00000236a72333fc sp=0x0000008d96eff220
Event: 131.005 Thread 0x00000236cbabe000 DEOPT UNPACKING pc=0x00000236a6792602 sp=0x0000008d96eff118 mode 2
Event: 131.008 Thread 0x00000236cbabe000 Uncommon trap: trap_request=0xffffffc6 fr.pc=0x00000236a72318a0 relative=0x00000000000005a0
Event: 131.008 Thread 0x00000236cbabe000 Uncommon trap: reason=bimorphic_or_optimized_type_check action=maybe_recompile pc=0x00000236a72318a0 method=java.util.HashMap.removeNode(ILjava/lang/Object;Ljava/lang/Object;ZZ)Ljava/util/HashMap$Node; @ 68 c2
Event: 131.008 Thread 0x00000236cbabe000 DEOPT PACKING pc=0x00000236a72318a0 sp=0x0000008d96eff180
Event: 131.008 Thread 0x00000236cbabe000 DEOPT UNPACKING pc=0x00000236a6792602 sp=0x0000008d96eff118 mode 2
Event: 131.032 Thread 0x00000236cbd54500 DEOPT PACKING pc=0x0000023696d7532e sp=0x0000008d96bf6460
Event: 131.033 Thread 0x00000236cbd54500 DEOPT UNPACKING pc=0x00000236a66c1a02 sp=0x0000008d96bf5948 mode 0

Classes loaded (20 events):
Event: 123.762 Loading class java/util/Currency
Event: 123.763 Loading class java/util/Currency done
Event: 123.807 Loading class jdk/internal/vm/annotation/ForceInline
Event: 123.807 Loading class jdk/internal/vm/annotation/ForceInline done
Event: 123.808 Loading class java/lang/reflect/Field$FieldSetter
Event: 123.808 Loading class java/lang/reflect/Field$FieldSetter done
Event: 123.810 Loading class java/lang/Module$EnableFinalMutation
Event: 123.810 Loading class java/lang/Module$EnableFinalMutation done
Event: 123.810 Loading class jdk/internal/event/FinalFieldMutationEvent
Event: 123.812 Loading class jdk/internal/event/FinalFieldMutationEvent done
Event: 123.850 Loading class sun/reflect/generics/repository/FieldRepository
Event: 123.850 Loading class sun/reflect/generics/repository/FieldRepository done
Event: 128.164 Loading class java/lang/StackTraceElement$HashedModules
Event: 128.165 Loading class java/lang/StackTraceElement$HashedModules done
Event: 128.225 Loading class java/io/CharArrayReader
Event: 128.226 Loading class java/io/CharArrayReader done
Event: 128.496 Loading class java/util/Collections$ReverseComparator
Event: 128.497 Loading class java/util/Collections$ReverseComparator done
Event: 128.497 Loading class java/util/Collections$ReverseComparator2
Event: 128.497 Loading class java/util/Collections$ReverseComparator2 done

Classes unloaded (0 events):
No events

Classes redefined (0 events):
No events

Internal exceptions (20 events):
Event: 122.600 Thread 0x00000236cbd54500 Implicit null exception at 0x00000236a7384900 to 0x00000236a73851c4
Event: 123.809 Thread 0x00000236cbd54500 Exception <a 'java/lang/NoSuchMethodError'{0x0000000620ea2038}: 'void java.lang.invoke.Invokers$Holder.invokeExact_MT(java.lang.Object, java.lang.Object, java.lang.Object, java.lang.Object)'> (0x0000000620ea2038) 
thrown [s\open\src\hotspot\share\interpreter\linkResolver.cpp, line 804]
Event: 123.851 Thread 0x00000236cbd54500 Exception <a 'java/lang/NoSuchMethodError'{0x00000006208f6f10}: 'void java.lang.invoke.Invokers$Holder.invokeExact_MT(java.lang.Object, java.lang.Object, int, java.lang.Object)'> (0x00000006208f6f10) 
thrown [s\open\src\hotspot\share\interpreter\linkResolver.cpp, line 804]
Event: 124.240 Thread 0x00000236cbd54500 Exception <a 'java/lang/NoSuchMethodError'{0x000000061f2bc040}: 'java.lang.Object java.lang.invoke.DelegatingMethodHandle$Holder.reinvoke_L(java.lang.Object, java.lang.Object, int, int, int, int, int, int, java.lang.Object, int, int, int, int, java.lang.Object)'> (0x000000061f2bc040) 
thrown [s\open\src\hotspot\share\interpreter\linkResolver.cpp, line 804]
Event: 124.241 Thread 0x00000236cbd54500 Implicit null exception at 0x00000236a7362f9a to 0x00000236a7362ff0
Event: 127.147 Thread 0x00000236cbd54500 Exception <a 'java/lang/ClassNotFoundException'{0x000000061ea66768}: com/android/build/gradle/internal/api/ApkVariantOutputImpl_DecoratedBeanInfo> (0x000000061ea66768) 
thrown [s\open\src\hotspot\share\classfile\systemDictionary.cpp, line 329]
Event: 127.151 Thread 0x00000236cbd54500 Exception <a 'java/lang/ClassNotFoundException'{0x000000061ea76718}: com/android/build/gradle/internal/api/ApkVariantOutputImplBeanInfo> (0x000000061ea76718) 
thrown [s\open\src\hotspot\share\classfile\systemDictionary.cpp, line 329]
Event: 127.152 Thread 0x00000236cbd54500 Exception <a 'java/lang/ClassNotFoundException'{0x000000061ea866e8}: com/android/build/gradle/internal/api/BaseVariantOutputImplBeanInfo> (0x000000061ea866e8) 
thrown [s\open\src\hotspot\share\classfile\systemDictionary.cpp, line 329]
Event: 127.154 Thread 0x00000236cbd54500 Exception <a 'java/lang/ClassNotFoundException'{0x000000061ea966a8}: com/android/build/gradle/internal/api/BaseVariantOutputImplCustomizer> (0x000000061ea966a8) 
thrown [s\open\src\hotspot\share\classfile\systemDictionary.cpp, line 329]
Event: 127.157 Thread 0x00000236cbd54500 Exception <a 'java/lang/ClassNotFoundException'{0x000000061eab9a90}: com/android/build/gradle/internal/api/ApkVariantOutputImplCustomizer> (0x000000061eab9a90) 
thrown [s\open\src\hotspot\share\classfile\systemDictionary.cpp, line 329]
Event: 127.158 Thread 0x00000236cbd54500 Exception <a 'java/lang/ClassNotFoundException'{0x000000061ead8870}: com/android/build/gradle/internal/api/ApkVariantOutputImpl_DecoratedCustomizer> (0x000000061ead8870) 
thrown [s\open\src\hotspot\share\classfile\systemDictionary.cpp, line 329]
Event: 127.465 Thread 0x00000236cbd54500 Exception <a 'java/lang/ClassNotFoundException'{0x000000061e146ef8}: com/android/build/gradle/internal/api/ReadOnlyBuildTypeBeanInfo> (0x000000061e146ef8) 
thrown [s\open\src\hotspot\share\classfile\systemDictionary.cpp, line 329]
Event: 127.465 Thread 0x00000236cbd54500 Exception <a 'java/lang/ClassNotFoundException'{0x000000061e156e58}: com/android/build/gradle/internal/api/ReadOnlyBaseConfigBeanInfo> (0x000000061e156e58) 
thrown [s\open\src\hotspot\share\classfile\systemDictionary.cpp, line 329]
Event: 127.466 Thread 0x00000236cbd54500 Exception <a 'java/lang/ClassNotFoundException'{0x000000061e166dd0}: com/android/build/gradle/internal/api/ReadOnlyBaseConfigCustomizer> (0x000000061e166dd0) 
thrown [s\open\src\hotspot\share\classfile\systemDictionary.cpp, line 329]
Event: 127.468 Thread 0x00000236cbd54500 Exception <a 'java/lang/ClassNotFoundException'{0x000000061e187af0}: com/android/build/gradle/internal/api/ReadOnlyBuildTypeCustomizer> (0x000000061e187af0) 
thrown [s\open\src\hotspot\share\classfile\systemDictionary.cpp, line 329]
Event: 130.344 Thread 0x00000236cbd54500 Exception <a 'java/lang/NoSuchMethodError'{0x0000000618b46f58}: 'java.lang.Object java.lang.invoke.DirectMethodHandle$Holder.invokeStatic(java.lang.Object, java.lang.Object, int, java.lang.Object, int)'> (0x0000000618b46f58) 
thrown [s\open\src\hotspot\share\interpreter\linkResolver.cpp, line 804]
Event: 130.694 Thread 0x00000236cbd54500 Exception <a 'java/lang/ClassNotFoundException'{0x000000061757d040}: com/android/build/gradle/internal/api/LibraryVariantOutputImpl_DecoratedBeanInfo> (0x000000061757d040) 
thrown [s\open\src\hotspot\share\classfile\systemDictionary.cpp, line 329]
Event: 130.695 Thread 0x00000236cbd54500 Exception <a 'java/lang/ClassNotFoundException'{0x0000000617588a98}: com/android/build/gradle/internal/api/LibraryVariantOutputImplBeanInfo> (0x0000000617588a98) 
thrown [s\open\src\hotspot\share\classfile\systemDictionary.cpp, line 329]
Event: 130.696 Thread 0x00000236cbd54500 Exception <a 'java/lang/ClassNotFoundException'{0x0000000617594208}: com/android/build/gradle/internal/api/LibraryVariantOutputImplCustomizer> (0x0000000617594208) 
thrown [s\open\src\hotspot\share\classfile\systemDictionary.cpp, line 329]
Event: 130.697 Thread 0x00000236cbd54500 Exception <a 'java/lang/ClassNotFoundException'{0x00000006175a8768}: com/android/build/gradle/internal/api/LibraryVariantOutputImpl_DecoratedCustomizer> (0x00000006175a8768) 
thrown [s\open\src\hotspot\share\classfile\systemDictionary.cpp, line 329]

VM Operations (20 events):
Event: 120.409 Executing safepoint VM operation: G1CollectForAllocation (G1 Evacuation Pause)
Event: 120.418 Executing safepoint VM operation: G1CollectForAllocation (G1 Evacuation Pause) done
Event: 120.418 Executing non-safepoint VM operation: HandshakeAllThreads (DeflationHandshakeClosure)
Event: 120.419 Executing non-safepoint VM operation: HandshakeAllThreads (DeflationHandshakeClosure) done
Event: 120.419 Executing non-safepoint VM operation: RendezvousGCThreads
Event: 120.419 Executing non-safepoint VM operation: RendezvousGCThreads done
Event: 121.569 Executing safepoint VM operation: G1CollectForAllocation (G1 Evacuation Pause)
Event: 121.576 Executing safepoint VM operation: G1CollectForAllocation (G1 Evacuation Pause) done
Event: 121.878 Executing non-safepoint VM operation: HandshakeAllThreads (Deoptimize)
Event: 121.878 Executing non-safepoint VM operation: HandshakeAllThreads (Deoptimize) done
Event: 122.790 Executing non-safepoint VM operation: HandshakeAllThreads (Deoptimize)
Event: 122.791 Executing non-safepoint VM operation: HandshakeAllThreads (Deoptimize) done
Event: 123.208 Executing safepoint VM operation: G1CollectForAllocation (G1 Evacuation Pause)
Event: 123.217 Executing safepoint VM operation: G1CollectForAllocation (G1 Evacuation Pause) done
Event: 123.721 Executing non-safepoint VM operation: HandshakeAllThreads (Deoptimize)
Event: 123.722 Executing non-safepoint VM operation: HandshakeAllThreads (Deoptimize) done
Event: 128.436 Executing safepoint VM operation: G1CollectForAllocation (G1 Evacuation Pause)
Event: 128.447 Executing safepoint VM operation: G1CollectForAllocation (G1 Evacuation Pause) done
Event: 130.963 Executing safepoint VM operation: G1CollectForAllocation (G1 Evacuation Pause)
Event: 130.982 Executing safepoint VM operation: G1CollectForAllocation (G1 Evacuation Pause) done

Memory protections (0 events):
No events

Nmethod flushes (20 events):
Event: 53.058 Thread 0x00000236c4dc0850 flushing  nmethod 0x0000023696af8688
Event: 53.058 Thread 0x00000236c4dc0850 flushing  nmethod 0x0000023696af9988
Event: 53.058 Thread 0x00000236c4dc0850 flushing  nmethod 0x0000023696b85288
Event: 53.058 Thread 0x00000236c4dc0850 flushing  nmethod 0x0000023696d8f688
Event: 53.058 Thread 0x00000236c4dc0850 flushing  nmethod 0x0000023696b42e08
Event: 53.058 Thread 0x00000236c4dc0850 flushing  nmethod 0x0000023697056508
Event: 53.058 Thread 0x00000236c4dc0850 flushing  nmethod 0x0000023696b20408
Event: 53.058 Thread 0x00000236c4dc0850 flushing  nmethod 0x0000023696cbb008
Event: 53.058 Thread 0x00000236c4dc0850 flushing  nmethod 0x0000023696cbb308
Event: 53.058 Thread 0x00000236c4dc0850 flushing  nmethod 0x0000023696e9e488
Event: 53.058 Thread 0x00000236c4dc0850 flushing  nmethod 0x0000023696ad9508
Event: 53.058 Thread 0x00000236c4dc0850 flushing  nmethod 0x0000023696e8d388
Event: 53.058 Thread 0x00000236c4dc0850 flushing  nmethod 0x0000023696a7db08
Event: 53.058 Thread 0x00000236c4dc0850 flushing  nmethod 0x0000023696ab5e08
Event: 53.058 Thread 0x00000236c4dc0850 flushing  nmethod 0x00000236a6e18388
Event: 53.058 Thread 0x00000236c4dc0850 flushing  nmethod 0x000002369713a188
Event: 53.058 Thread 0x00000236c4dc0850 flushing  nmethod 0x000002369713a508
Event: 53.058 Thread 0x00000236c4dc0850 flushing  nmethod 0x000002369713ad08
Event: 53.058 Thread 0x00000236c4dc0850 flushing  nmethod 0x00000236a6e40008
Event: 53.058 Thread 0x00000236c4dc0850 flushing  nmethod 0x0000023697098808

Events (20 events):
Event: 128.589 Thread 0x00000236cbd54500 Thread added: 0x00000236d41c9850
Event: 128.589 Thread 0x00000236cbd54500 Thread added: 0x00000236d41cafc0
Event: 128.589 Thread 0x00000236cbd54500 Thread added: 0x00000236d41ca7f0
Event: 128.589 Thread 0x00000236cbd54500 Thread added: 0x00000236d41cb790
Event: 128.589 Thread 0x00000236cbd54500 Thread added: 0x00000236d41cc730
Event: 128.590 Thread 0x00000236cbd54500 Thread added: 0x00000236d41cbf60
Event: 128.590 Thread 0x00000236cbd54500 Thread added: 0x00000236cf254cb0
Event: 128.590 Thread 0x00000236cbd54500 Thread added: 0x00000236cf255c50
Event: 128.590 Thread 0x00000236cbd54500 Thread added: 0x00000236cf253d10
Event: 128.724 Thread 0x00000236cbd54500 Thread added: 0x00000236ce6ab260
Event: 128.726 Thread 0x00000236cbd54500 Thread added: 0x00000236cf3f3940
Event: 128.727 Thread 0x00000236cbd54500 Thread added: 0x00000236cf3f1230
Event: 128.729 Thread 0x00000236cbd54500 Thread added: 0x00000236cf3f0a60
Event: 128.731 Thread 0x00000236cbd54500 Thread added: 0x00000236cf3f1a00
Event: 128.734 Thread 0x00000236cbd54500 Thread added: 0x00000236cf3f21d0
Event: 128.737 Thread 0x00000236cbd54500 Thread added: 0x00000236cf3f29a0
Event: 128.739 Thread 0x00000236cbd54500 Thread added: 0x00000236cf3f0290
Event: 128.741 Thread 0x00000236cbd54500 Thread added: 0x00000236ceb0de40
Event: 129.323 Thread 0x00000236c4df4940 Thread added: 0x00000236cdfe1c60
Event: 130.279 Thread 0x00000236cdfe1c60 Thread exited: 0x00000236cdfe1c60


Dynamic libraries:
0x00007ff6620d0000 - 0x00007ff6620e0000 	C:\Program Files\Java\jdk-26.0.1\bin\java.exe
0x00007ffc5fb00000 - 0x00007ffc5fd66000 	C:\WINDOWS\SYSTEM32\ntdll.dll
0x00007ffc5e8a0000 - 0x00007ffc5e969000 	C:\WINDOWS\System32\KERNEL32.DLL
0x00007ffc5d000000 - 0x00007ffc5d3fe000 	C:\WINDOWS\System32\KERNELBASE.dll
0x00007ffc5cd20000 - 0x00007ffc5ce6c000 	C:\WINDOWS\System32\ucrtbase.dll
0x00007ffc4c560000 - 0x00007ffc4c57e000 	C:\Program Files\Java\jdk-26.0.1\bin\VCRUNTIME140.dll
0x00007ffc52330000 - 0x00007ffc52347000 	C:\Program Files\Java\jdk-26.0.1\bin\jli.dll
0x00007ffc5f110000 - 0x00007ffc5f2d7000 	C:\WINDOWS\System32\USER32.dll
0x00007ffc5cf40000 - 0x00007ffc5cf67000 	C:\WINDOWS\System32\win32u.dll
0x00007ffc49a30000 - 0x00007ffc49cc2000 	C:\WINDOWS\WinSxS\amd64_microsoft.windows.common-controls_6595b64144ccf1df_6.0.26100.8875_none_3e0d5d42e32fe9dd\COMCTL32.dll
0x00007ffc5fa90000 - 0x00007ffc5fabb000 	C:\WINDOWS\System32\GDI32.dll
0x00007ffc5d830000 - 0x00007ffc5d8d9000 	C:\WINDOWS\System32\msvcrt.dll
0x00007ffc5d580000 - 0x00007ffc5d6aa000 	C:\WINDOWS\System32\gdi32full.dll
0x00007ffc5d410000 - 0x00007ffc5d4b3000 	C:\WINDOWS\System32\msvcp_win.dll
0x00007ffc5d9a0000 - 0x00007ffc5d9d2000 	C:\WINDOWS\System32\IMM32.DLL
0x00007ffc51b90000 - 0x00007ffc51b9c000 	C:\Program Files\Java\jdk-26.0.1\bin\vcruntime140_1.dll
0x00007ffc25620000 - 0x00007ffc256ad000 	C:\Program Files\Java\jdk-26.0.1\bin\msvcp140.dll
0x00007ffbde070000 - 0x00007ffbdef3e000 	C:\Program Files\Java\jdk-26.0.1\bin\server\jvm.dll
0x00007ffc5d8e0000 - 0x00007ffc5d997000 	C:\WINDOWS\System32\ADVAPI32.dll
0x00007ffc5f9b0000 - 0x00007ffc5fa5a000 	C:\WINDOWS\System32\sechost.dll
0x00007ffc5f370000 - 0x00007ffc5f488000 	C:\WINDOWS\System32\RPCRT4.dll
0x00007ffc5f2e0000 - 0x00007ffc5f360000 	C:\WINDOWS\System32\WS2_32.dll
0x00007ffc56640000 - 0x00007ffc5664b000 	C:\WINDOWS\SYSTEM32\VERSION.dll
0x00007ffc553e0000 - 0x00007ffc55416000 	C:\WINDOWS\SYSTEM32\WINMM.dll
0x00007ffc5cb80000 - 0x00007ffc5cbde000 	C:\WINDOWS\SYSTEM32\POWRPROF.dll
0x00007ffc5cb60000 - 0x00007ffc5cb74000 	C:\WINDOWS\SYSTEM32\UMPDC.dll
0x00007ffc5ba00000 - 0x00007ffc5ba1b000 	C:\WINDOWS\SYSTEM32\kernel.appcore.dll
0x00007ffc4d3b0000 - 0x00007ffc4d3ba000 	C:\Program Files\Java\jdk-26.0.1\bin\jimage.dll
0x00007ffc5a400000 - 0x00007ffc5a642000 	C:\WINDOWS\SYSTEM32\DBGHELP.DLL
0x00007ffc5eac0000 - 0x00007ffc5ee43000 	C:\WINDOWS\System32\combase.dll
0x00007ffc5ee60000 - 0x00007ffc5ef39000 	C:\WINDOWS\System32\OLEAUT32.dll
0x00007ffc37bd0000 - 0x00007ffc37c0b000 	C:\WINDOWS\SYSTEM32\dbgcore.DLL
0x00007ffc5d4c0000 - 0x00007ffc5d56c000 	C:\WINDOWS\System32\bcryptPrimitives.dll
0x00007ffc4c950000 - 0x00007ffc4c960000 	C:\Program Files\Java\jdk-26.0.1\bin\instrument.dll
0x00007ffc44180000 - 0x00007ffc4419f000 	C:\Program Files\Java\jdk-26.0.1\bin\java.dll
0x00007ffc5f670000 - 0x00007ffc5f809000 	C:\WINDOWS\System32\ole32.dll
0x00007ffc5d9e0000 - 0x00007ffc5e172000 	C:\WINDOWS\System32\SHELL32.dll
0x00007ffc5a650000 - 0x00007ffc5aee2000 	C:\WINDOWS\SYSTEM32\windows.storage.dll
0x00007ffc5e7a0000 - 0x00007ffc5e897000 	C:\WINDOWS\System32\SHCORE.dll
0x00007ffc5ef40000 - 0x00007ffc5efa7000 	C:\WINDOWS\System32\shlwapi.dll
0x00007ffc5cc40000 - 0x00007ffc5cc69000 	C:\WINDOWS\SYSTEM32\profapi.dll
0x00007ffc440c0000 - 0x00007ffc440d7000 	C:\Program Files\Java\jdk-26.0.1\bin\zip.dll
0x00007ffc40bc0000 - 0x00007ffc40bd2000 	C:\Program Files\Java\jdk-26.0.1\bin\net.dll
0x00007ffc5bfb0000 - 0x00007ffc5c01c000 	C:\WINDOWS\system32\mswsock.dll
0x00007ffc40ba0000 - 0x00007ffc40bb6000 	C:\Program Files\Java\jdk-26.0.1\bin\nio.dll
0x00007ffc4c6c0000 - 0x00007ffc4c6d0000 	C:\Program Files\Java\jdk-26.0.1\bin\verify.dll
0x00007ffc2dbf0000 - 0x00007ffc2dc17000 	C:\Users\Asus\.gradle\native\1def1411415f61bf3af743bc5b6707747c0891f09f0c88961ee8f79bc544acac\windows-amd64\native-platform.dll
0x00007ffc226d0000 - 0x00007ffc22747000 	C:\Users\Asus\.gradle\native\0.2.8\x86_64-windows-gnu\gradle-fileevents.dll
0x00007ffc4c550000 - 0x00007ffc4c55a000 	C:\Program Files\Java\jdk-26.0.1\bin\management.dll
0x00007ffc48c50000 - 0x00007ffc48c5c000 	C:\Program Files\Java\jdk-26.0.1\bin\management_ext.dll
0x00007ffc5f9a0000 - 0x00007ffc5f9a8000 	C:\WINDOWS\System32\PSAPI.DLL
0x00007ffc5b390000 - 0x00007ffc5b3c3000 	C:\WINDOWS\SYSTEM32\IPHLPAPI.DLL
0x00007ffc5ea00000 - 0x00007ffc5ea0a000 	C:\WINDOWS\System32\NSI.dll
0x00007ffc46ba0000 - 0x00007ffc46ba9000 	C:\Program Files\Java\jdk-26.0.1\bin\extnet.dll
0x00007ffc5c2b0000 - 0x00007ffc5c2cb000 	C:\WINDOWS\SYSTEM32\CRYPTSP.dll
0x00007ffc5b960000 - 0x00007ffc5b999000 	C:\WINDOWS\system32\rsaenh.dll
0x00007ffc5c070000 - 0x00007ffc5c0a2000 	C:\WINDOWS\SYSTEM32\USERENV.dll
0x00007ffc5cc10000 - 0x00007ffc5cc3a000 	C:\WINDOWS\SYSTEM32\bcrypt.dll
0x00007ffc5c2d0000 - 0x00007ffc5c2dc000 	C:\WINDOWS\SYSTEM32\CRYPTBASE.dll
0x00007ffc462a0000 - 0x00007ffc462ae000 	C:\Program Files\Java\jdk-26.0.1\bin\sunmscapi.dll
0x00007ffc5d6b0000 - 0x00007ffc5d828000 	C:\WINDOWS\System32\CRYPT32.dll
0x00007ffc5c4f0000 - 0x00007ffc5c520000 	C:\WINDOWS\SYSTEM32\ncrypt.dll
0x00007ffc5c4a0000 - 0x00007ffc5c4df000 	C:\WINDOWS\SYSTEM32\NTASN1.dll
0x00007ffc55d50000 - 0x00007ffc55d58000 	C:\WINDOWS\system32\wshunix.dll
0x00007ffc4cbf0000 - 0x00007ffc4cbf7000 	C:\Program Files\Java\jdk-26.0.1\bin\rmi.dll

JVMTI agents:
C:\Users\Asus\.gradle\wrapper\dists\gradle-9.1.0-all\7wzd0jkjit61aq2p43wpjgij9\gradle-9.1.0\lib\agents\gradle-instrumentation-agent-9.1.0.jar path:C:\Program Files\Java\jdk-26.0.1\bin\instrument.dll, loaded, initialized, instrumentlib options:none

dbghelp: loaded successfully - version: 4.0.5 - missing functions: none
symbol engine: initialized successfully - sym options: 0x614 - pdb path: .;C:\Program Files\Java\jdk-26.0.1\bin;C:\WINDOWS\SYSTEM32;C:\WINDOWS\WinSxS\amd64_microsoft.windows.common-controls_6595b64144ccf1df_6.0.26100.8875_none_3e0d5d42e32fe9dd;C:\Program Files\Java\jdk-26.0.1\bin\server;C:\Users\Asus\.gradle\native\1def1411415f61bf3af743bc5b6707747c0891f09f0c88961ee8f79bc544acac\windows-amd64;C:\Users\Asus\.gradle\native\0.2.8\x86_64-windows-gnu

VM Arguments:
jvm_args: --add-opens=java.base/java.lang=ALL-UNNAMED --add-opens=java.base/java.lang.invoke=ALL-UNNAMED --add-opens=java.base/java.util=ALL-UNNAMED --add-opens=java.prefs/java.util.prefs=ALL-UNNAMED --add-exports=jdk.compiler/com.sun.tools.javac.api=ALL-UNNAMED --add-exports=jdk.compiler/com.sun.tools.javac.util=ALL-UNNAMED --add-opens=java.base/java.util=ALL-UNNAMED --add-opens=java.prefs/java.util.prefs=ALL-UNNAMED --add-opens=java.base/java.nio.charset=ALL-UNNAMED --add-opens=java.base/java.net=ALL-UNNAMED --add-opens=java.base/java.util.concurrent=ALL-UNNAMED --add-opens=java.base/java.util.concurrent.atomic=ALL-UNNAMED --add-opens=java.xml/javax.xml.namespace=ALL-UNNAMED --add-opens=java.base/java.time=ALL-UNNAMED --enable-native-access=ALL-UNNAMED -XX:MaxMetaspaceSize=4G -XX:ReservedCodeCacheSize=512m -XX:+HeapDumpOnOutOfMemoryError -Xmx8G -Dfile.encoding=UTF-8 -Duser.country=IN -Duser.language=en -Duser.variant -javaagent:C:\Users\Asus\.gradle\wrapper\dists\gradle-9.1.0-all\7wzd0jkjit61aq2p43wpjgij9\gradle-9.1.0\lib\agents\gradle-instrumentation-agent-9.1.0.jar 
java_command: org.gradle.launcher.daemon.bootstrap.GradleDaemon 9.1.0
java_class_path (initial): C:\Users\Asus\.gradle\wrapper\dists\gradle-9.1.0-all\7wzd0jkjit61aq2p43wpjgij9\gradle-9.1.0\lib\gradle-daemon-main-9.1.0.jar
Launcher Type: SUN_STANDARD

[Global flags]
     bool AOTAdapterCaching                        = false                                  {diagnostic} {ergonomic}
     bool AOTInvokeDynamicLinking                  = false                                  {diagnostic} {ergonomic}
     bool AOTRecordTraining                        = false                                  {diagnostic} {ergonomic}
     bool AOTReplayTraining                        = false                                  {diagnostic} {ergonomic}
     bool AOTStubCaching                           = false                                  {diagnostic} {ergonomic}
     intx CICompilerCount                          = 12                                        {product} {ergonomic}
     uint ConcGCThreads                            = 3                                         {product} {ergonomic}
     uint G1ConcRefinementThreads                  = 13                                        {product} {ergonomic}
     uint G1EagerReclaimRemSetThreshold            = 32                                   {experimental} {ergonomic}
   size_t G1HeapRegionSize                         = 4194304                                   {product} {ergonomic}
     uint G1RemSetArrayOfCardsEntries              = 32                                   {experimental} {ergonomic}
     uint G1RemSetHowlMaxNumBuckets                = 8                                    {experimental} {ergonomic}
     uint G1RemSetHowlNumBuckets                   = 8                                    {experimental} {ergonomic}
     bool HeapDumpOnOutOfMemoryError               = true                                   {manageable} {command line}
   size_t InitialHeapSize                          = 8388608                                   {product} {ergonomic}
     bool IntelJccErratumMitigation                = false                             {ARCH diagnostic} {ergonomic}
   size_t MarkStackSize                            = 4194304                                   {product} {ergonomic}
   size_t MarkStackSizeMax                         = 536870912                                 {product} {ergonomic}
   size_t MaxHeapSize                              = 8589934592                                {product} {command line}
   size_t MaxMetaspaceSize                         = 4294967296                                {product} {command line}
   size_t MaxNewSize                               = 5150605312                                {product} {ergonomic}
 uint64_t MaxRAM                                   = 7968243712                                {product} {ergonomic}
   size_t MinHeapDeltaBytes                        = 4194304                                   {product} {ergonomic}
   size_t MinHeapSize                              = 8388608                                   {product} {ergonomic}
   size_t NonNMethodCodeHeapSize                   = 7667712                                {pd product} {ergonomic}
   size_t NonProfiledCodeHeapSize                  = 264634368                              {pd product} {ergonomic}
   size_t ProfiledCodeHeapSize                     = 264634368                              {pd product} {ergonomic}
   size_t ReservedCodeCacheSize                    = 536936448                              {pd product} {command line, ergonomic}
     bool SegmentedCodeCache                       = true                                      {product} {ergonomic}
   size_t SoftMaxHeapSize                          = 8589934592                             {manageable} {ergonomic}
     bool UseCompressedOops                        = true                           {product lp64_product} {ergonomic}
     bool UseCondCardMark                          = true                                      {product} {ergonomic}
     bool UseFastUnorderedTimeStamps               = true                                 {experimental} {ergonomic}
     bool UseG1GC                                  = true                                      {product} {ergonomic}
     bool UseLargePagesIndividualAllocation        = false                                  {pd product} {ergonomic}
      int X86ICacheSync                            = 3                                 {ARCH diagnostic} {ergonomic}

Logging:
Log output configuration:
 #0: stdout all=warning uptime,level,tags foldmultilines=false
 #1: stderr all=off uptime,level,tags foldmultilines=false

Release file:
IMPLEMENTOR="Oracle Corporation" 
JAVA_RUNTIME_VERSION="26.0.1+8-34" 
JAVA_VERSION="26.0.1" 
JAVA_VERSION_DATE="2026-04-21" 
LIBC="default" 
MODULES="java.base java.compiler java.datatransfer java.xml java.prefs java.desktop java.instrument java.logging java.management java.security.sasl java.naming java.rmi java.management.rmi java.net.http java.scripting java.security.jgss java.transaction.xa java.sql java.sql.rowset java.xml.crypto java.se java.smartcardio jdk.accessibility jdk.internal.jvmstat jdk.attach jdk.charsets jdk.internal.opt jdk.zipfs jdk.compiler jdk.crypto.cryptoki jdk.crypto.ec jdk.crypto.mscapi jdk.dynalink jdk.internal.ed jdk.editpad jdk.internal.vm.ci jdk.graal.compiler jdk.graal.compiler.management jdk.hotspot.agent jdk.httpserver jdk.incubator.vector jdk.internal.le jdk.internal.md jdk.jartool jdk.javadoc jdk.jcmd jdk.management jdk.management.agent jdk.jconsole jdk.jdeps jdk.jdwp.agent jdk.jdi jdk.jfr jdk.jlink jdk.jpackage jdk.jshell jdk.jstatd jdk.localedata jdk.management.jfr jdk.naming.dns jdk.naming.rmi jdk.net jdk.nio.mapmode jdk.sctp jdk.security.auth jdk.security.jgss jdk.unsupported jdk.unsupported.desktop jdk.xml.dom" 
OS_ARCH="x86_64" 
OS_NAME="Windows" 
SOURCE=".:git:8fcde8268d22 open:git:fcc00fc4aee7" 

Environment Variables:
PATH=C:\Program Files\Common Files\Oracle\Java\javapath;C:\WINDOWS\system32;C:\WINDOWS;C:\WINDOWS\System32\Wbem;C:\WINDOWS\System32\WindowsPowerShell\v1.0\;C:\WINDOWS\System32\OpenSSH\;C:\Program Files\dotnet\;C:\Program Files\NVIDIA Corporation\NVIDIA App\NvDLISR;C:\Program Files (x86)\NVIDIA Corporation\PhysX\Common;C:\Program Files\Git\cmd;C:\Program Files\Docker\Docker\resources\bin;C:\Program Files\nodejs\;C:\Program Files\PostgreSQL\18\bin;C:\src\flutter\bin;C:\Program Files\GitHub CLI\;C:\Program Files (x86)\Windows Kits\10\Windows Performance Toolkit\;C:\Users\Asus\.local\bin;C:\Users\Asus\AppData\Local\Microsoft\WindowsApps;C:\Users\Asus\AppData\Local\Programs\Microsoft VS Code\bin;C:\Users\Asus\AppData\Local\Python\bin;C:\Users\Asus\AppData\Local\Python\pythoncore-3.14-64\Scripts;C:\ProgramData\Asus\GitHubDesktop\bin;C:\Users\Asus\AppData\Local\GitHubDesktop\bin;C:\Users\Asus\AppData\Local\Programs\cursor\resources\app\bin;C:\Users\Asus\AppData\Roaming\npm;C:\Users\Asus\AppData\Local\Programs\Ollama;C:\Users\Asus\AppData\Local\Programs\Devin\bin;C:\Users\Asus\AppData\Local\Programs\Antigravity IDE\bin
USERNAME=Asus
OS=Windows_NT
PROCESSOR_IDENTIFIER=AMD64 Family 23 Model 96 Stepping 1, AuthenticAMD
TMP=C:\Users\Asus\AppData\Local\Temp
TEMP=C:\Users\Asus\AppData\Local\Temp




Compilation memory statistics disabled.

Periodic native trim disabled

---------------  S Y S T E M  ---------------

OS:
 Windows 11 , 64 bit Build 26100 (10.0.26100.8875)
OS uptime: 0 days 3:38 hours
Hyper-V role detected

CPU: total 16 (initial active 16) (8 cores per cpu, 2 threads per core) family 23 model 96 stepping 1 microcode 0x8600106, cx8, cmov, fxsr, ht, mmx, 3dnowpref, sse, sse2, sse3, ssse3, sse4a, sse4.1, sse4.2, popcnt, lzcnt, tsc, tscinvbit, avx, avx2, aes, clmul, bmi1, bmi2, adx, sha, fma, vzeroupper, clflush, clflushopt, clwb, hv, rdtscp, rdpid, f16c
Processor Information for the first 16 processors :
  Max Mhz: 2901, Current Mhz: 2901, Mhz Limit: 2901

Memory: 4k page, system-wide physical 7599M (383M free)
TotalPageFile size 31151M (AvailPageFile size 15M)
current process WorkingSet (physical memory assigned to process): 522M, peak: 522M
current process commit charge ("private bytes"): 947M, peak: 964M

vm_info: Java HotSpot(TM) 64-Bit Server VM (26.0.1+8-34) for windows-amd64 JRE (26.0.1+8-34), built on 2026-03-10T17:24:10Z with MS VC++ 17.13 (VS2022)

END.
